Resolving dependencies
Resolved, downloaded and extracted [2]
Saved lockfile
env: load .env
env: export EXPO_PUBLIC_LOCAL_API_URL EXPO_PUBLIC_RORK_API_BASE_URL EXPO_PUBLIC_SUPABASE_ANON_KEY EXPO_PUBLIC_SUPABASE_URL EXPO_PUBLIC_TOOLKIT_URL
Starting project at /Users/sharehost/.openclaw/workspace/rork-apparently-app-real-app-main
Starting Metro Bundler

Tunnel connected.
Tunnel ready.
Waiting on http://localhost:8081

Logs for your project will appear below.
iOS Bundled 2695ms node_modules/expo-router/entry.js (3686 modules)
 INFO  [2026-09-09T10:06:29.485Z] [INFO] [SocialContext] Built default state for {"length": 0}
 WARN  Route "./(tabs)/live/room/[roomId].tsx" is missing the required default export. Ensure a React component is exported as default.
 WARN  Route "./(tabs)/live/room/plan-constants.ts" is missing the required default export. Ensure a React component is exported as default.
 WARN  Route "./call/[roomId].tsx" is missing the required default export. Ensure a React component is exported as default.
 WARN  Route "./inbox/[notificationId].tsx" is missing the required default export. Ensure a React component is exported as default.
 WARN  Route "./inbox/conversation/[participantId].tsx" is missing the required default export. Ensure a React component is exported as default.
 INFO  [2026-09-09T10:06:29.808Z] [INFO] [RootLayout] Still loading... {"authLoading": true, "onboardingLoading": true}
 INFO  [2026-09-09T10:06:29.816Z] [INFO] [BookingsContext] Starting to fetch all listings from Supabase...
 LOG  [DB] Fetching listings from Supabase... 
 LOG  [DB] Fetching products... 
 INFO  [2026-09-09T10:06:29.825Z] [INFO] [MarketplaceContext] Saved products are backend-only (no local state)
 LOG  [DB] Fetching posts...
 LOG  [DB] Fetching stories...
 INFO  [2026-09-09T10:06:29.839Z] [INFO] [SocialContext] Social interaction state is in-memory only
 INFO  [2026-09-09T10:06:29.840Z] [INFO] [SocialContext] Story interaction state is in-memory only
 INFO  [2026-09-09T10:06:29.840Z] [INFO] [SocialContext] User posts are loaded from Supabase posts table
 INFO  [2026-09-09T10:06:29.840Z] [INFO] [SocialContext] User stories are loaded from Supabase stories table
 INFO  [2026-09-09T10:06:29.845Z] [INFO] [Root] App mounted
 WARN  [DB] No authenticated user available — returning null
 INFO  [2026-09-09T10:06:29.858Z] [INFO] [BookingsContext] Fetching my listings for host {"hostId": ""}
 INFO  [2026-09-09T10:06:29.860Z] [INFO] [Auth] Auth state changed {"event": "INITIAL_SESSION", "hasSession": false}
 INFO  [2026-09-09T10:06:29.871Z] [INFO] [RootLayout] Still loading... {"authLoading": false, "onboardingLoading": true}
 INFO  [2026-09-09T10:06:29.872Z] [INFO] [BookingsContext] Hydrated favorites {"length": 0}
 INFO  [2026-09-09T10:06:29.872Z] [INFO] [BookingsContext] Hydrated rental submissions {"length": 0}
 INFO  [2026-09-09T10:06:29.872Z] [INFO] [MessagingContext] Hydrated messaging state from storage
 INFO  [2026-09-09T10:06:29.874Z] [INFO] [ConnectionsContext] Building connections from Supabase users
 LOG  [DB] Fetching users...
 INFO  [2026-09-09T10:06:29.875Z] [INFO] [Theme] Loaded saved theme {"savedTheme": "dark"}
 INFO  [2026-09-09T10:06:29.875Z] [INFO] [BookingsContext] Hydrated bookings from local {"length": 0}
 INFO  [2026-09-09T10:06:29.891Z] [INFO] [RootLayout] Navigation check {"currentSegment": "", "hasInitialized": false, "isAuthenticated": false, "onboardingCompleted": true}
 INFO  [2026-09-09T10:06:29.892Z] [INFO] [RootLayout] Navigating to {"targetRoute": "/welcome"}
 ERROR  [Error: Cannot find native module 'ExponentAV'] 

Code: audio-relay.ts
[0m [90m 12 |[39m [90m */[39m
 [90m 13 |[39m
[31m[1m>[22m[39m[90m 14 |[39m [36mimport[39m { [33mAudio[39m } [36mfrom[39m [32m'expo-av'[39m[33m;[39m
 [90m    |[39m [31m[1m^[22m[39m
 [90m 15 |[39m [36mimport[39m { [33mPlatform[39m } [36mfrom[39m [32m'react-native'[39m[33m;[39m
 [90m 16 |[39m
 [90m 17 |[39m [90m// ── Types ──[39m[0m
Call Stack
  <global> (lib/audio-relay.ts:14)
  <global> (hooks/useLiveAudio.ts:10)
  <global> (app/(tabs)/live/room/[roomId].tsx:25)
 ERROR  [Error: Cannot find native module 'ExponentAV'] 

Code: audio-relay.ts
[0m [90m 12 |[39m [90m */[39m
 [90m 13 |[39m
[31m[1m>[22m[39m[90m 14 |[39m [36mimport[39m { [33mAudio[39m } [36mfrom[39m [32m'expo-av'[39m[33m;[39m
 [90m    |[39m [31m[1m^[22m[39m
 [90m 15 |[39m [36mimport[39m { [33mPlatform[39m } [36mfrom[39m [32m'react-native'[39m[33m;[39m
 [90m 16 |[39m
 [90m 17 |[39m [90m// ── Types ──[39m[0m
Call Stack
  <global> (lib/audio-relay.ts:14)
  <global> (hooks/useLiveAudio.ts:10)
  <global> (app/(tabs)/live/room/[roomId].tsx:25)
 INFO  [2026-09-09T10:06:29.992Z] [INFO] [RootLayout] Navigation check {"currentSegment": "welcome", "hasInitialized": true, "isAuthenticated": false, "onboardingCompleted": true}
 ERROR  [Error: Cannot find native module 'ExponentAV'] 

Code: audio-relay.ts
[0m [90m 12 |[39m [90m */[39m
 [90m 13 |[39m
[31m[1m>[22m[39m[90m 14 |[39m [36mimport[39m { [33mAudio[39m } [36mfrom[39m [32m'expo-av'[39m[33m;[39m
 [90m    |[39m [31m[1m^[22m[39m
 [90m 15 |[39m [36mimport[39m { [33mPlatform[39m } [36mfrom[39m [32m'react-native'[39m[33m;[39m
 [90m 16 |[39m
 [90m 17 |[39m [90m// ── Types ──[39m[0m
Call Stack
  <global> (lib/audio-relay.ts:14)
  <global> (hooks/useLiveAudio.ts:10)
  <global> (app/(tabs)/live/room/[roomId].tsx:25)
 ERROR  [Error: Cannot find native module 'ExponentAV'] 

Code: audio-relay.ts
[0m [90m 12 |[39m [90m */[39m
 [90m 13 |[39m
[31m[1m>[22m[39m[90m 14 |[39m [36mimport[39m { [33mAudio[39m } [36mfrom[39m [32m'expo-av'[39m[33m;[39m
 [90m    |[39m [31m[1m^[22m[39m
 [90m 15 |[39m [36mimport[39m { [33mPlatform[39m } [36mfrom[39m [32m'react-native'[39m[33m;[39m
 [90m 16 |[39m
 [90m 17 |[39m [90m// ── Types ──[39m[0m
Call Stack
  <global> (lib/audio-relay.ts:14)
  <global> (hooks/useLiveAudio.ts:10)
  <global> (app/(tabs)/live/room/[roomId].tsx:25)
 INFO  [2026-09-09T10:06:30.003Z] [INFO] [SocialContext] Built default state for {"length": 0}
 INFO  [2026-09-09T10:06:30.069Z] [INFO] [RootLayout] Still loading... {"authLoading": true, "onboardingLoading": true}
 INFO  [2026-09-09T10:06:30.070Z] [INFO] [BookingsContext] Starting to fetch all listings from Supabase...
 LOG  [DB] Fetching listings from Supabase... 
 LOG  [DB] Fetching products... 
 INFO  [2026-09-09T10:06:30.072Z] [INFO] [MarketplaceContext] Saved products are backend-only (no local state)
 LOG  [DB] Fetching posts...
 LOG  [DB] Fetching stories...
 INFO  [2026-09-09T10:06:30.074Z] [INFO] [SocialContext] Social interaction state is in-memory only
 INFO  [2026-09-09T10:06:30.074Z] [INFO] [SocialContext] Story interaction state is in-memory only
 INFO  [2026-09-09T10:06:30.074Z] [INFO] [SocialContext] User posts are loaded from Supabase posts table
 INFO  [2026-09-09T10:06:30.075Z] [INFO] [SocialContext] User stories are loaded from Supabase stories table
 INFO  [2026-09-09T10:06:30.076Z] [INFO] [Root] App mounted
 WARN  [DB] No authenticated user available — returning null
 INFO  [2026-09-09T10:06:30.081Z] [INFO] [BookingsContext] Fetching my listings for host {"hostId": ""}
 INFO  [2026-09-09T10:06:30.081Z] [INFO] [Auth] Auth state changed {"event": "INITIAL_SESSION", "hasSession": false}
 INFO  [2026-09-09T10:06:30.103Z] [INFO] [RootLayout] Still loading... {"authLoading": false, "onboardingLoading": true}
 INFO  [2026-09-09T10:06:30.106Z] [INFO] [SocialContext] No Supabase posts
 INFO  [2026-09-09T10:06:30.106Z] [INFO] [SocialContext] No Supabase stories
 ERROR  [DB] Error fetching posts: Error: fetch failed: FetchRequestCanceledException: Fetch request has been canceled (at Expo/NativeResponse.swift:63)  Error: FetchRequestCanceledException: Fetch request has been canceled (at Expo/NativeResponse.swift:63) 

Code: database.ts
[0m [90m 152 |[39m         [36mreturn[39m [][33m;[39m
 [90m 153 |[39m       }
[31m[1m>[22m[39m[90m 154 |[39m       console[33m.[39merror([32m'[DB] Error fetching posts:'[39m[33m,[39m error[33m.[39mmessage[33m,[39m error[33m.[39mcode[33m,[39m error[33m.[39mdetails)[33m;[39m
 [90m     |[39m                    [31m[1m^[22m[39m
 [90m 155 |[39m       [36mreturn[39m [][33m;[39m
 [90m 156 |[39m     }
 [90m 157 |[39m     console[33m.[39mlog([32m'[DB] Fetched posts:'[39m[33m,[39m data[33m?[39m[33m.[39mlength [33m||[39m [35m0[39m)[33m;[39m[0m
Call Stack
  DatabaseService.fetchPosts (lib/database.ts:154:20)
 ERROR  [DB] Error fetching stories: Error: fetch failed: FetchRequestCanceledException: Fetch request has been canceled (at Expo/NativeResponse.swift:63)  Error: FetchRequestCanceledException: Fetch request has been canceled (at Expo/NativeResponse.swift:63) 

Code: database.ts
[0m [90m 249 |[39m         [36mreturn[39m [][33m;[39m
 [90m 250 |[39m       }
[31m[1m>[22m[39m[90m 251 |[39m       console[33m.[39merror([32m'[DB] Error fetching stories:'[39m[33m,[39m error[33m.[39mmessage[33m,[39m error[33m.[39mcode[33m,[39m error[33m.[39mdetails)[33m;[39m
 [90m     |[39m                    [31m[1m^[22m[39m
 [90m 252 |[39m       [36mreturn[39m [][33m;[39m
 [90m 253 |[39m     }
 [90m 254 |[39m     console[33m.[39mlog([32m'[DB] Fetched stories:'[39m[33m,[39m data[33m?[39m[33m.[39mlength [33m||[39m [35m0[39m)[33m;[39m[0m
Call Stack
  DatabaseService.fetchStories (lib/database.ts:251:20)
 ERROR  [DB] Error fetching users: Error: fetch failed: FetchRequestCanceledException: Fetch request has been canceled (at Expo/NativeResponse.swift:63)  Error: FetchRequestCanceledException: Fetch request has been canceled (at Expo/NativeResponse.swift:63) 

Code: database.ts
[0m [90m 53 |[39m         [36mreturn[39m [][33m;[39m
 [90m 54 |[39m       }
[31m[1m>[22m[39m[90m 55 |[39m       console[33m.[39merror([32m'[DB] Error fetching users:'[39m[33m,[39m error[33m.[39mmessage[33m,[39m error[33m.[39mcode[33m,[39m error[33m.[39mdetails)[33m;[39m
 [90m    |[39m                    [31m[1m^[22m[39m
 [90m 56 |[39m       [36mreturn[39m [][33m;[39m
 [90m 57 |[39m     }
 [90m 58 |[39m[0m
Call Stack
  DatabaseService.fetchUsers (lib/database.ts:55:20)
 ERROR  [DB] Error fetching products: Error: fetch failed: FetchRequestCanceledException: Fetch request has been canceled (at Expo/NativeResponse.swift:63)  Error: FetchRequestCanceledException: Fetch request has been canceled (at Expo/NativeResponse.swift:63) 

Code: database.ts
[0m [90m 546 |[39m         [36mreturn[39m [][33m;[39m
 [90m 547 |[39m       }
[31m[1m>[22m[39m[90m 548 |[39m       console[33m.[39merror([32m'[DB] Error fetching products:'[39m[33m,[39m error[33m.[39mmessage[33m,[39m error[33m.[39mcode[33m,[39m error[33m.[39mdetails)[33m;[39m
 [90m     |[39m                    [31m[1m^[22m[39m
 [90m 549 |[39m       [36mreturn[39m [][33m;[39m
 [90m 550 |[39m     }
 [90m 551 |[39m     console[33m.[39mlog([32m'[DB] Fetched products:'[39m[33m,[39m data[33m?[39m[33m.[39mlength [33m||[39m [35m0[39m)[33m;[39m[0m
Call Stack
  DatabaseService.fetchProducts (lib/database.ts:548:20)
 INFO  [2026-09-09T10:06:30.107Z] [INFO] [BookingsContext] Listings query result {"value": 0}
 INFO  [2026-09-09T10:06:30.107Z] [INFO] [BookingsContext] No listings found in Supabase
 INFO  [2026-09-09T10:06:30.108Z] [INFO] [BookingsContext] Hydrated favorites {"length": 0}
 INFO  [2026-09-09T10:06:30.108Z] [INFO] [BookingsContext] Hydrated rental submissions {"length": 0}
 INFO  [2026-09-09T10:06:30.109Z] [INFO] [MessagingContext] Hydrated messaging state from storage
 INFO  [2026-09-09T10:06:30.110Z] [INFO] [ConnectionsContext] Building connections from Supabase users
 LOG  [DB] Fetching users...
 INFO  [2026-09-09T10:06:30.110Z] [INFO] [Theme] Loaded saved theme {"savedTheme": "dark"}
 INFO  [2026-09-09T10:06:30.111Z] [INFO] [BookingsContext] Hydrated bookings from local {"length": 0}
 ERROR  [DB] Error fetching listings: Error: fetch failed: FetchRequestCanceledException: Fetch request has been canceled (at Expo/NativeResponse.swift:63)  Error: FetchRequestCanceledException: Fetch request has been canceled (at Expo/NativeResponse.swift:63) 

Code: database.ts
[0m [90m 299 |[39m         [36mreturn[39m [][33m;[39m
 [90m 300 |[39m       }
[31m[1m>[22m[39m[90m 301 |[39m       console[33m.[39merror([32m'[DB] Error fetching listings:'[39m[33m,[39m error[33m.[39mmessage[33m,[39m error[33m.[39mcode[33m,[39m error[33m.[39mdetails)[33m;[39m
 [90m     |[39m                    [31m[1m^[22m[39m
 [90m 302 |[39m       [36mreturn[39m [][33m;[39m
 [90m 303 |[39m     }
 [90m 304 |[39m     console[33m.[39mlog([32m'[DB] Fetched listings from Supabase:'[39m[33m,[39m data[33m?[39m[33m.[39mlength [33m||[39m [35m0[39m)[33m;[39m[0m
Call Stack
  DatabaseService.fetchListings (lib/database.ts:301:20)
 INFO  [2026-09-09T10:06:30.149Z] [INFO] [RootLayout] Navigation check {"currentSegment": "welcome", "hasInitialized": false, "isAuthenticated": false, "onboardingCompleted": true}
 LOG  [DB] Fetched posts: 22
 INFO  [2026-09-09T10:06:30.492Z] [INFO] [SocialContext] Fetched posts from Supabase {"length": 22}
 LOG  [DB] Fetching users...
 LOG  [DB] Fetched products: 0
 LOG  [DB] Fetched listings from Supabase: 0
 INFO  [2026-09-09T10:06:30.504Z] [INFO] [BookingsContext] Listings query result {"value": 0}
 INFO  [2026-09-09T10:06:30.504Z] [INFO] [BookingsContext] No listings found in Supabase
 LOG  [DB] Fetched stories: 0
 INFO  [2026-09-09T10:06:30.544Z] [INFO] [SocialContext] No Supabase stories
 LOG  [DB] Fetched users: 10
 INFO  [2026-09-09T10:06:30.641Z] [INFO] [SocialContext] Loaded {"length": 22}
 INFO  [2026-09-09T10:06:30.642Z] [INFO] [SocialContext] Built default state for {"length": 22}
 INFO  [2026-09-09T10:06:30.765Z] [INFO] [SocialContext] Loaded {"length": 22}
 INFO  [2026-09-09T10:06:30.765Z] [INFO] [SocialContext] Built default state for {"length": 22}
 LOG  [DB] Fetched users: 10
 INFO  [2026-09-09T10:06:30.861Z] [INFO] [SocialContext] Built default state for {"length": 22}
 INFO  [2026-09-09T10:06:30.869Z] [INFO] [SocialContext] Merged persisted interactions {"merged": 24}
 LOG  [Welcome] handleLogin
 INFO  [2026-09-09T10:06:35.324Z] [INFO] [Auth] Sign in with {"trimmedInput": "doseofitllc@gmail.com", "value": "email"}
 INFO  [2026-09-09T10:06:35.921Z] [INFO] [Auth] Auth state changed {"event": "SIGNED_IN", "hasSession": true}
 INFO  [2026-09-09T10:06:36.091Z] [INFO] [Auth] Built profile {"hasName": true, "phone": null, "userId": "d8694830-980e-43e7-9763-979eae54e1da"}
 INFO  [2026-09-09T10:06:36.128Z] [INFO] [RootLayout] Navigation check {"currentSegment": "welcome", "hasInitialized": true, "isAuthenticated": true, "onboardingCompleted": true}
 INFO  [2026-09-09T10:06:36.129Z] [INFO] [RootLayout] Navigating to {"targetRoute": "/(tabs)/(home)"}
 INFO  [2026-09-09T10:06:36.136Z] [INFO] [Planner] Fetching plans...
 INFO  [2026-09-09T10:06:36.158Z] [INFO] [Auth] Sign in successful
 LOG  [Welcome] signIn result: {"success": true}
 INFO  [2026-09-09T10:06:36.158Z] [INFO] [MessagingContext] Hydrated messaging state from storage
 LOG  Grid load: ["grabbedBundles"]
 LOG  Grid load: {"bundles": "recommend", "grabbedCount": 0}
 INFO  [2026-09-09T10:06:36.393Z] [INFO] [RootLayout] Navigation check {"currentSegment": "(tabs)", "hasInitialized": true, "isAuthenticated": true, "onboardingCompleted": true}
 INFO  [2026-09-09T10:06:36.558Z] [INFO] [Planner] Fetched plans from Supabase {"length": 9}
 INFO  [2026-09-09T10:06:36.657Z] [INFO] [MessagingContext] Synced Supabase conversations {"added": 1}
 ERROR  Grabbed bundles error: {"code": "42703", "details": null, "hint": null, "message": "column job_requests.proposed_budget does not exist"} 

Code: index.tsx
[0m [90m 1342 |[39m             [36mreturn[39m [][33m;[39m
 [90m 1343 |[39m           }
[31m[1m>[22m[39m[90m 1344 |[39m           console[33m.[39merror([32m'Grabbed bundles error:'[39m[33m,[39m error)[33m;[39m
 [90m      |[39m                        [31m[1m^[22m[39m
 [90m 1345 |[39m           [36mreturn[39m [][33m;[39m
 [90m 1346 |[39m         }
 [90m 1347 |[39m[0m
Call Stack
  useQuery$argument_0.queryFn (app/(tabs)/(home)/index.tsx:1344:24)
 LOG  Grid load: {"bundles": "recommend", "grabbedCount": 0}
 ERROR  [Error: Uncaught (in promise, id: 0) Object {
  "code": "PGRST204",
  "details": null,
  "hint": null,
  "message": "Could not find the 'view' column of 'skill_deals' in the schema cache",
}] Uncaught (in promise, id: 0) Object {
  "code": "PGRST204",
  "details": null,
  "hint": null,
  "message": "Could not find the 'view' column of 'skill_deals' in the schema cache",
}
 ERROR  [Error: Uncaught (in promise, id: 1) Object {
  "code": "PGRST204",
  "details": null,
  "hint": null,
  "message": "Could not find the 'view' column of 'bundles' in the schema cache",
}] Uncaught (in promise, id: 1) Object {
  "code": "PGRST204",
  "details": null,
  "hint": null,
  "message": "Could not find the 'view' column of 'bundles' in the schema cache",
}
 INFO  [2026-09-09T10:06:47.273Z] [INFO] [RootLayout] Navigation check {"currentSegment": "inbox", "hasInitialized": true, "isAuthenticated": true, "onboardingCompleted": true}
 LOG  [AppErrorBoundary] Caught error {"error": [TypeError: Cannot read property 'ErrorBoundary' of undefined], "errorInfo": {"componentStack": "
    at SceneView (http://hsrnekw-sharehost-8081.exp.direct/node_modules/expo-router/entry.bundle//&platform=ios&dev=true&hot=false&lazy=true&transform.engine=hermes&transform.bytecode=1&transform.routerRoot=app&unstable_transformProfile=hermes-stable:107491:3)
    at NavigationProvider (http://hsrnekw-sharehost-8081.exp.direct/node_modules/expo-router/entry.bundle//&platform=ios&dev=true&hot=false&lazy=true&transform.engine=hermes&transform.bytecode=1&transform.routerRoot=app&unstable_transformProfile=hermes-stable:105391:3)
    at RNSScreenContentWrapper (<anonymous>)
    at ScreenContentWrapper (<anonymous>)
    at DebugContainer (http://hsrnekw-sharehost-8081.exp.direct/node_modules/expo-router/entry.bundle//&platform=ios&dev=true&hot=false&lazy=true&transform.engine=hermes&transform.bytecode=1&transform.routerRoot=app&unstable_transformProfile=hermes-stable:125563:9)
    at RNSScreen (<anonymous>)
    at Animated(Anonymous) (http://hsrnekw-sharehost-8081.exp.direct/node_modules/expo-router/entry.bundle//&platform=ios&dev=true&hot=false&lazy=true&transform.engine=hermes&transform.bytecode=1&transform.routerRoot=app&unstable_transformProfile=hermes-stable:68399:29)
    at Suspender (http://hsrnekw-sharehost-8081.exp.direct/node_modules/expo-router/entry.bundle//&platform=ios&dev=true&hot=false&lazy=true&transform.engine=hermes&transform.bytecode=1&transform.routerRoot=app&unstable_transformProfile=hermes-stable:123598:3)
    at Suspense (<anonymous>)
    at Freeze (http://hsrnekw-sharehost-8081.exp.direct/node_modules/expo-router/entry.bundle//&platform=ios&dev=true&hot=false&lazy=true&transform.engine=hermes&transform.bytecode=1&transform.routerRoot=app&unstable_transformProfile=hermes-stable:123609:3)
    at DelayedFreeze (http://hsrnekw-sharehost-8081.exp.direct/node_modules/expo-router/entry.bundle//&platform=ios&dev=true&hot=false&lazy=true&transform.engine=hermes&transform.bytecode=1&transform.routerRoot=app&unstable_transformProfile=hermes-stable:123565:3)
    at InnerScreen (http://hsrnekw-sharehost-8081.exp.direct/node_modules/expo-router/entry.bundle//&platform=ios&dev=true&hot=false&lazy=true&transform.engine=hermes&transform.bytecode=1&transform.routerRoot=app&unstable_transformProfile=hermes-stable:123302:40)
    at Screen (http://hsrnekw-sharehost-8081.exp.direct/node_modules/expo-router/entry.bundle//&platform=ios&dev=true&hot=false&lazy=true&transform.engine=hermes&transform.bytecode=1&transform.routerRoot=app&unstable_transformProfile=hermes-stable:123501:49)
    at ScreenStackItem (http://hsrnekw-sharehost-8081.exp.direct/node_modules/expo-router/entry.bundle//&platform=ios&dev=true&hot=false&lazy=true&transform.engine=hermes&transform.bytecode=1&transform.routerRoot=app&unstable_transformProfile=hermes-stable:125330:3)
    at NavigationProvider (http://hsrnekw-sharehost-8081.exp.direct/node_modules/expo-router/entry.bundle//&platform=ios&dev=true&hot=false&lazy=true&transform.engine=hermes&transform.bytecode=1&transform.routerRoot=app&unstable_transformProfile=hermes-stable:105391:3)
    at SceneView (http://hsrnekw-sharehost-8081.exp.direct/node_modules/expo-router/entry.bundle//&platform=ios&dev=true&hot=false&lazy=true&transform.engine=hermes&transform.bytecode=1&transform.routerRoot=app&unstable_transformProfile=hermes-stable:133177:19)
    at RNSScreenStack (<anonymous>)
    at anonymous (http://hsrnekw-sharehost-8081.exp.direct/node_modules/expo-router/entry.bundle//&platform=ios&dev=true&hot=false&lazy=true&transform.engine=hermes&transform.bytecode=1&transform.routerRoot=app&unstable_transformProfile=hermes-stable:125217:20)
    at ScreenStack (http://hsrnekw-sharehost-8081.exp.direct/node_modules/expo-router/entry.bundle//&platform=ios&dev=true&hot=false&lazy=true&transform.engine=hermes&transform.bytecode=1&transform.routerRoot=app&unstable_transformProfile=hermes-stable:125150:7)
    at RCTView (<anonymous>)
    at View (http://hsrnekw-sharehost-8081.exp.direct/node_modules/expo-router/entry.bundle//&platform=ios&dev=true&hot=false&lazy=true&transform.engine=hermes&transform.bytecode=1&transform.routerRoot=app&unstable_transformProfile=hermes-stable:58373:3)
    at FrameSizeProvider (http://hsrnekw-sharehost-8081.exp.direct/node_modules/expo-router/entry.bundle//&platform=ios&dev=true&hot=false&lazy=true&transform.engine=hermes&transform.bytecode=1&transform.routerRoot=app&unstable_transformProfile=hermes-stable:120446:3)
    at SafeAreaProviderCompat (http://hsrnekw-sharehost-8081.exp.direct/node_modules/expo-router/entry.bundle//&platform=ios&dev=true&hot=false&lazy=true&transform.engine=hermes&transform.bytecode=1&transform.routerRoot=app&unstable_transformProfile=hermes-stable:121892:3)
    at NativeStackView (http://hsrnekw-sharehost-8081.exp.direct/node_modules/expo-router/entry.bundle//&platform=ios&dev=true&hot=false&lazy=true&transform.engine=hermes&transform.bytecode=1&transform.routerRoot=app&unstable_transformProfile=hermes-stable:133492:3)
    at PreventRemoveProvider (http://hsrnekw-sharehost-8081.exp.direct/node_modules/expo-router/entry.bundle//&platform=ios&dev=true&hot=false&lazy=true&transform.engine=hermes&transform.bytecode=1&transform.routerRoot=app&unstable_transformProfile=hermes-stable:105716:3)
    at NavigationStateListenerProvider (http://hsrnekw-sharehost-8081.exp.direct/node_modules/expo-router/entry.bundle//&platform=ios&dev=true&hot=false&lazy=true&transform.engine=hermes&transform.bytecode=1&transform.routerRoot=app&unstable_transformProfile=hermes-stable:108392:3)
    at NavigationContent (http://hsrnekw-sharehost-8081.exp.direct/node_modules/expo-router/entry.bundle//&platform=ios&dev=true&hot=false&lazy=true&transform.engine=hermes&transform.bytecode=1&transform.routerRoot=app&unstable_transformProfile=hermes-stable:107144:27)
    at anonymous (http://hsrnekw-sharehost-8081.exp.direct/node_modules/expo-router/entry.bundle//&platform=ios&dev=true&hot=false&lazy=true&transform.engine=hermes&transform.bytecode=1&transform.routerRoot=app&unstable_transformProfile=hermes-stable:107159:25)
    at NativeStackNavigator (http://hsrnekw-sharehost-8081.exp.direct/node_modules/expo-router/entry.bundle//&platform=ios&dev=true&hot=false&lazy=true&transform.engine=hermes&transform.bytecode=1&transform.routerRoot=app&unstable_transformProfile=hermes-stable:132537:3)
    at anonymous (http://hsrnekw-sharehost-8081.exp.direct/node_modules/expo-router/entry.bundle//&platform=ios&dev=true&hot=false&lazy=true&transform.engine=hermes&transform.bytecode=1&transform.routerRoot=app&unstable_transformProfile=hermes-stable:99318:50)
    at anonymous (http://hsrnekw-sharehost-8081.exp.direct/node_modules/expo-router/entry.bundle//&platform=ios&dev=true&hot=false&lazy=true&transform.engine=hermes&transform.bytecode=1&transform.routerRoot=app&unstable_transformProfile=hermes-stable:99073:56)
    at InboxLayout(./inbox/_layout.tsx) (<anonymous>)
    at WrappedScreenComponent (http://hsrnekw-sharehost-8081.exp.direct/node_modules/expo-router/entry.bundle//&platform=ios&dev=true&hot=false&lazy=true&transform.engine=hermes&transform.bytecode=1&transform.routerRoot=app&unstable_transformProfile=hermes-stable:115922:49)
    at Suspense (<anonymous>)
    at ZoomTransitionTargetContextProvider (http://hsrnekw-sharehost-8081.exp.direct/node_modules/expo-router/entry.bundle//&platform=ios&dev=true&hot=false&lazy=true&transform.engine=hermes&transform.bytecode=1&transform.routerRoot=app&unstable_transformProfile=hermes-stable:116528:3)
    at Route (http://hsrnekw-sharehost-8081.exp.direct/node_modules/expo-router/entry.bundle//&platform=ios&dev=true&hot=false&lazy=true&transform.engine=hermes&transform.bytecode=1&transform.routerRoot=app&unstable_transformProfile=hermes-stable:98503:3)
    at Route(inbox) (http://hsrnekw-sharehost-8081.exp.direct/node_modules/expo-router/entry.bundle//&platform=ios&dev=true&hot=false&lazy=true&transform.engine=hermes&transform.bytecode=1&transform.routerRoot=app&unstable_transformProfile=hermes-stable:115927:5)
    at StaticContainer (http://hsrnekw-sharehost-8081.exp.direct/node_modules/expo-router/entry.bundle//&platform=ios&dev=true&hot=false&lazy=true&transform.engine=hermes&transform.bytecode=1&transform.routerRoot=app&unstable_transformProfile=hermes-stable:107713:17)
    at EnsureSingleNavigator (http://hsrnekw-sharehost-8081.exp.direct/node_modules/expo-router/entry.bundle//&platform=ios&dev=true&hot=false&lazy=true&transform.engine=hermes&transform.bytecode=1&transform.routerRoot=app&unstable_transformProfile=hermes-stable:102113:3)
    at SceneView (http://hsrnekw-sharehost-8081.exp.direct/node_modules/expo-router/entry.bundle//&platform=ios&dev=true&hot=false&lazy=true&transform.engine=hermes&transform.bytecode=1&transform.routerRoot=app&unstable_transformProfile=hermes-stable:107491:3)
    at NavigationProvider (http://hsrnekw-sharehost-8081.exp.direct/node_modules/expo-router/entry.bundle//&platform=ios&dev=true&hot=false&lazy=true&transform.engine=hermes&transform.bytecode=1&transform.routerRoot=app&unstable_transformProfile=hermes-stable:105391:3)
    at RNSScreenContentWrapper (<anonymous>)
    at ScreenContentWrapper (<anonymous>)
    at DebugContainer (http://hsrnekw-sharehost-8081.exp.direct/node_modules/expo-router/entry.bundle//&platform=ios&dev=true&hot=false&lazy=true&transform.engine=hermes&transform.bytecode=1&transform.routerRoot=app&unstable_transformProfile=hermes-stable:125563:9)
    at RNSScreen (<anonymous>)
    at Animated(Anonymous) (http://hsrnekw-sharehost-8081.exp.direct/node_modules/expo-router/entry.bundle//&platform=ios&dev=true&hot=false&lazy=true&transform.engine=hermes&transform.bytecode=1&transform.routerRoot=app&unstable_transformProfile=hermes-stable:68399:29)
    at Suspender (http://hsrnekw-sharehost-8081.exp.direct/node_modules/expo-router/entry.bundle//&platform=ios&dev=true&hot=false&lazy=true&transform.engine=hermes&transform.bytecode=1&transform.routerRoot=app&unstable_transformProfile=hermes-stable:123598:3)
    at Suspense (<anonymous>)
    at Freeze (http://hsrnekw-sharehost-8081.exp.direct/node_modules/expo-router/entry.bundle//&platform=ios&dev=true&hot=false&lazy=true&transform.engine=hermes&transform.bytecode=1&transform.routerRoot=app&unstable_transformProfile=hermes-stable:123609:3)
    at DelayedFreeze (http://hsrnekw-sharehost-8081.exp.direct/node_modules/expo-router/entry.bundle//&platform=ios&dev=true&hot=false&lazy=true&transform.engine=hermes&transform.bytecode=1&transform.routerRoot=app&unstable_transformProfile=hermes-stable:123565:3)
    at InnerScreen (http://hsrnekw-sharehost-8081.exp.direct/node_modules/expo-router/entry.bundle//&platform=ios&dev=true&hot=false&lazy=true&transform.engine=hermes&transform.bytecode=1&transform.routerRoot=app&unstable_transformProfile=hermes-stable:123302:40)
    at Screen (http://hsrnekw-sharehost-8081.exp.direct/node_modules/expo-router/entry.bundle//&platform=ios&dev=true&hot=false&lazy=true&transform.engine=hermes&transform.bytecode=1&transform.routerRoot=app&unstable_transformProfile=hermes-stable:123501:49)
    at ScreenStackItem (http://hsrnekw-sharehost-8081.exp.direct/node_modules/expo-router/entry.bundle//&platform=ios&dev=true&hot=false&lazy=true&transform.engine=hermes&transform.bytecode=1&transform.routerRoot=app&unstable_transformProfile=hermes-stable:125330:3)
    at NavigationProvider (http://hsrnekw-sharehost-8081.exp.direct/node_modules/expo-router/entry.bundle//&platform=ios&dev=true&hot=false&lazy=true&transform.engine=hermes&transform.bytecode=1&transform.routerRoot=app&unstable_transformProfile=hermes-stable:105391:3)
    at SceneView (http://hsrnekw-sharehost-8081.exp.direct/node_modules/expo-router/entry.bundle//&platform=ios&dev=true&hot=false&lazy=true&transform.engine=hermes&transform.bytecode=1&transform.routerRoot=app&unstable_transformProfile=hermes-stable:133177:19)
    at RNSScreenStack (<anonymous>)
    at anonymous (http://hsrnekw-sharehost-8081.exp.direct/node_modules/expo-router/entry.bundle//&platform=ios&dev=true&hot=false&lazy=true&transform.engine=hermes&transform.bytecode=1&transform.routerRoot=app&unstable_transformProfile=hermes-stable:125217:20)
    at ScreenStack (http://hsrnekw-sharehost-8081.exp.direct/node_modules/expo-router/entry.bundle//&platform=ios&dev=true&hot=false&lazy=true&transform.engine=hermes&transform.bytecode=1&transform.routerRoot=app&unstable_transformProfile=hermes-stable:125150:7)
    at RCTView (<anonymous>)
    at View (http://hsrnekw-sharehost-8081.exp.direct/node_modules/expo-router/entry.bundle//&platform=ios&dev=true&hot=false&lazy=true&transform.engine=hermes&transform.bytecode=1&transform.routerRoot=app&unstable_transformProfile=hermes-stable:58373:3)
    at FrameSizeProvider (http://hsrnekw-sharehost-8081.exp.direct/node_modules/expo-router/entry.bundle//&platform=ios&dev=true&hot=false&lazy=true&transform.engine=hermes&transform.bytecode=1&transform.routerRoot=app&unstable_transformProfile=hermes-stable:120446:3)
    at SafeAreaProviderCompat (http://hsrnekw-sharehost-8081.exp.direct/node_modules/expo-router/entry.bundle//&platform=ios&dev=true&hot=false&lazy=true&transform.engine=hermes&transform.bytecode=1&transform.routerRoot=app&unstable_transformProfile=hermes-stable:121892:3)
    at NativeStackView (http://hsrnekw-sharehost-8081.exp.direct/node_modules/expo-router/entry.bundle//&platform=ios&dev=true&hot=false&lazy=true&transform.engine=hermes&transform.bytecode=1&transform.routerRoot=app&unstable_transformProfile=hermes-stable:133492:3)
    at PreventRemoveProvider (http://hsrnekw-sharehost-8081.exp.direct/node_modules/expo-router/entry.bundle//&platform=ios&dev=true&hot=false&lazy=true&transform.engine=hermes&transform.bytecode=1&transform.routerRoot=app&unstable_transformProfile=hermes-stable:105716:3)
    at NavigationStateListenerProvider (http://hsrnekw-sharehost-8081.exp.direct/node_modules/expo-router/entry.bundle//&platform=ios&dev=true&hot=false&lazy=true&transform.engine=hermes&transform.bytecode=1&transform.routerRoot=app&unstable_transformProfile=hermes-stable:108392:3)
    at NavigationContent (http://hsrnekw-sharehost-8081.exp.direct/node_modules/expo-router/entry.bundle//&platform=ios&dev=true&hot=false&lazy=true&transform.engine=hermes&transform.bytecode=1&transform.routerRoot=app&unstable_transformProfile=hermes-stable:107144:27)
    at anonymous (http://hsrnekw-sharehost-8081.exp.direct/node_modules/expo-router/entry.bundle//&platform=ios&dev=true&hot=false&lazy=true&transform.engine=hermes&transform.bytecode=1&transform.routerRoot=app&unstable_transformProfile=hermes-stable:107159:25)
    at NativeStackNavigator (http://hsrnekw-sharehost-8081.exp.direct/node_modules/expo-router/entry.bundle//&platform=ios&dev=true&hot=false&lazy=true&transform.engine=hermes&transform.bytecode=1&transform.routerRoot=app&unstable_transformProfile=hermes-stable:132537:3)
    at anonymous (http://hsrnekw-sharehost-8081.exp.direct/node_modules/expo-router/entry.bundle//&platform=ios&dev=true&hot=false&lazy=true&transform.engine=hermes&transform.bytecode=1&transform.routerRoot=app&unstable_transformProfile=hermes-stable:99318:50)
    at anonymous (http://hsrnekw-sharehost-8081.exp.direct/node_modules/expo-router/entry.bundle//&platform=ios&dev=true&hot=false&lazy=true&transform.engine=hermes&transform.bytecode=1&transform.routerRoot=app&unstable_transformProfile=hermes-stable:99073:56)
    at RootLayoutNav (http://hsrnekw-sharehost-8081.exp.direct/node_modules/expo-router/entry.bundle//&platform=ios&dev=true&hot=false&lazy=true&transform.engine=hermes&transform.bytecode=1&transform.routerRoot=app&unstable_transformProfile=hermes-stable:345526:48)
    at RCTView (<anonymous>)
    at View (http://hsrnekw-sharehost-8081.exp.direct/node_modules/expo-router/entry.bundle//&platform=ios&dev=true&hot=false&lazy=true&transform.engine=hermes&transform.bytecode=1&transform.routerRoot=app&unstable_transformProfile=hermes-stable:58373:3)
    at KeyboardAvoidingView (http://hsrnekw-sharehost-8081.exp.direct/node_modules/expo-router/entry.bundle//&platform=ios&dev=true&hot=false&lazy=true&transform.engine=hermes&transform.bytecode=1&transform.routerRoot=app&unstable_transformProfile=hermes-stable:74629:12)
    at RCTView (<anonymous>)
    at View (http://hsrnekw-sharehost-8081.exp.direct/node_modules/expo-router/entry.bundle//&platform=ios&dev=true&hot=false&lazy=true&transform.engine=hermes&transform.bytecode=1&transform.routerRoot=app&unstable_transformProfile=hermes-stable:58373:3)
    at RootLayoutNavWithTheme (http://hsrnekw-sharehost-8081.exp.direct/node_modules/expo-router/entry.bundle//&platform=ios&dev=true&hot=false&lazy=true&transform.engine=hermes&transform.bytecode=1&transform.routerRoot=app&unstable_transformProfile=hermes-stable:345638:44)
    at AppErrorBoundary (http://hsrnekw-sharehost-8081.exp.direct/node_modules/expo-router/entry.bundle//&platform=ios&dev=true&hot=false&lazy=true&transform.engine=hermes&transform.bytecode=1&transform.routerRoot=app&unstable_transformProfile=hermes-stable:400550:3)
    at anonymous (http://hsrnekw-sharehost-8081.exp.direct/node_modules/expo-router/entry.bundle//&platform=ios&dev=true&hot=false&lazy=true&transform.engine=hermes&transform.bytecode=1&transform.routerRoot=app&unstable_transformProfile=hermes-stable:267995:13)
    at OrdersProvider (http://hsrnekw-sharehost-8081.exp.direct/node_modules/expo-router/entry.bundle//&platform=ios&dev=true&hot=false&lazy=true&transform.engine=hermes&transform.bytecode=1&transform.routerRoot=app&unstable_transformProfile=hermes-stable:337372:3)
    at anonymous (http://hsrnekw-sharehost-8081.exp.direct/node_modules/expo-router/entry.bundle//&platform=ios&dev=true&hot=false&lazy=true&transform.engine=hermes&transform.bytecode=1&transform.routerRoot=app&unstable_transformProfile=hermes-stable:267995:13)
    at anonymous (http://hsrnekw-sharehost-8081.exp.direct/node_modules/expo-router/entry.bundle//&platform=ios&dev=true&hot=false&lazy=true&transform.engine=hermes&transform.bytecode=1&transform.routerRoot=app&unstable_transformProfile=hermes-stable:267995:13)
    at anonymous (http://hsrnekw-sharehost-8081.exp.direct/node_modules/expo-router/entry.bundle//&platform=ios&dev=true&hot=false&lazy=true&transform.engine=hermes&transform.bytecode=1&transform.routerRoot=app&unstable_transformProfile=hermes-stable:267995:13)
    at anonymous (http://hsrnekw-sharehost-8081.exp.direct/node_modules/expo-router/entry.bundle//&platform=ios&dev=true&hot=false&lazy=true&transform.engine=hermes&transform.bytecode=1&transform.routerRoot=app&unstable_transformProfile=hermes-stable:267995:13)
    at PlanProvider (http://hsrnekw-sharehost-8081.exp.direct/node_modules/expo-router/entry.bundle//&platform=ios&dev=true&hot=false&lazy=true&transform.engine=hermes&transform.bytecode=1&transform.routerRoot=app&unstable_transformProfile=hermes-stable:325073:3)
    at RoomProvider (http://hsrnekw-sharehost-8081.exp.direct/node_modules/expo-router/entry.bundle//&platform=ios&dev=true&hot=false&lazy=true&transform.engine=hermes&transform.bytecode=1&transform.routerRoot=app&unstable_transformProfile=hermes-stable:321550:3)
    at ServiceRequestProvider (http://hsrnekw-sharehost-8081.exp.direct/node_modules/expo-router/entry.bundle//&platform=ios&dev=true&hot=false&lazy=true&transform.engine=hermes&transform.bytecode=1&transform.routerRoot=app&unstable_transformProfile=hermes-stable:308294:3)
    at SkillProvider (http://hsrnekw-sharehost-8081.exp.direct/node_modules/expo-router/entry.bundle//&platform=ios&dev=true&hot=false&lazy=true&transform.engine=hermes&transform.bytecode=1&transform.routerRoot=app&unstable_transformProfile=hermes-stable:307902:3)
    at BundleProvider (http://hsrnekw-sharehost-8081.exp.direct/node_modules/expo-router/entry.bundle//&platform=ios&dev=true&hot=false&lazy=true&transform.engine=hermes&transform.bytecode=1&transform.routerRoot=app&unstable_transformProfile=hermes-stable:294771:3)
    at anonymous (http://hsrnekw-sharehost-8081.exp.direct/node_modules/expo-router/entry.bundle//&platform=ios&dev=true&hot=false&lazy=true&transform.engine=hermes&transform.bytecode=1&transform.routerRoot=app&unstable_transformProfile=hermes-stable:267995:13)
    at anonymous (http://hsrnekw-sharehost-8081.exp.direct/node_modules/expo-router/entry.bundle//&platform=ios&dev=true&hot=false&lazy=true&transform.engine=hermes&transform.bytecode=1&transform.routerRoot=app&unstable_transformProfile=hermes-stable:267995:13)
    at UserPostsProvider (http://hsrnekw-sharehost-8081.exp.direct/node_modules/expo-router/entry.bundle//&platform=ios&dev=true&hot=false&lazy=true&transform.engine=hermes&transform.bytecode=1&transform.routerRoot=app&unstable_transformProfile=hermes-stable:317249:3)
    at anonymous (http://hsrnekw-sharehost-8081.exp.direct/node_modules/expo-router/entry.bundle//&platform=ios&dev=true&hot=false&lazy=true&transform.engine=hermes&transform.bytecode=1&transform.routerRoot=app&unstable_transformProfile=hermes-stable:267995:13)
    at anonymous (http://hsrnekw-sharehost-8081.exp.direct/node_modules/expo-router/entry.bundle//&platform=ios&dev=true&hot=false&lazy=true&transform.engine=hermes&transform.bytecode=1&transform.routerRoot=app&unstable_transformProfile=hermes-stable:267995:13)
    at anonymous (http://hsrnekw-sharehost-8081.exp.direct/node_modules/expo-router/entry.bundle//&platform=ios&dev=true&hot=false&lazy=true&transform.engine=hermes&transform.bytecode=1&transform.routerRoot=app&unstable_transformProfile=hermes-stable:267995:13)
    at RNCSafeAreaProvider (<anonymous>)
    at SafeAreaProvider (http://hsrnekw-sharehost-8081.exp.direct/node_modules/expo-router/entry.bundle//&platform=ios&dev=true&hot=false&lazy=true&transform.engine=hermes&transform.bytecode=1&transform.routerRoot=app&unstable_transformProfile=hermes-stable:98116:3)
    at RCTView (<anonymous>)
    at View (http://hsrnekw-sharehost-8081.exp.direct/node_modules/expo-router/entry.bundle//&platform=ios&dev=true&hot=false&lazy=true&transform.engine=hermes&transform.bytecode=1&transform.routerRoot=app&unstable_transformProfile=hermes-stable:58373:3)
    at GestureHandlerRootView (http://hsrnekw-sharehost-8081.exp.direct/node_modules/expo-router/entry.bundle//&platform=ios&dev=true&hot=false&lazy=true&transform.engine=hermes&transform.bytecode=1&transform.routerRoot=app&unstable_transformProfile=hermes-stable:390702:3)
    at QueryClientProvider (http://hsrnekw-sharehost-8081.exp.direct/node_modules/expo-router/entry.bundle//&platform=ios&dev=true&hot=false&lazy=true&transform.engine=hermes&transform.bytecode=1&transform.routerRoot=app&unstable_transformProfile=hermes-stable:272922:29)
    at TRPCProvider (http://hsrnekw-sharehost-8081.exp.direct/node_modules/expo-router/entry.bundle//&platform=ios&dev=true&hot=false&lazy=true&transform.engine=hermes&transform.bytecode=1&transform.routerRoot=app&unstable_transformProfile=hermes-stable:300481:9)
    at ProviderErrorBoundary (http://hsrnekw-sharehost-8081.exp.direct/node_modules/expo-router/entry.bundle//&platform=ios&dev=true&hot=false&lazy=true&transform.engine=hermes&transform.bytecode=1&transform.routerRoot=app&unstable_transformProfile=hermes-stable:345671:12)
    at RootLayout (http://hsrnekw-sharehost-8081.exp.direct/node_modules/expo-router/entry.bundle//&platform=ios&dev=true&hot=false&lazy=true&transform.engine=hermes&transform.bytecode=1&transform.routerRoot=app&unstable_transformProfile=hermes-stable:345740:26)
    at WrappedScreenComponent (http://hsrnekw-sharehost-8081.exp.direct/node_modules/expo-router/entry.bundle//&platform=ios&dev=true&hot=false&lazy=true&transform.engine=hermes&transform.bytecode=1&transform.routerRoot=app&unstable_transformProfile=hermes-stable:115922:49)
    at Suspense (<anonymous>)
    at ZoomTransitionTargetContextProvider (http://hsrnekw-sharehost-8081.exp.direct/node_modules/expo-router/entry.bundle//&platform=ios&dev=true&hot=false&lazy=true&transform.engine=hermes&transform.bytecode=1&transform.routerRoot=app&unstable_transformProfile=hermes-stable:116528:3)
    at Route (http://hsrnekw-sharehost-8081.exp.direct/node_modules/expo-router/entry.bundle//&platform=ios&dev=true&hot=false&lazy=true&transform.engine=hermes&transform.bytecode=1&transform.routerRoot=app&unstable_transformProfile=hermes-stable:98503:3)
    at Route() (http://hsrnekw-sharehost-8081.exp.direct/node_modules/expo-router/entry.bundle//&platform=ios&dev=true&hot=false&lazy=true&transform.engine=hermes&transform.bytecode=1&transform.routerRoot=app&unstable_transformProfile=hermes-stable:115927:5)
    at StaticContainer (http://hsrnekw-sharehost-8081.exp.direct/node_modules/expo-router/entry.bundle//&platform=ios&dev=true&hot=false&lazy=true&transform.engine=hermes&transform.bytecode=1&transform.routerRoot=app&unstable_transformProfile=hermes-stable:107713:17)
    at EnsureSingleNavigator (http://hsrnekw-sharehost-8081.exp.direct/node_modules/expo-router/entry.bundle//&platform=ios&dev=true&hot=false&lazy=true&transform.engine=hermes&transform.bytecode=1&transform.routerRoot=app&unstable_transformProfile=hermes-stable:102113:3)
    at SceneView (http://hsrnekw-sharehost-8081.exp.direct/node_modules/expo-router/entry.bundle//&platform=ios&dev=true&hot=false&lazy=true&transform.engine=hermes&transform.bytecode=1&transform.routerRoot=app&unstable_transformProfile=hermes-stable:107491:3)
    at NavigationProvider (http://hsrnekw-sharehost-8081.exp.direct/node_modules/expo-router/entry.bundle//&platform=ios&dev=true&hot=false&lazy=true&transform.engine=hermes&transform.bytecode=1&transform.routerRoot=app&unstable_transformProfile=hermes-stable:105391:3)
    at PreventRemoveProvider (http://hsrnekw-sharehost-8081.exp.direct/node_modules/expo-router/entry.bundle//&platform=ios&dev=true&hot=false&lazy=true&transform.engine=hermes&transform.bytecode=1&transform.routerRoot=app&unstable_transformProfile=hermes-stable:105716:3)
    at NavigationStateListenerProvider (http://hsrnekw-sharehost-8081.exp.direct/node_modules/expo-router/entry.bundle//&platform=ios&dev=true&hot=false&lazy=true&transform.engine=hermes&transform.bytecode=1&transform.routerRoot=app&unstable_transformProfile=hermes-stable:108392:3)
    at NavigationContent (http://hsrnekw-sharehost-8081.exp.direct/node_modules/expo-router/entry.bundle//&platform=ios&dev=true&hot=false&lazy=true&transform.engine=hermes&transform.bytecode=1&transform.routerRoot=app&unstable_transformProfile=hermes-stable:107144:27)
    at anonymous (http://hsrnekw-sharehost-8081.exp.direct/node_modules/expo-router/entry.bundle//&platform=ios&dev=true&hot=false&lazy=true&transform.engine=hermes&transform.bytecode=1&transform.routerRoot=app&unstable_transformProfile=hermes-stable:107159:25)
    at Content (http://hsrnekw-sharehost-8081.exp.direct/node_modules/expo-router/entry.bundle//&platform=ios&dev=true&hot=false&lazy=true&transform.engine=hermes&transform.bytecode=1&transform.routerRoot=app&unstable_transformProfile=hermes-stable:136774:43)
    at RNCSafeAreaProvider (<anonymous>)
    at SafeAreaProvider (http://hsrnekw-sharehost-8081.exp.direct/node_modules/expo-router/entry.bundle//&platform=ios&dev=true&hot=false&lazy=true&transform.engine=hermes&transform.bytecode=1&transform.routerRoot=app&unstable_transformProfile=hermes-stable:98116:3)
    at LinkPreviewContextProvider (http://hsrnekw-sharehost-8081.exp.direct/node_modules/expo-router/entry.bundle//&platform=ios&dev=true&hot=false&lazy=true&transform.engine=hermes&transform.bytecode=1&transform.routerRoot=app&unstable_transformProfile=hermes-stable:130350:3)
    at anonymous (http://hsrnekw-sharehost-8081.exp.direct/node_modules/expo-router/entry.bundle//&platform=ios&dev=true&hot=false&lazy=true&transform.engine=hermes&transform.bytecode=1&transform.routerRoot=app&unstable_transformProfile=hermes-stable:136666:46)
    at ThemeProvider (http://hsrnekw-sharehost-8081.exp.direct/node_modules/expo-router/entry.bundle//&platform=ios&dev=true&hot=false&lazy=true&transform.engine=hermes&transform.bytecode=1&transform.routerRoot=app&unstable_transformProfile=hermes-stable:102608:3)
    at EnsureSingleNavigator (http://hsrnekw-sharehost-8081.exp.direct/node_modules/expo-router/entry.bundle//&platform=ios&dev=true&hot=false&lazy=true&transform.engine=hermes&transform.bytecode=1&transform.routerRoot=app&unstable_transformProfile=hermes-stable:102113:3)
    at BaseNavigationContainer (http://hsrnekw-sharehost-8081.exp.direct/node_modules/expo-router/entry.bundle//&platform=ios&dev=true&hot=false&lazy=true&transform.engine=hermes&transform.bytecode=1&transform.routerRoot=app&unstable_transformProfile=hermes-stable:100309:3)
    at NavigationContainerInner (http://hsrnekw-sharehost-8081.exp.direct/node_modules/expo-router/entry.bundle//&platform=ios&dev=true&hot=false&lazy=true&transform.engine=hermes&transform.bytecode=1&transform.routerRoot=app&unstable_transformProfile=hermes-stable:136946:3)
    at ContextNavigator (http://hsrnekw-sharehost-8081.exp.direct/node_modules/expo-router/entry.bundle//&platform=ios&dev=true&hot=false&lazy=true&transform.engine=hermes&transform.bytecode=1&transform.routerRoot=app&unstable_transformProfile=hermes-stable:136692:3)
    at ExpoRoot (http://hsrnekw-sharehost-8081.exp.direct/node_modules/expo-router/entry.bundle//&platform=ios&dev=true&hot=false&lazy=true&transform.engine=hermes&transform.bytecode=1&transform.routerRoot=app&unstable_transformProfile=hermes-stable:136656:3)
    at App (<anonymous>)
    at withDevTools(App) (http://hsrnekw-sharehost-8081.exp.direct/node_modules/expo-router/entry.bundle//&platform=ios&dev=true&hot=false&lazy=true&transform.engine=hermes&transform.bytecode=1&transform.routerRoot=app&unstable_transformProfile=hermes-stable:92579:27)
    at RCTView (<anonymous>)
    at View (http://hsrnekw-sharehost-8081.exp.direct/node_modules/expo-router/entry.bundle//&platform=ios&dev=true&hot=false&lazy=true&transform.engine=hermes&transform.bytecode=1&transform.routerRoot=app&unstable_transformProfile=hermes-stable:58373:3)
    at RCTView (<anonymous>)
    at View (http://hsrnekw-sharehost-8081.exp.direct/node_modules/expo-router/entry.bundle//&platform=ios&dev=true&hot=false&lazy=true&transform.engine=hermes&transform.bytecode=1&transform.routerRoot=app&unstable_transformProfile=hermes-stable:58373:3)
    at AppContainer (http://hsrnekw-sharehost-8081.exp.direct/node_modules/expo-router/entry.bundle//&platform=ios&dev=true&hot=false&lazy=true&transform.engine=hermes&transform.bytecode=1&transform.routerRoot=app&unstable_transformProfile=hermes-stable:58182:22)
    at main(RootComponent) (http://hsrnekw-sharehost-8081.exp.direct/node_modules/expo-router/entry.bundle//&platform=ios&dev=true&hot=false&lazy=true&transform.engine=hermes&transform.bytecode=1&transform.routerRoot=app&unstable_transformProfile=hermes-stable:81696:34)"}}
 ERROR  [Error: Cannot find native module 'ExponentAV'] 

Code: audio-relay.ts
[0m [90m 12 |[39m [90m */[39m
 [90m 13 |[39m
[31m[1m>[22m[39m[90m 14 |[39m [36mimport[39m { [33mAudio[39m } [36mfrom[39m [32m'expo-av'[39m[33m;[39m
 [90m    |[39m [31m[1m^[22m[39m
 [90m 15 |[39m [36mimport[39m { [33mPlatform[39m } [36mfrom[39m [32m'react-native'[39m[33m;[39m
 [90m 16 |[39m
 [90m 17 |[39m [90m// ── Types ──[39m[0m
Call Stack
  <global> (lib/audio-relay.ts:14)
  <global> (hooks/useLiveAudio.ts:10)
  <global> (app/(tabs)/live/room/[roomId].tsx:25) 

Code: _layout.tsx
[0m [90m  5 |[39m [36mexport[39m [36mdefault[39m [36mfunction[39m [33mInboxLayout[39m() {
 [90m  6 |[39m   [36mreturn[39m (
[31m[1m>[22m[39m[90m  7 |[39m     [33m<[39m[33mStack[39m
 [90m    |[39m     [31m[1m^[22m[39m
 [90m  8 |[39m       screenOptions[33m=[39m{{
 [90m  9 |[39m         headerShown[33m:[39m [36mfalse[39m[33m,[39m
 [90m 10 |[39m         contentStyle[33m:[39m { backgroundColor[33m:[39m [33mColors[39m[33m.[39mdark[33m.[39mbackground }[33m,[39m[0m
Call Stack
  InboxLayout (app/inbox/_layout.tsx:7:5)
  RootLayoutNav (app/_layout.tsx:108:5)
  RootLayoutNavWithTheme (app/_layout.tsx:146:11)
  RootLayout (app/_layout.tsx:231:47)
 ERROR  [Error: Cannot find native module 'ExponentAV'] 

Code: audio-relay.ts
[0m [90m 12 |[39m [90m */[39m
 [90m 13 |[39m
[31m[1m>[22m[39m[90m 14 |[39m [36mimport[39m { [33mAudio[39m } [36mfrom[39m [32m'expo-av'[39m[33m;[39m
 [90m    |[39m [31m[1m^[22m[39m
 [90m 15 |[39m [36mimport[39m { [33mPlatform[39m } [36mfrom[39m [32m'react-native'[39m[33m;[39m
 [90m 16 |[39m
 [90m 17 |[39m [90m// ── Types ──[39m[0m
Call Stack
  <global> (lib/audio-relay.ts:14)
  <global> (hooks/useLiveAudio.ts:10)
  <global> (app/(tabs)/live/room/[roomId].tsx:25) 

Code: _layout.tsx
[0m [90m  5 |[39m [36mexport[39m [36mdefault[39m [36mfunction[39m [33mInboxLayout[39m() {
 [90m  6 |[39m   [36mreturn[39m (
[31m[1m>[22m[39m[90m  7 |[39m     [33m<[39m[33mStack[39m
 [90m    |[39m     [31m[1m^[22m[39m
 [90m  8 |[39m       screenOptions[33m=[39m{{
 [90m  9 |[39m         headerShown[33m:[39m [36mfalse[39m[33m,[39m
 [90m 10 |[39m         contentStyle[33m:[39m { backgroundColor[33m:[39m [33mColors[39m[33m.[39mdark[33m.[39mbackground }[33m,[39m[0m
Call Stack
  InboxLayout (app/inbox/_layout.tsx:7:5)
  RootLayoutNav (app/_layout.tsx:108:5)
  RootLayoutNavWithTheme (app/_layout.tsx:146:11)
  RootLayout (app/_layout.tsx:231:47)
 ERROR  [TypeError: Cannot read property 'ErrorBoundary' of undefined] 

Code: _layout.tsx
[0m [90m  5 |[39m [36mexport[39m [36mdefault[39m [36mfunction[39m [33mInboxLayout[39m() {
 [90m  6 |[39m   [36mreturn[39m (
[31m[1m>[22m[39m[90m  7 |[39m     [33m<[39m[33mStack[39m
 [90m    |[39m     [31m[1m^[22m[39m
 [90m  8 |[39m       screenOptions[33m=[39m{{
 [90m  9 |[39m         headerShown[33m:[39m [36mfalse[39m[33m,[39m
 [90m 10 |[39m         contentStyle[33m:[39m { backgroundColor[33m:[39m [33mColors[39m[33m.[39mdark[33m.[39mbackground }[33m,[39m[0m
Call Stack
  InboxLayout (app/inbox/_layout.tsx:7:5)
  RootLayoutNav (app/_layout.tsx:108:5)
  RootLayoutNavWithTheme (app/_layout.tsx:146:11)
  RootLayout (app/_layout.tsx:231:47)
 INFO  [2026-09-09T10:06:51.550Z] [INFO] [RootLayout] Navigation check {"currentSegment": "", "hasInitialized": false, "isAuthenticated": true, "onboardingCompleted": true}
 INFO  [2026-09-09T10:06:51.552Z] [INFO] [RootLayout] Navigating to {"targetRoute": "/(tabs)/(home)"}
 INFO  [2026-09-09T10:06:51.561Z] [INFO] [RootLayout] Navigation check {"currentSegment": "welcome", "hasInitialized": false, "isAuthenticated": true, "onboardingCompleted": true}
 INFO  [2026-09-09T10:06:51.562Z] [INFO] [RootLayout] Navigating to {"targetRoute": "/(tabs)/(home)"}
 LOG  Grid load: ["grabbedBundles"]
 LOG  Grid load: {"bundles": "recommend", "grabbedCount": 0}
 INFO  [2026-09-09T10:06:51.670Z] [INFO] [RootLayout] Navigation check {"currentSegment": "(tabs)", "hasInitialized": true, "isAuthenticated": true, "onboardingCompleted": true}
 ERROR  Grabbed bundles error: {"code": "42703", "details": null, "hint": null, "message": "column job_requests.proposed_budget does not exist"} 

Code: index.tsx
[0m [90m 1342 |[39m             [36mreturn[39m [][33m;[39m
 [90m 1343 |[39m           }
[31m[1m>[22m[39m[90m 1344 |[39m           console[33m.[39merror([32m'Grabbed bundles error:'[39m[33m,[39m error)[33m;[39m
 [90m      |[39m                        [31m[1m^[22m[39m
 [90m 1345 |[39m           [36mreturn[39m [][33m;[39m
 [90m 1346 |[39m         }
 [90m 1347 |[39m[0m
Call Stack
  useQuery$argument_0.queryFn (app/(tabs)/(home)/index.tsx:1344:24)
 INFO  [2026-09-09T10:06:53.929Z] [INFO] [RootLayout] Navigation check {"currentSegment": "(tabs)", "hasInitialized": true, "isAuthenticated": true, "onboardingCompleted": true}
 ERROR  [Error: Uncaught (in promise, id: 2) Object {
  "code": "PGRST204",
  "details": null,
  "hint": null,
  "message": "Could not find the 'view' column of 'bundles' in the schema cache",
}] Uncaught (in promise, id: 2) Object {
  "code": "PGRST204",
  "details": null,
  "hint": null,
  "message": "Could not find the 'view' column of 'bundles' in the schema cache",
}
 ERROR  [Error: Uncaught (in promise, id: 3) Object {
  "code": "PGRST204",
  "details": null,
  "hint": null,
  "message": "Could not find the 'view' column of 'skill_deals' in the schema cache",
}] Uncaught (in promise, id: 3) Object {
  "code": "PGRST204",
  "details": null,
  "hint": null,
  "message": "Could not find the 'view' column of 'skill_deals' in the schema cache",
}
iOS Bundled 98ms node_modules/expo-router/entry.js (1 module)
 INFO  [2026-09-09T10:07:21.036Z] [INFO] [SocialContext] Built default state for {"length": 0}
 WARN  Route "./(tabs)/live/room/[roomId].tsx" is missing the required default export. Ensure a React component is exported as default.
 WARN  Route "./(tabs)/live/room/plan-constants.ts" is missing the required default export. Ensure a React component is exported as default.
 ERROR  [Error: Cannot find native module 'ExponentAV'] 

Code: audio-relay.ts
[0m [90m 12 |[39m [90m */[39m
 [90m 13 |[39m
[31m[1m>[22m[39m[90m 14 |[39m [36mimport[39m { [33mAudio[39m } [36mfrom[39m [32m'expo-av'[39m[33m;[39m
 [90m    |[39m [31m[1m^[22m[39m
 [90m 15 |[39m [36mimport[39m { [33mPlatform[39m } [36mfrom[39m [32m'react-native'[39m[33m;[39m
 [90m 16 |[39m
 [90m 17 |[39m [90m// ── Types ──[39m[0m
Call Stack
  <global> (lib/audio-relay.ts:14)
  <global> (hooks/useLiveAudio.ts:10)
  <global> (app/(tabs)/live/room/[roomId].tsx:25)
 WARN  Route "./call/[roomId].tsx" is missing the required default export. Ensure a React component is exported as default.
 WARN  Route "./inbox/[notificationId].tsx" is missing the required default export. Ensure a React component is exported as default.
 WARN  Route "./inbox/conversation/[participantId].tsx" is missing the required default export. Ensure a React component is exported as default.
 ERROR  [Error: Cannot find native module 'ExponentAV'] 

Code: audio-relay.ts
[0m [90m 12 |[39m [90m */[39m
 [90m 13 |[39m
[31m[1m>[22m[39m[90m 14 |[39m [36mimport[39m { [33mAudio[39m } [36mfrom[39m [32m'expo-av'[39m[33m;[39m
 [90m    |[39m [31m[1m^[22m[39m
 [90m 15 |[39m [36mimport[39m { [33mPlatform[39m } [36mfrom[39m [32m'react-native'[39m[33m;[39m
 [90m 16 |[39m
 [90m 17 |[39m [90m// ── Types ──[39m[0m
Call Stack
  <global> (lib/audio-relay.ts:14)
  <global> (hooks/useLiveAudio.ts:10)
  <global> (app/(tabs)/live/room/[roomId].tsx:25)
 ERROR  [Error: Cannot find native module 'ExponentAV'] 

Code: audio-relay.ts
[0m [90m 12 |[39m [90m */[39m
 [90m 13 |[39m
[31m[1m>[22m[39m[90m 14 |[39m [36mimport[39m { [33mAudio[39m } [36mfrom[39m [32m'expo-av'[39m[33m;[39m
 [90m    |[39m [31m[1m^[22m[39m
 [90m 15 |[39m [36mimport[39m { [33mPlatform[39m } [36mfrom[39m [32m'react-native'[39m[33m;[39m
 [90m 16 |[39m
 [90m 17 |[39m [90m// ── Types ──[39m[0m
Call Stack
  <global> (lib/audio-relay.ts:14)
  <global> (hooks/useLiveAudio.ts:10)
  <global> (app/(tabs)/live/room/[roomId].tsx:25)
 ERROR  [Error: Cannot find native module 'ExponentAV'] 

Code: audio-relay.ts
[0m [90m 12 |[39m [90m */[39m
 [90m 13 |[39m
[31m[1m>[22m[39m[90m 14 |[39m [36mimport[39m { [33mAudio[39m } [36mfrom[39m [32m'expo-av'[39m[33m;[39m
 [90m    |[39m [31m[1m^[22m[39m
 [90m 15 |[39m [36mimport[39m { [33mPlatform[39m } [36mfrom[39m [32m'react-native'[39m[33m;[39m
 [90m 16 |[39m
 [90m 17 |[39m [90m// ── Types ──[39m[0m
Call Stack
  <global> (lib/audio-relay.ts:14)
  <global> (hooks/useLiveAudio.ts:10)
  <global> (app/(tabs)/live/room/[roomId].tsx:25)
 INFO  [2026-09-09T10:07:21.350Z] [INFO] [RootLayout] Still loading... {"authLoading": true, "onboardingLoading": true}
 INFO  [2026-09-09T10:07:21.357Z] [INFO] [BookingsContext] Starting to fetch all listings from Supabase...
 LOG  [DB] Fetching listings from Supabase... 
 LOG  [DB] Fetching products... 
 INFO  [2026-09-09T10:07:21.366Z] [INFO] [MarketplaceContext] Saved products are backend-only (no local state)
 LOG  [DB] Fetching posts...
 LOG  [DB] Fetching stories...
 INFO  [2026-09-09T10:07:21.380Z] [INFO] [SocialContext] Social interaction state is in-memory only
 INFO  [2026-09-09T10:07:21.381Z] [INFO] [SocialContext] Story interaction state is in-memory only
 INFO  [2026-09-09T10:07:21.381Z] [INFO] [SocialContext] User posts are loaded from Supabase posts table
 INFO  [2026-09-09T10:07:21.382Z] [INFO] [SocialContext] User stories are loaded from Supabase stories table
 INFO  [2026-09-09T10:07:21.386Z] [INFO] [Root] App mounted
 WARN  [DB] No authenticated user available — returning null
 INFO  [2026-09-09T10:07:21.399Z] [INFO] [BookingsContext] Fetching my listings for host {"hostId": ""}
 INFO  [2026-09-09T10:07:21.402Z] [INFO] [Auth] Auth state changed {"event": "INITIAL_SESSION", "hasSession": false}
 INFO  [2026-09-09T10:07:21.414Z] [INFO] [RootLayout] Still loading... {"authLoading": false, "onboardingLoading": true}
 INFO  [2026-09-09T10:07:21.415Z] [INFO] [BookingsContext] Hydrated favorites {"length": 0}
 INFO  [2026-09-09T10:07:21.416Z] [INFO] [BookingsContext] Hydrated rental submissions {"length": 0}
 INFO  [2026-09-09T10:07:21.416Z] [INFO] [MessagingContext] Hydrated messaging state from storage
 INFO  [2026-09-09T10:07:21.416Z] [INFO] [ConnectionsContext] Building connections from Supabase users
 LOG  [DB] Fetching users...
 INFO  [2026-09-09T10:07:21.417Z] [INFO] [Theme] Loaded saved theme {"savedTheme": "dark"}
 INFO  [2026-09-09T10:07:21.417Z] [INFO] [BookingsContext] Hydrated bookings from local {"length": 0}
 INFO  [2026-09-09T10:07:21.451Z] [INFO] [RootLayout] Navigation check {"currentSegment": "", "hasInitialized": false, "isAuthenticated": false, "onboardingCompleted": true}
 INFO  [2026-09-09T10:07:21.451Z] [INFO] [RootLayout] Navigating to {"targetRoute": "/welcome"}
 INFO  [2026-09-09T10:07:21.567Z] [INFO] [RootLayout] Navigation check {"currentSegment": "welcome", "hasInitialized": true, "isAuthenticated": false, "onboardingCompleted": true}
 LOG  [DB] Fetched products: 0
 LOG  [DB] Fetched users: 10
 LOG  [DB] Fetched posts: 22
 INFO  [2026-09-09T10:07:21.671Z] [INFO] [SocialContext] Fetched posts from Supabase {"length": 22}
 LOG  [DB] Fetching users...
 LOG  [DB] Fetched stories: 0
 INFO  [2026-09-09T10:07:21.672Z] [INFO] [SocialContext] No Supabase stories
 LOG  [DB] Fetched listings from Supabase: 0
 INFO  [2026-09-09T10:07:21.673Z] [INFO] [BookingsContext] Listings query result {"value": 0}
 INFO  [2026-09-09T10:07:21.673Z] [INFO] [BookingsContext] No listings found in Supabase
 INFO  [2026-09-09T10:07:21.763Z] [INFO] [SocialContext] Loaded {"length": 22}
 INFO  [2026-09-09T10:07:21.764Z] [INFO] [SocialContext] Built default state for {"length": 22}
 LOG  [DB] Fetched users: 10
 INFO  [2026-09-09T10:07:21.767Z] [INFO] [SocialContext] Built default state for {"length": 22}
 INFO  [2026-09-09T10:07:21.769Z] [INFO] [SocialContext] Merged persisted interactions {"merged": 24}
 LOG  [Welcome] handleLogin
 INFO  [2026-09-09T10:07:35.192Z] [INFO] [Auth] Sign in with {"trimmedInput": "doseofitllc@gmail.com", "value": "email"}
 INFO  [2026-09-09T10:07:35.556Z] [INFO] [Auth] Auth state changed {"event": "SIGNED_IN", "hasSession": true}
 INFO  [2026-09-09T10:07:35.686Z] [INFO] [Auth] Built profile {"hasName": true, "phone": null, "userId": "d8694830-980e-43e7-9763-979eae54e1da"}
 INFO  [2026-09-09T10:07:35.732Z] [INFO] [RootLayout] Navigation check {"currentSegment": "welcome", "hasInitialized": true, "isAuthenticated": true, "onboardingCompleted": true}
 INFO  [2026-09-09T10:07:35.733Z] [INFO] [RootLayout] Navigating to {"targetRoute": "/(tabs)/(home)"}
 INFO  [2026-09-09T10:07:35.741Z] [INFO] [Planner] Fetching plans...
 INFO  [2026-09-09T10:07:35.759Z] [INFO] [Auth] Sign in successful
 LOG  [Welcome] signIn result: {"success": true}
 INFO  [2026-09-09T10:07:35.760Z] [INFO] [MessagingContext] Hydrated messaging state from storage
 LOG  Grid load: ["grabbedBundles"]
 LOG  Grid load: {"bundles": "recommend", "grabbedCount": 0}
 INFO  [2026-09-09T10:07:35.992Z] [INFO] [RootLayout] Navigation check {"currentSegment": "(tabs)", "hasInitialized": true, "isAuthenticated": true, "onboardingCompleted": true}
 LOG  Grid load: {"bundles": "recommend", "grabbedCount": 0}
 ERROR  Grabbed bundles error: {"code": "42703", "details": null, "hint": null, "message": "column job_requests.proposed_budget does not exist"} 

Code: index.tsx
[0m [90m 1342 |[39m             [36mreturn[39m [][33m;[39m
 [90m 1343 |[39m           }
[31m[1m>[22m[39m[90m 1344 |[39m           console[33m.[39merror([32m'Grabbed bundles error:'[39m[33m,[39m error)[33m;[39m
 [90m      |[39m                        [31m[1m^[22m[39m
 [90m 1345 |[39m           [36mreturn[39m [][33m;[39m
 [90m 1346 |[39m         }
 [90m 1347 |[39m[0m
Call Stack
  useQuery$argument_0.queryFn (app/(tabs)/(home)/index.tsx:1344:24)
 INFO  [2026-09-09T10:07:36.168Z] [INFO] [Planner] Fetched plans from Supabase {"length": 9}
 INFO  [2026-09-09T10:07:36.230Z] [INFO] [MessagingContext] Synced Supabase conversations {"added": 1}
 ERROR  [Error: Uncaught (in promise, id: 0) Object {
  "code": "PGRST204",
  "details": null,
  "hint": null,
  "message": "Could not find the 'view' column of 'bundles' in the schema cache",
}] Uncaught (in promise, id: 0) Object {
  "code": "PGRST204",
  "details": null,
  "hint": null,
  "message": "Could not find the 'view' column of 'bundles' in the schema cache",
}
 ERROR  [Error: Uncaught (in promise, id: 1) Object {
  "code": "PGRST204",
  "details": null,
  "hint": null,
  "message": "Could not find the 'view' column of 'skill_deals' in the schema cache",
}] Uncaught (in promise, id: 1) Object {
  "code": "PGRST204",
  "details": null,
  "hint": null,
  "message": "Could not find the 'view' column of 'skill_deals' in the schema cache",
}
 INFO  [2026-09-09T10:07:39.642Z] [INFO] [RootLayout] Navigation check {"currentSegment": "(tabs)", "hasInitialized": true, "isAuthenticated": true, "onboardingCompleted": true}
 INFO  [2026-09-09T10:07:41.133Z] [INFO] [RootLayout] Navigation check {"currentSegment": "(tabs)", "hasInitialized": true, "isAuthenticated": true, "onboardingCompleted": true}
 ERROR  [Error: Cannot find native module 'ExponentAV'] 

Code: audio-relay.ts
[0m [90m 12 |[39m [90m */[39m
 [90m 13 |[39m
[31m[1m>[22m[39m[90m 14 |[39m [36mimport[39m { [33mAudio[39m } [36mfrom[39m [32m'expo-av'[39m[33m;[39m
 [90m    |[39m [31m[1m^[22m[39m
 [90m 15 |[39m [36mimport[39m { [33mPlatform[39m } [36mfrom[39m [32m'react-native'[39m[33m;[39m
 [90m 16 |[39m
 [90m 17 |[39m [90m// ── Types ──[39m[0m
Call Stack
  <global> (lib/audio-relay.ts:14)
  <global> (hooks/useLiveAudio.ts:10)
  <global> (app/(tabs)/live/room/[roomId].tsx:25) 

Code: _layout.tsx
[0m [90m 3 |[39m [36mexport[39m [36mdefault[39m [36mfunction[39m [33mLiveLayout[39m() {
 [90m 4 |[39m   [36mreturn[39m (
[31m[1m>[22m[39m[90m 5 |[39m     [33m<[39m[33mStack[39m screenOptions[33m=[39m{{ headerShown[33m:[39m [36mfalse[39m }}[33m>[39m
 [90m   |[39m     [31m[1m^[22m[39m
 [90m 6 |[39m       [33m<[39m[33mStack[39m[33m.[39m[33mScreen[39m name[33m=[39m[32m"index"[39m [33m/[39m[33m>[39m
 [90m 7 |[39m       [33m<[39m[33mStack[39m[33m.[39m[33mScreen[39m name[33m=[39m[32m"room/[roomId]"[39m [33m/[39m[33m>[39m
 [90m 8 |[39m     [33m<[39m[33m/[39m[33mStack[39m[33m>[39m[0m
Call Stack
  LiveLayout (app/(tabs)/live/_layout.tsx:5:5)
  TabLayout (app/(tabs)/_layout.tsx:19:5)
  RootLayoutNav (app/_layout.tsx:108:5)
  RootLayoutNavWithTheme (app/_layout.tsx:146:11)
  RootLayout (app/_layout.tsx:231:47)
 ERROR  [Error: Cannot find native module 'ExponentAV'] 

Code: audio-relay.ts
[0m [90m 12 |[39m [90m */[39m
 [90m 13 |[39m
[31m[1m>[22m[39m[90m 14 |[39m [36mimport[39m { [33mAudio[39m } [36mfrom[39m [32m'expo-av'[39m[33m;[39m
 [90m    |[39m [31m[1m^[22m[39m
 [90m 15 |[39m [36mimport[39m { [33mPlatform[39m } [36mfrom[39m [32m'react-native'[39m[33m;[39m
 [90m 16 |[39m
 [90m 17 |[39m [90m// ── Types ──[39m[0m
Call Stack
  <global> (lib/audio-relay.ts:14)
  <global> (hooks/useLiveAudio.ts:10)
  <global> (app/(tabs)/live/room/[roomId].tsx:25) 

Code: _layout.tsx
[0m [90m 3 |[39m [36mexport[39m [36mdefault[39m [36mfunction[39m [33mLiveLayout[39m() {
 [90m 4 |[39m   [36mreturn[39m (
[31m[1m>[22m[39m[90m 5 |[39m     [33m<[39m[33mStack[39m screenOptions[33m=[39m{{ headerShown[33m:[39m [36mfalse[39m }}[33m>[39m
 [90m   |[39m     [31m[1m^[22m[39m
 [90m 6 |[39m       [33m<[39m[33mStack[39m[33m.[39m[33mScreen[39m name[33m=[39m[32m"index"[39m [33m/[39m[33m>[39m
 [90m 7 |[39m       [33m<[39m[33mStack[39m[33m.[39m[33mScreen[39m name[33m=[39m[32m"room/[roomId]"[39m [33m/[39m[33m>[39m
 [90m 8 |[39m     [33m<[39m[33m/[39m[33mStack[39m[33m>[39m[0m
Call Stack
  LiveLayout (app/(tabs)/live/_layout.tsx:5:5)
  TabLayout (app/(tabs)/_layout.tsx:19:5)
  RootLayoutNav (app/_layout.tsx:108:5)
  RootLayoutNavWithTheme (app/_layout.tsx:146:11)
  RootLayout (app/_layout.tsx:231:47)
 ERROR  [TypeError: Cannot read property 'ErrorBoundary' of undefined] 

Code: _layout.tsx
[0m [90m 3 |[39m [36mexport[39m [36mdefault[39m [36mfunction[39m [33mLiveLayout[39m() {
 [90m 4 |[39m   [36mreturn[39m (
[31m[1m>[22m[39m[90m 5 |[39m     [33m<[39m[33mStack[39m screenOptions[33m=[39m{{ headerShown[33m:[39m [36mfalse[39m }}[33m>[39m
 [90m   |[39m     [31m[1m^[22m[39m
 [90m 6 |[39m       [33m<[39m[33mStack[39m[33m.[39m[33mScreen[39m name[33m=[39m[32m"index"[39m [33m/[39m[33m>[39m
 [90m 7 |[39m       [33m<[39m[33mStack[39m[33m.[39m[33mScreen[39m name[33m=[39m[32m"room/[roomId]"[39m [33m/[39m[33m>[39m
 [90m 8 |[39m     [33m<[39m[33m/[39m[33mStack[39m[33m>[39m[0m
Call Stack
  LiveLayout (app/(tabs)/live/_layout.tsx:5:5)
  TabLayout (app/(tabs)/_layout.tsx:19:5)
  RootLayoutNav (app/_layout.tsx:108:5)
  RootLayoutNavWithTheme (app/_layout.tsx:146:11)
  RootLayout (app/_layout.tsx:231:47)
 LOG  [AppErrorBoundary] Caught error {"error": [TypeError: Cannot read property 'ErrorBoundary' of undefined], "errorInfo": {"componentStack": "
    at SceneView (http://hsrnekw-sharehost-8081.exp.direct/node_modules/expo-router/entry.bundle//&platform=ios&dev=true&hot=false&lazy=true&transform.engine=hermes&transform.bytecode=1&transform.routerRoot=app&unstable_transformProfile=hermes-stable:107491:3)
    at NavigationProvider (http://hsrnekw-sharehost-8081.exp.direct/node_modules/expo-router/entry.bundle//&platform=ios&dev=true&hot=false&lazy=true&transform.engine=hermes&transform.bytecode=1&transform.routerRoot=app&unstable_transformProfile=hermes-stable:105391:3)
    at RNSScreenContentWrapper (<anonymous>)
    at ScreenContentWrapper (<anonymous>)
    at DebugContainer (http://hsrnekw-sharehost-8081.exp.direct/node_modules/expo-router/entry.bundle//&platform=ios&dev=true&hot=false&lazy=true&transform.engine=hermes&transform.bytecode=1&transform.routerRoot=app&unstable_transformProfile=hermes-stable:125563:9)
    at RNSScreen (<anonymous>)
    at Animated(Anonymous) (http://hsrnekw-sharehost-8081.exp.direct/node_modules/expo-router/entry.bundle//&platform=ios&dev=true&hot=false&lazy=true&transform.engine=hermes&transform.bytecode=1&transform.routerRoot=app&unstable_transformProfile=hermes-stable:68399:29)
    at Suspender (http://hsrnekw-sharehost-8081.exp.direct/node_modules/expo-router/entry.bundle//&platform=ios&dev=true&hot=false&lazy=true&transform.engine=hermes&transform.bytecode=1&transform.routerRoot=app&unstable_transformProfile=hermes-stable:123598:3)
    at Suspense (<anonymous>)
    at Freeze (http://hsrnekw-sharehost-8081.exp.direct/node_modules/expo-router/entry.bundle//&platform=ios&dev=true&hot=false&lazy=true&transform.engine=hermes&transform.bytecode=1&transform.routerRoot=app&unstable_transformProfile=hermes-stable:123609:3)
    at DelayedFreeze (http://hsrnekw-sharehost-8081.exp.direct/node_modules/expo-router/entry.bundle//&platform=ios&dev=true&hot=false&lazy=true&transform.engine=hermes&transform.bytecode=1&transform.routerRoot=app&unstable_transformProfile=hermes-stable:123565:3)
    at InnerScreen (http://hsrnekw-sharehost-8081.exp.direct/node_modules/expo-router/entry.bundle//&platform=ios&dev=true&hot=false&lazy=true&transform.engine=hermes&transform.bytecode=1&transform.routerRoot=app&unstable_transformProfile=hermes-stable:123302:40)
    at Screen (http://hsrnekw-sharehost-8081.exp.direct/node_modules/expo-router/entry.bundle//&platform=ios&dev=true&hot=false&lazy=true&transform.engine=hermes&transform.bytecode=1&transform.routerRoot=app&unstable_transformProfile=hermes-stable:123501:49)
    at ScreenStackItem (http://hsrnekw-sharehost-8081.exp.direct/node_modules/expo-router/entry.bundle//&platform=ios&dev=true&hot=false&lazy=true&transform.engine=hermes&transform.bytecode=1&transform.routerRoot=app&unstable_transformProfile=hermes-stable:125330:3)
    at NavigationProvider (http://hsrnekw-sharehost-8081.exp.direct/node_modules/expo-router/entry.bundle//&platform=ios&dev=true&hot=false&lazy=true&transform.engine=hermes&transform.bytecode=1&transform.routerRoot=app&unstable_transformProfile=hermes-stable:105391:3)
    at SceneView (http://hsrnekw-sharehost-8081.exp.direct/node_modules/expo-router/entry.bundle//&platform=ios&dev=true&hot=false&lazy=true&transform.engine=hermes&transform.bytecode=1&transform.routerRoot=app&unstable_transformProfile=hermes-stable:133177:19)
    at RNSScreenStack (<anonymous>)
    at anonymous (http://hsrnekw-sharehost-8081.exp.direct/node_modules/expo-router/entry.bundle//&platform=ios&dev=true&hot=false&lazy=true&transform.engine=hermes&transform.bytecode=1&transform.routerRoot=app&unstable_transformProfile=hermes-stable:125217:20)
    at ScreenStack (http://hsrnekw-sharehost-8081.exp.direct/node_modules/expo-router/entry.bundle//&platform=ios&dev=true&hot=false&lazy=true&transform.engine=hermes&transform.bytecode=1&transform.routerRoot=app&unstable_transformProfile=hermes-stable:125150:7)
    at RCTView (<anonymous>)
    at View (http://hsrnekw-sharehost-8081.exp.direct/node_modules/expo-router/entry.bundle//&platform=ios&dev=true&hot=false&lazy=true&transform.engine=hermes&transform.bytecode=1&transform.routerRoot=app&unstable_transformProfile=hermes-stable:58373:3)
    at FrameSizeProvider (http://hsrnekw-sharehost-8081.exp.direct/node_modules/expo-router/entry.bundle//&platform=ios&dev=true&hot=false&lazy=true&transform.engine=hermes&transform.bytecode=1&transform.routerRoot=app&unstable_transformProfile=hermes-stable:120446:3)
    at SafeAreaProviderCompat (http://hsrnekw-sharehost-8081.exp.direct/node_modules/expo-router/entry.bundle//&platform=ios&dev=true&hot=false&lazy=true&transform.engine=hermes&transform.bytecode=1&transform.routerRoot=app&unstable_transformProfile=hermes-stable:121892:3)
    at NativeStackView (http://hsrnekw-sharehost-8081.exp.direct/node_modules/expo-router/entry.bundle//&platform=ios&dev=true&hot=false&lazy=true&transform.engine=hermes&transform.bytecode=1&transform.routerRoot=app&unstable_transformProfile=hermes-stable:133492:3)
    at PreventRemoveProvider (http://hsrnekw-sharehost-8081.exp.direct/node_modules/expo-router/entry.bundle//&platform=ios&dev=true&hot=false&lazy=true&transform.engine=hermes&transform.bytecode=1&transform.routerRoot=app&unstable_transformProfile=hermes-stable:105716:3)
    at NavigationStateListenerProvider (http://hsrnekw-sharehost-8081.exp.direct/node_modules/expo-router/entry.bundle//&platform=ios&dev=true&hot=false&lazy=true&transform.engine=hermes&transform.bytecode=1&transform.routerRoot=app&unstable_transformProfile=hermes-stable:108392:3)
    at NavigationContent (http://hsrnekw-sharehost-8081.exp.direct/node_modules/expo-router/entry.bundle//&platform=ios&dev=true&hot=false&lazy=true&transform.engine=hermes&transform.bytecode=1&transform.routerRoot=app&unstable_transformProfile=hermes-stable:107144:27)
    at anonymous (http://hsrnekw-sharehost-8081.exp.direct/node_modules/expo-router/entry.bundle//&platform=ios&dev=true&hot=false&lazy=true&transform.engine=hermes&transform.bytecode=1&transform.routerRoot=app&unstable_transformProfile=hermes-stable:107159:25)
    at NativeStackNavigator (http://hsrnekw-sharehost-8081.exp.direct/node_modules/expo-router/entry.bundle//&platform=ios&dev=true&hot=false&lazy=true&transform.engine=hermes&transform.bytecode=1&transform.routerRoot=app&unstable_transformProfile=hermes-stable:132537:3)
    at anonymous (http://hsrnekw-sharehost-8081.exp.direct/node_modules/expo-router/entry.bundle//&platform=ios&dev=true&hot=false&lazy=true&transform.engine=hermes&transform.bytecode=1&transform.routerRoot=app&unstable_transformProfile=hermes-stable:99318:50)
    at anonymous (http://hsrnekw-sharehost-8081.exp.direct/node_modules/expo-router/entry.bundle//&platform=ios&dev=true&hot=false&lazy=true&transform.engine=hermes&transform.bytecode=1&transform.routerRoot=app&unstable_transformProfile=hermes-stable:99073:56)
    at LiveLayout(./(tabs)/live/_layout.tsx) (<anonymous>)
    at WrappedScreenComponent (http://hsrnekw-sharehost-8081.exp.direct/node_modules/expo-router/entry.bundle//&platform=ios&dev=true&hot=false&lazy=true&transform.engine=hermes&transform.bytecode=1&transform.routerRoot=app&unstable_transformProfile=hermes-stable:115922:49)
    at Suspense (<anonymous>)
    at ZoomTransitionTargetContextProvider (http://hsrnekw-sharehost-8081.exp.direct/node_modules/expo-router/entry.bundle//&platform=ios&dev=true&hot=false&lazy=true&transform.engine=hermes&transform.bytecode=1&transform.routerRoot=app&unstable_transformProfile=hermes-stable:116528:3)
    at Route (http://hsrnekw-sharehost-8081.exp.direct/node_modules/expo-router/entry.bundle//&platform=ios&dev=true&hot=false&lazy=true&transform.engine=hermes&transform.bytecode=1&transform.routerRoot=app&unstable_transformProfile=hermes-stable:98503:3)
    at Route(live) (http://hsrnekw-sharehost-8081.exp.direct/node_modules/expo-router/entry.bundle//&platform=ios&dev=true&hot=false&lazy=true&transform.engine=hermes&transform.bytecode=1&transform.routerRoot=app&unstable_transformProfile=hermes-stable:115927:5)
    at StaticContainer (http://hsrnekw-sharehost-8081.exp.direct/node_modules/expo-router/entry.bundle//&platform=ios&dev=true&hot=false&lazy=true&transform.engine=hermes&transform.bytecode=1&transform.routerRoot=app&unstable_transformProfile=hermes-stable:107713:17)
    at EnsureSingleNavigator (http://hsrnekw-sharehost-8081.exp.direct/node_modules/expo-router/entry.bundle//&platform=ios&dev=true&hot=false&lazy=true&transform.engine=hermes&transform.bytecode=1&transform.routerRoot=app&unstable_transformProfile=hermes-stable:102113:3)
    at SceneView (http://hsrnekw-sharehost-8081.exp.direct/node_modules/expo-router/entry.bundle//&platform=ios&dev=true&hot=false&lazy=true&transform.engine=hermes&transform.bytecode=1&transform.routerRoot=app&unstable_transformProfile=hermes-stable:107491:3)
    at NavigationProvider (http://hsrnekw-sharehost-8081.exp.direct/node_modules/expo-router/entry.bundle//&platform=ios&dev=true&hot=false&lazy=true&transform.engine=hermes&transform.bytecode=1&transform.routerRoot=app&unstable_transformProfile=hermes-stable:105391:3)
    at RCTView (<anonymous>)
    at View (http://hsrnekw-sharehost-8081.exp.direct/node_modules/expo-router/entry.bundle//&platform=ios&dev=true&hot=false&lazy=true&transform.engine=hermes&transform.bytecode=1&transform.routerRoot=app&unstable_transformProfile=hermes-stable:58373:3)
    at RCTView (<anonymous>)
    at View (http://hsrnekw-sharehost-8081.exp.direct/node_modules/expo-router/entry.bundle//&platform=ios&dev=true&hot=false&lazy=true&transform.engine=hermes&transform.bytecode=1&transform.routerRoot=app&unstable_transformProfile=hermes-stable:58373:3)
    at Animated(View) (http://hsrnekw-sharehost-8081.exp.direct/node_modules/expo-router/entry.bundle//&platform=ios&dev=true&hot=false&lazy=true&transform.engine=hermes&transform.bytecode=1&transform.routerRoot=app&unstable_transformProfile=hermes-stable:68399:29)
    at Background (http://hsrnekw-sharehost-8081.exp.direct/node_modules/expo-router/entry.bundle//&platform=ios&dev=true&hot=false&lazy=true&transform.engine=hermes&transform.bytecode=1&transform.routerRoot=app&unstable_transformProfile=hermes-stable:117701:3)
    at Screen (http://hsrnekw-sharehost-8081.exp.direct/node_modules/expo-router/entry.bundle//&platform=ios&dev=true&hot=false&lazy=true&transform.engine=hermes&transform.bytecode=1&transform.routerRoot=app&unstable_transformProfile=hermes-stable:121993:73)
    at RNSScreen (<anonymous>)
    at Animated(Anonymous) (http://hsrnekw-sharehost-8081.exp.direct/node_modules/expo-router/entry.bundle//&platform=ios&dev=true&hot=false&lazy=true&transform.engine=hermes&transform.bytecode=1&transform.routerRoot=app&unstable_transformProfile=hermes-stable:68399:29)
    at Suspender (http://hsrnekw-sharehost-8081.exp.direct/node_modules/expo-router/entry.bundle//&platform=ios&dev=true&hot=false&lazy=true&transform.engine=hermes&transform.bytecode=1&transform.routerRoot=app&unstable_transformProfile=hermes-stable:123598:3)
    at Suspense (<anonymous>)
    at Freeze (http://hsrnekw-sharehost-8081.exp.direct/node_modules/expo-router/entry.bundle//&platform=ios&dev=true&hot=false&lazy=true&transform.engine=hermes&transform.bytecode=1&transform.routerRoot=app&unstable_transformProfile=hermes-stable:123609:3)
    at DelayedFreeze (http://hsrnekw-sharehost-8081.exp.direct/node_modules/expo-router/entry.bundle//&platform=ios&dev=true&hot=false&lazy=true&transform.engine=hermes&transform.bytecode=1&transform.routerRoot=app&unstable_transformProfile=hermes-stable:123565:3)
    at InnerScreen (http://hsrnekw-sharehost-8081.exp.direct/node_modules/expo-router/entry.bundle//&platform=ios&dev=true&hot=false&lazy=true&transform.engine=hermes&transform.bytecode=1&transform.routerRoot=app&unstable_transformProfile=hermes-stable:123302:40)
    at Screen (http://hsrnekw-sharehost-8081.exp.direct/node_modules/expo-router/entry.bundle//&platform=ios&dev=true&hot=false&lazy=true&transform.engine=hermes&transform.bytecode=1&transform.routerRoot=app&unstable_transformProfile=hermes-stable:123501:49)
    at MaybeScreen (http://hsrnekw-sharehost-8081.exp.direct/node_modules/expo-router/entry.bundle//&platform=ios&dev=true&hot=false&lazy=true&transform.engine=hermes&transform.bytecode=1&transform.routerRoot=app&unstable_transformProfile=hermes-stable:122967:3)
    at RNSScreenNavigationContainer (<anonymous>)
    at ScreenContainer (http://hsrnekw-sharehost-8081.exp.direct/node_modules/expo-router/entry.bundle//&platform=ios&dev=true&hot=false&lazy=true&transform.engine=hermes&transform.bytecode=1&transform.routerRoot=app&unstable_transformProfile=hermes-stable:125028:7)
    at MaybeScreenContainer (http://hsrnekw-sharehost-8081.exp.direct/node_modules/expo-router/entry.bundle//&platform=ios&dev=true&hot=false&lazy=true&transform.engine=hermes&transform.bytecode=1&transform.routerRoot=app&unstable_transformProfile=hermes-stable:122952:30)
    at RCTView (<anonymous>)
    at View (http://hsrnekw-sharehost-8081.exp.direct/node_modules/expo-router/entry.bundle//&platform=ios&dev=true&hot=false&lazy=true&transform.engine=hermes&transform.bytecode=1&transform.routerRoot=app&unstable_transformProfile=hermes-stable:58373:3)
    at FrameSizeProvider (http://hsrnekw-sharehost-8081.exp.direct/node_modules/expo-router/entry.bundle//&platform=ios&dev=true&hot=false&lazy=true&transform.engine=hermes&transform.bytecode=1&transform.routerRoot=app&unstable_transformProfile=hermes-stable:120446:3)
    at SafeAreaProviderCompat (http://hsrnekw-sharehost-8081.exp.direct/node_modules/expo-router/entry.bundle//&platform=ios&dev=true&hot=false&lazy=true&transform.engine=hermes&transform.bytecode=1&transform.routerRoot=app&unstable_transformProfile=hermes-stable:121892:3)
    at BottomTabView (http://hsrnekw-sharehost-8081.exp.direct/node_modules/expo-router/entry.bundle//&platform=ios&dev=true&hot=false&lazy=true&transform.engine=hermes&transform.bytecode=1&transform.routerRoot=app&unstable_transformProfile=hermes-stable:117108:7)
    at PreventRemoveProvider (http://hsrnekw-sharehost-8081.exp.direct/node_modules/expo-router/entry.bundle//&platform=ios&dev=true&hot=false&lazy=true&transform.engine=hermes&transform.bytecode=1&transform.routerRoot=app&unstable_transformProfile=hermes-stable:105716:3)
    at NavigationStateListenerProvider (http://hsrnekw-sharehost-8081.exp.direct/node_modules/expo-router/entry.bundle//&platform=ios&dev=true&hot=false&lazy=true&transform.engine=hermes&transform.bytecode=1&transform.routerRoot=app&unstable_transformProfile=hermes-stable:108392:3)
    at NavigationContent (http://hsrnekw-sharehost-8081.exp.direct/node_modules/expo-router/entry.bundle//&platform=ios&dev=true&hot=false&lazy=true&transform.engine=hermes&transform.bytecode=1&transform.routerRoot=app&unstable_transformProfile=hermes-stable:107144:27)
    at anonymous (http://hsrnekw-sharehost-8081.exp.direct/node_modules/expo-router/entry.bundle//&platform=ios&dev=true&hot=false&lazy=true&transform.engine=hermes&transform.bytecode=1&transform.routerRoot=app&unstable_transformProfile=hermes-stable:107159:25)
    at BottomTabNavigator (http://hsrnekw-sharehost-8081.exp.direct/node_modules/expo-router/entry.bundle//&platform=ios&dev=true&hot=false&lazy=true&transform.engine=hermes&transform.bytecode=1&transform.routerRoot=app&unstable_transformProfile=hermes-stable:116965:3)
    at anonymous (http://hsrnekw-sharehost-8081.exp.direct/node_modules/expo-router/entry.bundle//&platform=ios&dev=true&hot=false&lazy=true&transform.engine=hermes&transform.bytecode=1&transform.routerRoot=app&unstable_transformProfile=hermes-stable:99318:50)
    at TabLayout(./(tabs)/_layout.tsx) (http://hsrnekw-sharehost-8081.exp.direct/node_modules/expo-router/entry.bundle//&platform=ios&dev=true&hot=false&lazy=true&transform.engine=hermes&transform.bytecode=1&transform.routerRoot=app&unstable_transformProfile=hermes-stable:308670:44)
    at WrappedScreenComponent (http://hsrnekw-sharehost-8081.exp.direct/node_modules/expo-router/entry.bundle//&platform=ios&dev=true&hot=false&lazy=true&transform.engine=hermes&transform.bytecode=1&transform.routerRoot=app&unstable_transformProfile=hermes-stable:115922:49)
    at Suspense (<anonymous>)
    at ZoomTransitionTargetContextProvider (http://hsrnekw-sharehost-8081.exp.direct/node_modules/expo-router/entry.bundle//&platform=ios&dev=true&hot=false&lazy=true&transform.engine=hermes&transform.bytecode=1&transform.routerRoot=app&unstable_transformProfile=hermes-stable:116528:3)
    at Route (http://hsrnekw-sharehost-8081.exp.direct/node_modules/expo-router/entry.bundle//&platform=ios&dev=true&hot=false&lazy=true&transform.engine=hermes&transform.bytecode=1&transform.routerRoot=app&unstable_transformProfile=hermes-stable:98503:3)
    at Route((tabs)) (http://hsrnekw-sharehost-8081.exp.direct/node_modules/expo-router/entry.bundle//&platform=ios&dev=true&hot=false&lazy=true&transform.engine=hermes&transform.bytecode=1&transform.routerRoot=app&unstable_transformProfile=hermes-stable:115927:5)
    at StaticContainer (http://hsrnekw-sharehost-8081.exp.direct/node_modules/expo-router/entry.bundle//&platform=ios&dev=true&hot=false&lazy=true&transform.engine=hermes&transform.bytecode=1&transform.routerRoot=app&unstable_transformProfile=hermes-stable:107713:17)
    at EnsureSingleNavigator (http://hsrnekw-sharehost-8081.exp.direct/node_modules/expo-router/entry.bundle//&platform=ios&dev=true&hot=false&lazy=true&transform.engine=hermes&transform.bytecode=1&transform.routerRoot=app&unstable_transformProfile=hermes-stable:102113:3)
    at SceneView (http://hsrnekw-sharehost-8081.exp.direct/node_modules/expo-router/entry.bundle//&platform=ios&dev=true&hot=false&lazy=true&transform.engine=hermes&transform.bytecode=1&transform.routerRoot=app&unstable_transformProfile=hermes-stable:107491:3)
    at NavigationProvider (http://hsrnekw-sharehost-8081.exp.direct/node_modules/expo-router/entry.bundle//&platform=ios&dev=true&hot=false&lazy=true&transform.engine=hermes&transform.bytecode=1&transform.routerRoot=app&unstable_transformProfile=hermes-stable:105391:3)
    at RNSScreenContentWrapper (<anonymous>)
    at ScreenContentWrapper (<anonymous>)
    at DebugContainer (http://hsrnekw-sharehost-8081.exp.direct/node_modules/expo-router/entry.bundle//&platform=ios&dev=true&hot=false&lazy=true&transform.engine=hermes&transform.bytecode=1&transform.routerRoot=app&unstable_transformProfile=hermes-stable:125563:9)
    at RNSScreen (<anonymous>)
    at Animated(Anonymous) (http://hsrnekw-sharehost-8081.exp.direct/node_modules/expo-router/entry.bundle//&platform=ios&dev=true&hot=false&lazy=true&transform.engine=hermes&transform.bytecode=1&transform.routerRoot=app&unstable_transformProfile=hermes-stable:68399:29)
    at Suspender (http://hsrnekw-sharehost-8081.exp.direct/node_modules/expo-router/entry.bundle//&platform=ios&dev=true&hot=false&lazy=true&transform.engine=hermes&transform.bytecode=1&transform.routerRoot=app&unstable_transformProfile=hermes-stable:123598:3)
    at Suspense (<anonymous>)
    at Freeze (http://hsrnekw-sharehost-8081.exp.direct/node_modules/expo-router/entry.bundle//&platform=ios&dev=true&hot=false&lazy=true&transform.engine=hermes&transform.bytecode=1&transform.routerRoot=app&unstable_transformProfile=hermes-stable:123609:3)
    at DelayedFreeze (http://hsrnekw-sharehost-8081.exp.direct/node_modules/expo-router/entry.bundle//&platform=ios&dev=true&hot=false&lazy=true&transform.engine=hermes&transform.bytecode=1&transform.routerRoot=app&unstable_transformProfile=hermes-stable:123565:3)
    at InnerScreen (http://hsrnekw-sharehost-8081.exp.direct/node_modules/expo-router/entry.bundle//&platform=ios&dev=true&hot=false&lazy=true&transform.engine=hermes&transform.bytecode=1&transform.routerRoot=app&unstable_transformProfile=hermes-stable:123302:40)
    at Screen (http://hsrnekw-sharehost-8081.exp.direct/node_modules/expo-router/entry.bundle//&platform=ios&dev=true&hot=false&lazy=true&transform.engine=hermes&transform.bytecode=1&transform.routerRoot=app&unstable_transformProfile=hermes-stable:123501:49)
    at ScreenStackItem (http://hsrnekw-sharehost-8081.exp.direct/node_modules/expo-router/entry.bundle//&platform=ios&dev=true&hot=false&lazy=true&transform.engine=hermes&transform.bytecode=1&transform.routerRoot=app&unstable_transformProfile=hermes-stable:125330:3)
    at NavigationProvider (http://hsrnekw-sharehost-8081.exp.direct/node_modules/expo-router/entry.bundle//&platform=ios&dev=true&hot=false&lazy=true&transform.engine=hermes&transform.bytecode=1&transform.routerRoot=app&unstable_transformProfile=hermes-stable:105391:3)
    at SceneView (http://hsrnekw-sharehost-8081.exp.direct/node_modules/expo-router/entry.bundle//&platform=ios&dev=true&hot=false&lazy=true&transform.engine=hermes&transform.bytecode=1&transform.routerRoot=app&unstable_transformProfile=hermes-stable:133177:19)
    at RNSScreenStack (<anonymous>)
    at anonymous (http://hsrnekw-sharehost-8081.exp.direct/node_modules/expo-router/entry.bundle//&platform=ios&dev=true&hot=false&lazy=true&transform.engine=hermes&transform.bytecode=1&transform.routerRoot=app&unstable_transformProfile=hermes-stable:125217:20)
    at ScreenStack (http://hsrnekw-sharehost-8081.exp.direct/node_modules/expo-router/entry.bundle//&platform=ios&dev=true&hot=false&lazy=true&transform.engine=hermes&transform.bytecode=1&transform.routerRoot=app&unstable_transformProfile=hermes-stable:125150:7)
    at RCTView (<anonymous>)
    at View (http://hsrnekw-sharehost-8081.exp.direct/node_modules/expo-router/entry.bundle//&platform=ios&dev=true&hot=false&lazy=true&transform.engine=hermes&transform.bytecode=1&transform.routerRoot=app&unstable_transformProfile=hermes-stable:58373:3)
    at FrameSizeProvider (http://hsrnekw-sharehost-8081.exp.direct/node_modules/expo-router/entry.bundle//&platform=ios&dev=true&hot=false&lazy=true&transform.engine=hermes&transform.bytecode=1&transform.routerRoot=app&unstable_transformProfile=hermes-stable:120446:3)
    at SafeAreaProviderCompat (http://hsrnekw-sharehost-8081.exp.direct/node_modules/expo-router/entry.bundle//&platform=ios&dev=true&hot=false&lazy=true&transform.engine=hermes&transform.bytecode=1&transform.routerRoot=app&unstable_transformProfile=hermes-stable:121892:3)
    at NativeStackView (http://hsrnekw-sharehost-8081.exp.direct/node_modules/expo-router/entry.bundle//&platform=ios&dev=true&hot=false&lazy=true&transform.engine=hermes&transform.bytecode=1&transform.routerRoot=app&unstable_transformProfile=hermes-stable:133492:3)
    at PreventRemoveProvider (http://hsrnekw-sharehost-8081.exp.direct/node_modules/expo-router/entry.bundle//&platform=ios&dev=true&hot=false&lazy=true&transform.engine=hermes&transform.bytecode=1&transform.routerRoot=app&unstable_transformProfile=hermes-stable:105716:3)
    at NavigationStateListenerProvider (http://hsrnekw-sharehost-8081.exp.direct/node_modules/expo-router/entry.bundle//&platform=ios&dev=true&hot=false&lazy=true&transform.engine=hermes&transform.bytecode=1&transform.routerRoot=app&unstable_transformProfile=hermes-stable:108392:3)
    at NavigationContent (http://hsrnekw-sharehost-8081.exp.direct/node_modules/expo-router/entry.bundle//&platform=ios&dev=true&hot=false&lazy=true&transform.engine=hermes&transform.bytecode=1&transform.routerRoot=app&unstable_transformProfile=hermes-stable:107144:27)
    at anonymous (http://hsrnekw-sharehost-8081.exp.direct/node_modules/expo-router/entry.bundle//&platform=ios&dev=true&hot=false&lazy=true&transform.engine=hermes&transform.bytecode=1&transform.routerRoot=app&unstable_transformProfile=hermes-stable:107159:25)
    at NativeStackNavigator (http://hsrnekw-sharehost-8081.exp.direct/node_modules/expo-router/entry.bundle//&platform=ios&dev=true&hot=false&lazy=true&transform.engine=hermes&transform.bytecode=1&transform.routerRoot=app&unstable_transformProfile=hermes-stable:132537:3)
    at anonymous (http://hsrnekw-sharehost-8081.exp.direct/node_modules/expo-router/entry.bundle//&platform=ios&dev=true&hot=false&lazy=true&transform.engine=hermes&transform.bytecode=1&transform.routerRoot=app&unstable_transformProfile=hermes-stable:99318:50)
    at anonymous (http://hsrnekw-sharehost-8081.exp.direct/node_modules/expo-router/entry.bundle//&platform=ios&dev=true&hot=false&lazy=true&transform.engine=hermes&transform.bytecode=1&transform.routerRoot=app&unstable_transformProfile=hermes-stable:99073:56)
    at RootLayoutNav (http://hsrnekw-sharehost-8081.exp.direct/node_modules/expo-router/entry.bundle//&platform=ios&dev=true&hot=false&lazy=true&transform.engine=hermes&transform.bytecode=1&transform.routerRoot=app&unstable_transformProfile=hermes-stable:345526:48)
    at RCTView (<anonymous>)
    at View (http://hsrnekw-sharehost-8081.exp.direct/node_modules/expo-router/entry.bundle//&platform=ios&dev=true&hot=false&lazy=true&transform.engine=hermes&transform.bytecode=1&transform.routerRoot=app&unstable_transformProfile=hermes-stable:58373:3)
    at KeyboardAvoidingView (http://hsrnekw-sharehost-8081.exp.direct/node_modules/expo-router/entry.bundle//&platform=ios&dev=true&hot=false&lazy=true&transform.engine=hermes&transform.bytecode=1&transform.routerRoot=app&unstable_transformProfile=hermes-stable:74629:12)
    at RCTView (<anonymous>)
    at View (http://hsrnekw-sharehost-8081.exp.direct/node_modules/expo-router/entry.bundle//&platform=ios&dev=true&hot=false&lazy=true&transform.engine=hermes&transform.bytecode=1&transform.routerRoot=app&unstable_transformProfile=hermes-stable:58373:3)
    at RootLayoutNavWithTheme (http://hsrnekw-sharehost-8081.exp.direct/node_modules/expo-router/entry.bundle//&platform=ios&dev=true&hot=false&lazy=true&transform.engine=hermes&transform.bytecode=1&transform.routerRoot=app&unstable_transformProfile=hermes-stable:345638:44)
    at AppErrorBoundary (http://hsrnekw-sharehost-8081.exp.direct/node_modules/expo-router/entry.bundle//&platform=ios&dev=true&hot=false&lazy=true&transform.engine=hermes&transform.bytecode=1&transform.routerRoot=app&unstable_transformProfile=hermes-stable:400550:3)
    at anonymous (http://hsrnekw-sharehost-8081.exp.direct/node_modules/expo-router/entry.bundle//&platform=ios&dev=true&hot=false&lazy=true&transform.engine=hermes&transform.bytecode=1&transform.routerRoot=app&unstable_transformProfile=hermes-stable:267995:13)
    at OrdersProvider (http://hsrnekw-sharehost-8081.exp.direct/node_modules/expo-router/entry.bundle//&platform=ios&dev=true&hot=false&lazy=true&transform.engine=hermes&transform.bytecode=1&transform.routerRoot=app&unstable_transformProfile=hermes-stable:337372:3)
    at anonymous (http://hsrnekw-sharehost-8081.exp.direct/node_modules/expo-router/entry.bundle//&platform=ios&dev=true&hot=false&lazy=true&transform.engine=hermes&transform.bytecode=1&transform.routerRoot=app&unstable_transformProfile=hermes-stable:267995:13)
    at anonymous (http://hsrnekw-sharehost-8081.exp.direct/node_modules/expo-router/entry.bundle//&platform=ios&dev=true&hot=false&lazy=true&transform.engine=hermes&transform.bytecode=1&transform.routerRoot=app&unstable_transformProfile=hermes-stable:267995:13)
    at anonymous (http://hsrnekw-sharehost-8081.exp.direct/node_modules/expo-router/entry.bundle//&platform=ios&dev=true&hot=false&lazy=true&transform.engine=hermes&transform.bytecode=1&transform.routerRoot=app&unstable_transformProfile=hermes-stable:267995:13)
    at anonymous (http://hsrnekw-sharehost-8081.exp.direct/node_modules/expo-router/entry.bundle//&platform=ios&dev=true&hot=false&lazy=true&transform.engine=hermes&transform.bytecode=1&transform.routerRoot=app&unstable_transformProfile=hermes-stable:267995:13)
    at PlanProvider (http://hsrnekw-sharehost-8081.exp.direct/node_modules/expo-router/entry.bundle//&platform=ios&dev=true&hot=false&lazy=true&transform.engine=hermes&transform.bytecode=1&transform.routerRoot=app&unstable_transformProfile=hermes-stable:325073:3)
    at RoomProvider (http://hsrnekw-sharehost-8081.exp.direct/node_modules/expo-router/entry.bundle//&platform=ios&dev=true&hot=false&lazy=true&transform.engine=hermes&transform.bytecode=1&transform.routerRoot=app&unstable_transformProfile=hermes-stable:321550:3)
    at ServiceRequestProvider (http://hsrnekw-sharehost-8081.exp.direct/node_modules/expo-router/entry.bundle//&platform=ios&dev=true&hot=false&lazy=true&transform.engine=hermes&transform.bytecode=1&transform.routerRoot=app&unstable_transformProfile=hermes-stable:308294:3)
    at SkillProvider (http://hsrnekw-sharehost-8081.exp.direct/node_modules/expo-router/entry.bundle//&platform=ios&dev=true&hot=false&lazy=true&transform.engine=hermes&transform.bytecode=1&transform.routerRoot=app&unstable_transformProfile=hermes-stable:307902:3)
    at BundleProvider (http://hsrnekw-sharehost-8081.exp.direct/node_modules/expo-router/entry.bundle//&platform=ios&dev=true&hot=false&lazy=true&transform.engine=hermes&transform.bytecode=1&transform.routerRoot=app&unstable_transformProfile=hermes-stable:294771:3)
    at anonymous (http://hsrnekw-sharehost-8081.exp.direct/node_modules/expo-router/entry.bundle//&platform=ios&dev=true&hot=false&lazy=true&transform.engine=hermes&transform.bytecode=1&transform.routerRoot=app&unstable_transformProfile=hermes-stable:267995:13)
    at anonymous (http://hsrnekw-sharehost-8081.exp.direct/node_modules/expo-router/entry.bundle//&platform=ios&dev=true&hot=false&lazy=true&transform.engine=hermes&transform.bytecode=1&transform.routerRoot=app&unstable_transformProfile=hermes-stable:267995:13)
    at UserPostsProvider (http://hsrnekw-sharehost-8081.exp.direct/node_modules/expo-router/entry.bundle//&platform=ios&dev=true&hot=false&lazy=true&transform.engine=hermes&transform.bytecode=1&transform.routerRoot=app&unstable_transformProfile=hermes-stable:317249:3)
    at anonymous (http://hsrnekw-sharehost-8081.exp.direct/node_modules/expo-router/entry.bundle//&platform=ios&dev=true&hot=false&lazy=true&transform.engine=hermes&transform.bytecode=1&transform.routerRoot=app&unstable_transformProfile=hermes-stable:267995:13)
    at anonymous (http://hsrnekw-sharehost-8081.exp.direct/node_modules/expo-router/entry.bundle//&platform=ios&dev=true&hot=false&lazy=true&transform.engine=hermes&transform.bytecode=1&transform.routerRoot=app&unstable_transformProfile=hermes-stable:267995:13)
    at anonymous (http://hsrnekw-sharehost-8081.exp.direct/node_modules/expo-router/entry.bundle//&platform=ios&dev=true&hot=false&lazy=true&transform.engine=hermes&transform.bytecode=1&transform.routerRoot=app&unstable_transformProfile=hermes-stable:267995:13)
    at RNCSafeAreaProvider (<anonymous>)
    at SafeAreaProvider (http://hsrnekw-sharehost-8081.exp.direct/node_modules/expo-router/entry.bundle//&platform=ios&dev=true&hot=false&lazy=true&transform.engine=hermes&transform.bytecode=1&transform.routerRoot=app&unstable_transformProfile=hermes-stable:98116:3)
    at RCTView (<anonymous>)
    at View (http://hsrnekw-sharehost-8081.exp.direct/node_modules/expo-router/entry.bundle//&platform=ios&dev=true&hot=false&lazy=true&transform.engine=hermes&transform.bytecode=1&transform.routerRoot=app&unstable_transformProfile=hermes-stable:58373:3)
    at GestureHandlerRootView (http://hsrnekw-sharehost-8081.exp.direct/node_modules/expo-router/entry.bundle//&platform=ios&dev=true&hot=false&lazy=true&transform.engine=hermes&transform.bytecode=1&transform.routerRoot=app&unstable_transformProfile=hermes-stable:390702:3)
    at QueryClientProvider (http://hsrnekw-sharehost-8081.exp.direct/node_modules/expo-router/entry.bundle//&platform=ios&dev=true&hot=false&lazy=true&transform.engine=hermes&transform.bytecode=1&transform.routerRoot=app&unstable_transformProfile=hermes-stable:272922:29)
    at TRPCProvider (http://hsrnekw-sharehost-8081.exp.direct/node_modules/expo-router/entry.bundle//&platform=ios&dev=true&hot=false&lazy=true&transform.engine=hermes&transform.bytecode=1&transform.routerRoot=app&unstable_transformProfile=hermes-stable:300481:9)
    at ProviderErrorBoundary (http://hsrnekw-sharehost-8081.exp.direct/node_modules/expo-router/entry.bundle//&platform=ios&dev=true&hot=false&lazy=true&transform.engine=hermes&transform.bytecode=1&transform.routerRoot=app&unstable_transformProfile=hermes-stable:345671:12)
    at RootLayout(./_layout.tsx) (http://hsrnekw-sharehost-8081.exp.direct/node_modules/expo-router/entry.bundle//&platform=ios&dev=true&hot=false&lazy=true&transform.engine=hermes&transform.bytecode=1&transform.routerRoot=app&unstable_transformProfile=hermes-stable:345740:26)
    at WrappedScreenComponent (http://hsrnekw-sharehost-8081.exp.direct/node_modules/expo-router/entry.bundle//&platform=ios&dev=true&hot=false&lazy=true&transform.engine=hermes&transform.bytecode=1&transform.routerRoot=app&unstable_transformProfile=hermes-stable:115922:49)
    at Suspense (<anonymous>)
    at ZoomTransitionTargetContextProvider (http://hsrnekw-sharehost-8081.exp.direct/node_modules/expo-router/entry.bundle//&platform=ios&dev=true&hot=false&lazy=true&transform.engine=hermes&transform.bytecode=1&transform.routerRoot=app&unstable_transformProfile=hermes-stable:116528:3)
    at Route (http://hsrnekw-sharehost-8081.exp.direct/node_modules/expo-router/entry.bundle//&platform=ios&dev=true&hot=false&lazy=true&transform.engine=hermes&transform.bytecode=1&transform.routerRoot=app&unstable_transformProfile=hermes-stable:98503:3)
    at Route() (http://hsrnekw-sharehost-8081.exp.direct/node_modules/expo-router/entry.bundle//&platform=ios&dev=true&hot=false&lazy=true&transform.engine=hermes&transform.bytecode=1&transform.routerRoot=app&unstable_transformProfile=hermes-stable:115927:5)
    at StaticContainer (http://hsrnekw-sharehost-8081.exp.direct/node_modules/expo-router/entry.bundle//&platform=ios&dev=true&hot=false&lazy=true&transform.engine=hermes&transform.bytecode=1&transform.routerRoot=app&unstable_transformProfile=hermes-stable:107713:17)
    at EnsureSingleNavigator (http://hsrnekw-sharehost-8081.exp.direct/node_modules/expo-router/entry.bundle//&platform=ios&dev=true&hot=false&lazy=true&transform.engine=hermes&transform.bytecode=1&transform.routerRoot=app&unstable_transformProfile=hermes-stable:102113:3)
    at SceneView (http://hsrnekw-sharehost-8081.exp.direct/node_modules/expo-router/entry.bundle//&platform=ios&dev=true&hot=false&lazy=true&transform.engine=hermes&transform.bytecode=1&transform.routerRoot=app&unstable_transformProfile=hermes-stable:107491:3)
    at NavigationProvider (http://hsrnekw-sharehost-8081.exp.direct/node_modules/expo-router/entry.bundle//&platform=ios&dev=true&hot=false&lazy=true&transform.engine=hermes&transform.bytecode=1&transform.routerRoot=app&unstable_transformProfile=hermes-stable:105391:3)
    at PreventRemoveProvider (http://hsrnekw-sharehost-8081.exp.direct/node_modules/expo-router/entry.bundle//&platform=ios&dev=true&hot=false&lazy=true&transform.engine=hermes&transform.bytecode=1&transform.routerRoot=app&unstable_transformProfile=hermes-stable:105716:3)
    at NavigationStateListenerProvider (http://hsrnekw-sharehost-8081.exp.direct/node_modules/expo-router/entry.bundle//&platform=ios&dev=true&hot=false&lazy=true&transform.engine=hermes&transform.bytecode=1&transform.routerRoot=app&unstable_transformProfile=hermes-stable:108392:3)
    at NavigationContent (http://hsrnekw-sharehost-8081.exp.direct/node_modules/expo-router/entry.bundle//&platform=ios&dev=true&hot=false&lazy=true&transform.engine=hermes&transform.bytecode=1&transform.routerRoot=app&unstable_transformProfile=hermes-stable:107144:27)
    at anonymous (http://hsrnekw-sharehost-8081.exp.direct/node_modules/expo-router/entry.bundle//&platform=ios&dev=true&hot=false&lazy=true&transform.engine=hermes&transform.bytecode=1&transform.routerRoot=app&unstable_transformProfile=hermes-stable:107159:25)
    at Content (http://hsrnekw-sharehost-8081.exp.direct/node_modules/expo-router/entry.bundle//&platform=ios&dev=true&hot=false&lazy=true&transform.engine=hermes&transform.bytecode=1&transform.routerRoot=app&unstable_transformProfile=hermes-stable:136774:43)
    at RNCSafeAreaProvider (<anonymous>)
    at SafeAreaProvider (http://hsrnekw-sharehost-8081.exp.direct/node_modules/expo-router/entry.bundle//&platform=ios&dev=true&hot=false&lazy=true&transform.engine=hermes&transform.bytecode=1&transform.routerRoot=app&unstable_transformProfile=hermes-stable:98116:3)
    at LinkPreviewContextProvider (http://hsrnekw-sharehost-8081.exp.direct/node_modules/expo-router/entry.bundle//&platform=ios&dev=true&hot=false&lazy=true&transform.engine=hermes&transform.bytecode=1&transform.routerRoot=app&unstable_transformProfile=hermes-stable:130350:3)
    at anonymous (http://hsrnekw-sharehost-8081.exp.direct/node_modules/expo-router/entry.bundle//&platform=ios&dev=true&hot=false&lazy=true&transform.engine=hermes&transform.bytecode=1&transform.routerRoot=app&unstable_transformProfile=hermes-stable:136666:46)
    at ThemeProvider (http://hsrnekw-sharehost-8081.exp.direct/node_modules/expo-router/entry.bundle//&platform=ios&dev=true&hot=false&lazy=true&transform.engine=hermes&transform.bytecode=1&transform.routerRoot=app&unstable_transformProfile=hermes-stable:102608:3)
    at EnsureSingleNavigator (http://hsrnekw-sharehost-8081.exp.direct/node_modules/expo-router/entry.bundle//&platform=ios&dev=true&hot=false&lazy=true&transform.engine=hermes&transform.bytecode=1&transform.routerRoot=app&unstable_transformProfile=hermes-stable:102113:3)
    at BaseNavigationContainer (http://hsrnekw-sharehost-8081.exp.direct/node_modules/expo-router/entry.bundle//&platform=ios&dev=true&hot=false&lazy=true&transform.engine=hermes&transform.bytecode=1&transform.routerRoot=app&unstable_transformProfile=hermes-stable:100309:3)
    at NavigationContainerInner (http://hsrnekw-sharehost-8081.exp.direct/node_modules/expo-router/entry.bundle//&platform=ios&dev=true&hot=false&lazy=true&transform.engine=hermes&transform.bytecode=1&transform.routerRoot=app&unstable_transformProfile=hermes-stable:136946:3)
    at ContextNavigator (http://hsrnekw-sharehost-8081.exp.direct/node_modules/expo-router/entry.bundle//&platform=ios&dev=true&hot=false&lazy=true&transform.engine=hermes&transform.bytecode=1&transform.routerRoot=app&unstable_transformProfile=hermes-stable:136692:3)
    at ExpoRoot (http://hsrnekw-sharehost-8081.exp.direct/node_modules/expo-router/entry.bundle//&platform=ios&dev=true&hot=false&lazy=true&transform.engine=hermes&transform.bytecode=1&transform.routerRoot=app&unstable_transformProfile=hermes-stable:136656:3)
    at App (<anonymous>)
    at withDevTools(App) (http://hsrnekw-sharehost-8081.exp.direct/node_modules/expo-router/entry.bundle//&platform=ios&dev=true&hot=false&lazy=true&transform.engine=hermes&transform.bytecode=1&transform.routerRoot=app&unstable_transformProfile=hermes-stable:92579:27)
    at RCTView (<anonymous>)
    at View (http://hsrnekw-sharehost-8081.exp.direct/node_modules/expo-router/entry.bundle//&platform=ios&dev=true&hot=false&lazy=true&transform.engine=hermes&transform.bytecode=1&transform.routerRoot=app&unstable_transformProfile=hermes-stable:58373:3)
    at RCTView (<anonymous>)
    at View (http://hsrnekw-sharehost-8081.exp.direct/node_modules/expo-router/entry.bundle//&platform=ios&dev=true&hot=false&lazy=true&transform.engine=hermes&transform.bytecode=1&transform.routerRoot=app&unstable_transformProfile=hermes-stable:58373:3)
    at AppContainer (http://hsrnekw-sharehost-8081.exp.direct/node_modules/expo-router/entry.bundle//&platform=ios&dev=true&hot=false&lazy=true&transform.engine=hermes&transform.bytecode=1&transform.routerRoot=app&unstable_transformProfile=hermes-stable:58182:22)
    at main(RootComponent) (http://hsrnekw-sharehost-8081.exp.direct/node_modules/expo-router/entry.bundle//&platform=ios&dev=true&hot=false&lazy=true&transform.engine=hermes&transform.bytecode=1&transform.routerRoot=app&unstable_transformProfile=hermes-stable:81696:34)"}}
 INFO  [2026-09-09T10:07:44.971Z] [INFO] [RootLayout] Navigation check {"currentSegment": "", "hasInitialized": false, "isAuthenticated": true, "onboardingCompleted": true}
 INFO  [2026-09-09T10:07:44.972Z] [INFO] [RootLayout] Navigating to {"targetRoute": "/(tabs)/(home)"}
 INFO  [2026-09-09T10:07:44.982Z] [INFO] [RootLayout] Navigation check {"currentSegment": "welcome", "hasInitialized": false, "isAuthenticated": true, "onboardingCompleted": true}
 INFO  [2026-09-09T10:07:44.983Z] [INFO] [RootLayout] Navigating to {"targetRoute": "/(tabs)/(home)"}
 LOG  Grid load: ["grabbedBundles"]
 LOG  Grid load: {"bundles": "recommend", "grabbedCount": 0}
 INFO  [2026-09-09T10:07:45.079Z] [INFO] [RootLayout] Navigation check {"currentSegment": "(tabs)", "hasInitialized": true, "isAuthenticated": true, "onboardingCompleted": true}
 ERROR  Grabbed bundles error: {"code": "42703", "details": null, "hint": null, "message": "column job_requests.proposed_budget does not exist"} 

Code: index.tsx
[0m [90m 1342 |[39m             [36mreturn[39m [][33m;[39m
 [90m 1343 |[39m           }
[31m[1m>[22m[39m[90m 1344 |[39m           console[33m.[39merror([32m'Grabbed bundles error:'[39m[33m,[39m error)[33m;[39m
 [90m      |[39m                        [31m[1m^[22m[39m
 [90m 1345 |[39m           [36mreturn[39m [][33m;[39m
 [90m 1346 |[39m         }
 [90m 1347 |[39m[0m
Call Stack
  useQuery$argument_0.queryFn (app/(tabs)/(home)/index.tsx:1344:24)
 ERROR  [Error: Uncaught (in promise, id: 2) Object {
  "code": "PGRST204",
  "details": null,
  "hint": null,
  "message": "Could not find the 'view' column of 'skill_deals' in the schema cache",
}] Uncaught (in promise, id: 2) Object {
  "code": "PGRST204",
  "details": null,
  "hint": null,
  "message": "Could not find the 'view' column of 'skill_deals' in the schema cache",
}
 ERROR  [Error: Uncaught (in promise, id: 3) Object {
  "code": "PGRST204",
  "details": null,
  "hint": null,
  "message": "Could not find the 'view' column of 'bundles' in the schema cache",
}] Uncaught (in promise, id: 3) Object {
  "code": "PGRST204",
  "details": null,
  "hint": null,
  "message": "Could not find the 'view' column of 'bundles' in the schema cache",
}
 INFO  [2026-09-09T10:07:48.962Z] [INFO] [RootLayout] Navigation check {"currentSegment": "(tabs)", "hasInitialized": true, "isAuthenticated": true, "onboardingCompleted": true}
Web Bundled 10741ms node_modules/expo-router/entry.js (3267 modules)
Web  INFO  %cDownload the React DevTools for a better development experience: https://react.dev/link/react-devtools font-weight:bold
Web  LOG  Running application "main" with appParams:
 {"hydrate": undefined, "rootTag": "#root"} 
Development-level warnings: ON.
Performance optimizations: OFF.
Web  INFO  [2026-09-09T10:08:22.367Z] [INFO] [SocialContext] Built default state for {"length": 0}
Web  WARN  "shadow*" style props are deprecated. Use "boxShadow".
Web  WARN  "textShadow*" style props are deprecated. Use "textShadow".
Web  WARN  [expo-av]: Expo AV has been deprecated and will be removed in SDK 54. Use the `expo-audio` and `expo-video` packages to replace the required functionality.
Web  WARN  Route "./(tabs)/live/room/plan-constants.ts" is missing the required default export. Ensure a React component is exported as default.
Web  INFO  [2026-09-09T10:08:22.868Z] [INFO] [RootLayout] Still loading... {"authLoading": true, "onboardingLoading": true}
Web  INFO  [2026-09-09T10:08:22.874Z] [INFO] [BookingsContext] Starting to fetch all listings from Supabase...
Web  LOG  [DB] Fetching listings from Supabase... 
Web  LOG  [DB] Fetching products... 
Web  INFO  [2026-09-09T10:08:22.883Z] [INFO] [MarketplaceContext] Saved products are backend-only (no local state)
Web  LOG  [DB] Fetching posts...
Web  LOG  [DB] Fetching stories...
Web  INFO  [2026-09-09T10:08:22.897Z] [INFO] [SocialContext] Social interaction state is in-memory only
Web  INFO  [2026-09-09T10:08:22.897Z] [INFO] [SocialContext] Story interaction state is in-memory only
Web  INFO  [2026-09-09T10:08:22.898Z] [INFO] [SocialContext] User posts are loaded from Supabase posts table
Web  INFO  [2026-09-09T10:08:22.898Z] [INFO] [SocialContext] User stories are loaded from Supabase stories table
Web  INFO  [2026-09-09T10:08:22.902Z] [INFO] [Root] App mounted
Web  INFO  [2026-09-09T10:08:22.919Z] [INFO] [BookingsContext] Hydrated favorites {"length": 0}
Web  INFO  [2026-09-09T10:08:22.920Z] [INFO] [BookingsContext] Hydrated rental submissions {"length": 0}
Web  INFO  [2026-09-09T10:08:22.922Z] [INFO] [MessagingContext] Using default messaging state
Web  INFO  [2026-09-09T10:08:22.922Z] [INFO] [ConnectionsContext] Building connections from Supabase users
Web  INFO  [2026-09-09T10:08:22.989Z] [INFO] [RootLayout] Still loading... {"authLoading": true, "onboardingLoading": false}
Web  WARN  [DB] No authenticated user available — returning null
Web  INFO  [2026-09-09T10:08:23.001Z] [INFO] [BookingsContext] Fetching my listings for host {"hostId": ""}
Web  INFO  [2026-09-09T10:08:23.010Z] [INFO] [BookingsContext] Hydrated bookings from local {"length": 0}
Web  INFO  [2026-09-09T10:08:23.017Z] [INFO] [Auth] Auth state changed {"event": "INITIAL_SESSION", "hasSession": false}
Web  INFO  [2026-09-09T10:08:23.031Z] [INFO] [RootLayout] Navigation check {"currentSegment": "", "hasInitialized": false, "isAuthenticated": false, "onboardingCompleted": true}
Web  INFO  [2026-09-09T10:08:23.031Z] [INFO] [RootLayout] Navigating to {"targetRoute": "/welcome"}
Web  WARN  props.pointerEvents is deprecated. Use style.pointerEvents
Web  WARN  Animated: `useNativeDriver` is not supported because the native animated module is missing. Falling back to JS-based animation. To resolve this, add `RCTAnimation` module to this app, or remove `useNativeDriver`. Make sure to run `bundle exec pod install` first. Read more about autolinking: https://github.com/react-native-community/cli/blob/master/docs/autolinking.md
Web  INFO  [2026-09-09T10:08:23.165Z] [INFO] [RootLayout] Navigation check {"currentSegment": "welcome", "hasInitialized": true, "isAuthenticated": false, "onboardingCompleted": true}
Web  LOG  [DB] Fetching users...
Web  LOG  [DB] Fetched users: 10
Web  LOG  [DB] Fetched posts: 22
Web  INFO  [2026-09-09T10:08:23.697Z] [INFO] [SocialContext] Fetched posts from Supabase {"length": 22}
Web  LOG  [DB] Fetching users...
Web  LOG  [DB] Fetched stories: 0
Web  INFO  [2026-09-09T10:08:23.708Z] [INFO] [SocialContext] No Supabase stories
Web  LOG  [DB] Fetched listings from Supabase: 0
Web  INFO  [2026-09-09T10:08:23.729Z] [INFO] [BookingsContext] Listings query result {"value": 0}
Web  INFO  [2026-09-09T10:08:23.730Z] [INFO] [BookingsContext] No listings found in Supabase
Web  LOG  [DB] Fetched products: 0
Web  LOG  [DB] Fetched users: 10
Web  INFO  [2026-09-09T10:08:23.814Z] [INFO] [SocialContext] Built default state for {"length": 22}
Web  INFO  [2026-09-09T10:08:23.822Z] [INFO] [SocialContext] Loaded {"length": 22}
Web  INFO  [2026-09-09T10:08:23.823Z] [INFO] [SocialContext] Built default state for {"length": 22}
Web  INFO  [2026-09-09T10:08:27.101Z] [INFO] [SocialContext] Social interaction state is in-memory only
Web  INFO  [2026-09-09T10:08:27.101Z] [INFO] [SocialContext] Story interaction state is in-memory only
Web  INFO  [2026-09-09T10:08:27.101Z] [INFO] [SocialContext] User posts are loaded from Supabase posts table
Web  INFO  [2026-09-09T10:08:27.101Z] [INFO] [SocialContext] User stories are loaded from Supabase stories table
Web  INFO  [2026-09-09T10:08:27.102Z] [INFO] [MarketplaceContext] Saved products are backend-only (no local state)
Web  INFO  [2026-09-09T10:08:27.102Z] [INFO] [MessagingContext] Using default messaging state
Web  INFO  [2026-09-09T10:08:27.102Z] [INFO] [BookingsContext] Hydrated favorites {"length": 0}
Web  INFO  [2026-09-09T10:08:27.102Z] [INFO] [BookingsContext] Hydrated rental submissions {"length": 0}
Web  LOG  [Welcome] handleLogin
Web  INFO  [2026-09-09T10:09:07.686Z] [INFO] [Auth] Sign in with {"trimmedInput": "doseofitllc@gmail.com", "value": "email"}
Web  INFO  [2026-09-09T10:09:08.184Z] [INFO] [Auth] Auth state changed {"event": "SIGNED_IN", "hasSession": true}
Web  INFO  [2026-09-09T10:09:08.453Z] [INFO] [Auth] Built profile {"hasName": true, "phone": null, "userId": "d8694830-980e-43e7-9763-979eae54e1da"}
Web  INFO  [2026-09-09T10:09:08.456Z] [INFO] [Auth] Sign in successful
Web  LOG  [Welcome] signIn result: {"success": true}
Web  INFO  [2026-09-09T10:09:08.467Z] [INFO] [RootLayout] Navigation check {"currentSegment": "welcome", "hasInitialized": true, "isAuthenticated": true, "onboardingCompleted": true}
Web  INFO  [2026-09-09T10:09:08.467Z] [INFO] [RootLayout] Navigating to {"targetRoute": "/(tabs)/(home)"}
Web  INFO  [2026-09-09T10:09:08.468Z] [INFO] [Planner] Fetching plans...
Web  INFO  [2026-09-09T10:09:08.472Z] [INFO] [MessagingContext] Using default messaging state
Web  LOG  Grid load: ["grabbedBundles"]
Web  LOG  Grid load: {"bundles": "recommend", "grabbedCount": 0}
Web  INFO  [2026-09-09T10:09:08.644Z] [INFO] [RootLayout] Navigation check {"currentSegment": "(tabs)", "hasInitialized": true, "isAuthenticated": true, "onboardingCompleted": true}
Web  LOG  Grid load: {"bundles": "recommend", "grabbedCount": 0}
Web  INFO  [2026-09-09T10:09:08.989Z] [INFO] [Planner] Fetched plans from Supabase {"length": 9}
Web  ERROR  Grabbed bundles error: {"code": "42703", "details": null, "hint": null, "message": "column job_requests.proposed_budget does not exist"} 

Code: index.tsx
[0m [90m 1342 |[39m             [36mreturn[39m [][33m;[39m
 [90m 1343 |[39m           }
[31m[1m>[22m[39m[90m 1344 |[39m           console[33m.[39merror([32m'Grabbed bundles error:'[39m[33m,[39m error)[33m;[39m
 [90m      |[39m                   [31m[1m^[22m[39m
 [90m 1345 |[39m           [36mreturn[39m [][33m;[39m
 [90m 1346 |[39m         }
 [90m 1347 |[39m[0m
Call Stack
  useQuery$argument_0.queryFn (app/(tabs)/(home)/index.tsx:1344:19)
Web  INFO  [2026-09-09T10:09:09.294Z] [INFO] [MessagingContext] Synced Supabase conversations {"added": 1}
Web  INFO  [2026-09-09T10:09:20.961Z] [INFO] [RootLayout] Navigation check {"currentSegment": "(tabs)", "hasInitialized": true, "isAuthenticated": true, "onboardingCompleted": true}
Web  INFO  [2026-09-09T10:09:22.444Z] [INFO] [RootLayout] Navigation check {"currentSegment": "(tabs)", "hasInitialized": true, "isAuthenticated": true, "onboardingCompleted": true}
Web  INFO  [2026-09-09T10:09:44.008Z] [INFO] [RootLayout] Navigation check {"currentSegment": "(tabs)", "hasInitialized": true, "isAuthenticated": true, "onboardingCompleted": true}
Web  INFO  [2026-09-09T10:09:55.539Z] [INFO] [RootLayout] Navigation check {"currentSegment": "(tabs)", "hasInitialized": true, "isAuthenticated": true, "onboardingCompleted": true}
Web  ERROR  Unexpected text node: . A text node cannot be a child of a <View>. 

Code: [roomId].tsx
[0m [90m 544 |[39m
 [90m 545 |[39m       {[90m/* ── Header ── */[39m}
[31m[1m>[22m[39m[90m 546 |[39m       [33m<[39m[33mView[39m style[33m=[39m{[styles[33m.[39mheader[33m,[39m { paddingTop[33m:[39m insets[33m.[39mtop [33m+[39m [35m6[39m }]}[33m>[39m
 [90m     |[39m       [31m[1m^[22m[39m
 [90m 547 |[39m         [33m<[39m[33mView[39m style[33m=[39m{styles[33m.[39mheaderRow}[33m>[39m
 [90m 548 |[39m           [33m<[39m[33mView[39m style[33m=[39m{{ flex[33m:[39m [35m1[39m }}[33m>[39m
 [90m 549 |[39m             [33m<[39m[33mText[39m style[33m=[39m{styles[33m.[39mroomName}[33m>[39m{room[33m?[39m[33m.[39mname [33m||[39m [32m'Room'[39m}[33m<[39m[33m/[39m[33mText[39m[33m>[39m[0m
Call Stack
  RoomContent (app/(tabs)/live/room/[roomId].tsx:546:7)
  RoomScreen (app/(tabs)/live/room/[roomId].tsx:1106:7)
  LiveLayout (app/(tabs)/live/_layout.tsx:5:5)
  TabLayout (app/(tabs)/_layout.tsx:19:5)
  RootLayoutNav (app/_layout.tsx:108:5)
  RootLayoutNavWithTheme (app/_layout.tsx:146:11)
  RootLayout (app/_layout.tsx:231:47)
Web  WARN  [AudioRelay] WS error: {"isTrusted": true}
Web  WARN  [useLiveAudio] Connect failed: [Error: WebSocket connection failed]
Web  ERROR  Unexpected text node: . A text node cannot be a child of a <View>. 

Code: [roomId].tsx
[0m [90m 544 |[39m
 [90m 545 |[39m       {[90m/* ── Header ── */[39m}
[31m[1m>[22m[39m[90m 546 |[39m       [33m<[39m[33mView[39m style[33m=[39m{[styles[33m.[39mheader[33m,[39m { paddingTop[33m:[39m insets[33m.[39mtop [33m+[39m [35m6[39m }]}[33m>[39m
 [90m     |[39m       [31m[1m^[22m[39m
 [90m 547 |[39m         [33m<[39m[33mView[39m style[33m=[39m{styles[33m.[39mheaderRow}[33m>[39m
 [90m 548 |[39m           [33m<[39m[33mView[39m style[33m=[39m{{ flex[33m:[39m [35m1[39m }}[33m>[39m
 [90m 549 |[39m             [33m<[39m[33mText[39m style[33m=[39m{styles[33m.[39mroomName}[33m>[39m{room[33m?[39m[33m.[39mname [33m||[39m [32m'Room'[39m}[33m<[39m[33m/[39m[33mText[39m[33m>[39m[0m
Call Stack
  RoomContent (app/(tabs)/live/room/[roomId].tsx:546:7)
  RoomScreen (app/(tabs)/live/room/[roomId].tsx:1106:7)
  LiveLayout (app/(tabs)/live/_layout.tsx:5:5)
  TabLayout (app/(tabs)/_layout.tsx:19:5)
  RootLayoutNav (app/_layout.tsx:108:5)
  RootLayoutNavWithTheme (app/_layout.tsx:146:11)
  RootLayout (app/_layout.tsx:231:47)
Web  INFO  [2026-09-09T10:10:14.895Z] [INFO] [RootLayout] Navigation check {"currentSegment": "(tabs)", "hasInitialized": true, "isAuthenticated": true, "onboardingCompleted": true}
Web  ERROR  Unexpected text node: . A text node cannot be a child of a <View>. 

Code: [roomId].tsx
[0m [90m 544 |[39m
 [90m 545 |[39m       {[90m/* ── Header ── */[39m}
[31m[1m>[22m[39m[90m 546 |[39m       [33m<[39m[33mView[39m style[33m=[39m{[styles[33m.[39mheader[33m,[39m { paddingTop[33m:[39m insets[33m.[39mtop [33m+[39m [35m6[39m }]}[33m>[39m
 [90m     |[39m       [31m[1m^[22m[39m
 [90m 547 |[39m         [33m<[39m[33mView[39m style[33m=[39m{styles[33m.[39mheaderRow}[33m>[39m
 [90m 548 |[39m           [33m<[39m[33mView[39m style[33m=[39m{{ flex[33m:[39m [35m1[39m }}[33m>[39m
 [90m 549 |[39m             [33m<[39m[33mText[39m style[33m=[39m{styles[33m.[39mroomName}[33m>[39m{room[33m?[39m[33m.[39mname [33m||[39m [32m'Room'[39m}[33m<[39m[33m/[39m[33mText[39m[33m>[39m[0m
Call Stack
  RoomContent (app/(tabs)/live/room/[roomId].tsx:546:7)
  RoomScreen (app/(tabs)/live/room/[roomId].tsx:1106:7)
  LiveLayout (app/(tabs)/live/_layout.tsx:5:5)
  TabLayout (app/(tabs)/_layout.tsx:19:5)
  RootLayoutNav (app/_layout.tsx:108:5)
  RootLayoutNavWithTheme (app/_layout.tsx:146:11)
  RootLayout (app/_layout.tsx:231:47)
Web  INFO  [2026-09-09T10:10:16.505Z] [INFO] [RootLayout] Navigation check {"currentSegment": "(tabs)", "hasInitialized": true, "isAuthenticated": true, "onboardingCompleted": true}
Web  WARN  [AudioRelay] WS error: {"isTrusted": true}
Web  WARN  [useLiveAudio] Connect failed: [Error: WebSocket connection failed]
Web  ERROR  Unexpected text node: . A text node cannot be a child of a <View>. 

Code: [roomId].tsx
[0m [90m 544 |[39m
 [90m 545 |[39m       {[90m/* ── Header ── */[39m}
[31m[1m>[22m[39m[90m 546 |[39m       [33m<[39m[33mView[39m style[33m=[39m{[styles[33m.[39mheader[33m,[39m { paddingTop[33m:[39m insets[33m.[39mtop [33m+[39m [35m6[39m }]}[33m>[39m
 [90m     |[39m       [31m[1m^[22m[39m
 [90m 547 |[39m         [33m<[39m[33mView[39m style[33m=[39m{styles[33m.[39mheaderRow}[33m>[39m
 [90m 548 |[39m           [33m<[39m[33mView[39m style[33m=[39m{{ flex[33m:[39m [35m1[39m }}[33m>[39m
 [90m 549 |[39m             [33m<[39m[33mText[39m style[33m=[39m{styles[33m.[39mroomName}[33m>[39m{room[33m?[39m[33m.[39mname [33m||[39m [32m'Room'[39m}[33m<[39m[33m/[39m[33mText[39m[33m>[39m[0m
Call Stack
  RoomContent (app/(tabs)/live/room/[roomId].tsx:546:7)
  RoomScreen (app/(tabs)/live/room/[roomId].tsx:1106:7)
  LiveLayout (app/(tabs)/live/_layout.tsx:5:5)
  TabLayout (app/(tabs)/_layout.tsx:19:5)
  RootLayoutNav (app/_layout.tsx:108:5)
  RootLayoutNavWithTheme (app/_layout.tsx:146:11)
  RootLayout (app/_layout.tsx:231:47)
Web  INFO  [2026-09-09T10:10:20.392Z] [INFO] [RootLayout] Navigation check {"currentSegment": "(tabs)", "hasInitialized": true, "isAuthenticated": true, "onboardingCompleted": true}
Web  ERROR  Unexpected text node: . A text node cannot be a child of a <View>. 

Code: [roomId].tsx
[0m [90m 544 |[39m
 [90m 545 |[39m       {[90m/* ── Header ── */[39m}
[31m[1m>[22m[39m[90m 546 |[39m       [33m<[39m[33mView[39m style[33m=[39m{[styles[33m.[39mheader[33m,[39m { paddingTop[33m:[39m insets[33m.[39mtop [33m+[39m [35m6[39m }]}[33m>[39m
 [90m     |[39m       [31m[1m^[22m[39m
 [90m 547 |[39m         [33m<[39m[33mView[39m style[33m=[39m{styles[33m.[39mheaderRow}[33m>[39m
 [90m 548 |[39m           [33m<[39m[33mView[39m style[33m=[39m{{ flex[33m:[39m [35m1[39m }}[33m>[39m
 [90m 549 |[39m             [33m<[39m[33mText[39m style[33m=[39m{styles[33m.[39mroomName}[33m>[39m{room[33m?[39m[33m.[39mname [33m||[39m [32m'Room'[39m}[33m<[39m[33m/[39m[33mText[39m[33m>[39m[0m
Call Stack
  RoomContent (app/(tabs)/live/room/[roomId].tsx:546:7)
  RoomScreen (app/(tabs)/live/room/[roomId].tsx:1106:7)
  LiveLayout (app/(tabs)/live/_layout.tsx:5:5)
  TabLayout (app/(tabs)/_layout.tsx:19:5)
  RootLayoutNav (app/_layout.tsx:108:5)
  RootLayoutNavWithTheme (app/_layout.tsx:146:11)
  RootLayout (app/_layout.tsx:231:47)
Web  INFO  [2026-09-09T10:10:25.691Z] [INFO] [RootLayout] Navigation check {"currentSegment": "(tabs)", "hasInitialized": true, "isAuthenticated": true, "onboardingCompleted": true}
Web  ERROR  Unexpected text node: . A text node cannot be a child of a <View>. 

Code: index.tsx
[0m [90m 630 |[39m
 [90m 631 |[39m         {customBlock [33m&&[39m (
[31m[1m>[22m[39m[90m 632 |[39m           [33m<[39m[33mView[39m style[33m=[39m{styles[33m.[39mplanMeta}[33m>[39m
 [90m     |[39m           [31m[1m^[22m[39m
 [90m 633 |[39m             [33m<[39m[33mView[39m style[33m=[39m{styles[33m.[39mplanMetaRow}[33m>[39m
 [90m 634 |[39m               [33m<[39m[33mClock[39m size[33m=[39m{[35m14[39m} color[33m=[39m{colors[33m.[39mtextSecondary} [33m/[39m[33m>[39m
 [90m 635 |[39m               [33m<[39m[33mText[39m style[33m=[39m{[styles[33m.[39mplanMetaText[33m,[39m { color[33m:[39m colors[33m.[39mtextSecondary }]}[33m>[39m[0m
Call Stack
  PlanCard (app/(tabs)/planner/index.tsx:632:11)
  datePlans.map$argument_0 (app/(tabs)/planner/index.tsx:1218:15)
  PlannerScreen (app/(tabs)/planner/index.tsx:1217:24)
  PlannerLayout (app/(tabs)/planner/_layout.tsx:8:5)
  TabLayout (app/(tabs)/_layout.tsx:19:5)
  RootLayoutNav (app/_layout.tsx:108:5)
  RootLayoutNavWithTheme (app/_layout.tsx:146:11)
  RootLayout (app/_layout.tsx:231:47)
Web  ERROR  Unexpected text node: . A text node cannot be a child of a <View>. 

Code: index.tsx
[0m [90m 630 |[39m
 [90m 631 |[39m         {customBlock [33m&&[39m (
[31m[1m>[22m[39m[90m 632 |[39m           [33m<[39m[33mView[39m style[33m=[39m{styles[33m.[39mplanMeta}[33m>[39m
 [90m     |[39m           [31m[1m^[22m[39m
 [90m 633 |[39m             [33m<[39m[33mView[39m style[33m=[39m{styles[33m.[39mplanMetaRow}[33m>[39m
 [90m 634 |[39m               [33m<[39m[33mClock[39m size[33m=[39m{[35m14[39m} color[33m=[39m{colors[33m.[39mtextSecondary} [33m/[39m[33m>[39m
 [90m 635 |[39m               [33m<[39m[33mText[39m style[33m=[39m{[styles[33m.[39mplanMetaText[33m,[39m { color[33m:[39m colors[33m.[39mtextSecondary }]}[33m>[39m[0m
Call Stack
  PlanCard (app/(tabs)/planner/index.tsx:632:11)
  datePlans.map$argument_0 (app/(tabs)/planner/index.tsx:1218:15)
  PlannerScreen (app/(tabs)/planner/index.tsx:1217:24)
  PlannerLayout (app/(tabs)/planner/_layout.tsx:8:5)
  TabLayout (app/(tabs)/_layout.tsx:19:5)
  RootLayoutNav (app/_layout.tsx:108:5)
  RootLayoutNavWithTheme (app/_layout.tsx:146:11)
  RootLayout (app/_layout.tsx:231:47)
Web  ERROR  Unexpected text node: . A text node cannot be a child of a <View>. 

Code: index.tsx
[0m [90m 630 |[39m
 [90m 631 |[39m         {customBlock [33m&&[39m (
[31m[1m>[22m[39m[90m 632 |[39m           [33m<[39m[33mView[39m style[33m=[39m{styles[33m.[39mplanMeta}[33m>[39m
 [90m     |[39m           [31m[1m^[22m[39m
 [90m 633 |[39m             [33m<[39m[33mView[39m style[33m=[39m{styles[33m.[39mplanMetaRow}[33m>[39m
 [90m 634 |[39m               [33m<[39m[33mClock[39m size[33m=[39m{[35m14[39m} color[33m=[39m{colors[33m.[39mtextSecondary} [33m/[39m[33m>[39m
 [90m 635 |[39m               [33m<[39m[33mText[39m style[33m=[39m{[styles[33m.[39mplanMetaText[33m,[39m { color[33m:[39m colors[33m.[39mtextSecondary }]}[33m>[39m[0m
Call Stack
  PlanCard (app/(tabs)/planner/index.tsx:632:11)
  datePlans.map$argument_0 (app/(tabs)/planner/index.tsx:1218:15)
  PlannerScreen (app/(tabs)/planner/index.tsx:1217:24)
  PlannerLayout (app/(tabs)/planner/_layout.tsx:8:5)
  TabLayout (app/(tabs)/_layout.tsx:19:5)
  RootLayoutNav (app/_layout.tsx:108:5)
  RootLayoutNavWithTheme (app/_layout.tsx:146:11)
  RootLayout (app/_layout.tsx:231:47)
Web  ERROR  Unexpected text node: . A text node cannot be a child of a <View>. 

Code: index.tsx
[0m [90m 630 |[39m
 [90m 631 |[39m         {customBlock [33m&&[39m (
[31m[1m>[22m[39m[90m 632 |[39m           [33m<[39m[33mView[39m style[33m=[39m{styles[33m.[39mplanMeta}[33m>[39m
 [90m     |[39m           [31m[1m^[22m[39m
 [90m 633 |[39m             [33m<[39m[33mView[39m style[33m=[39m{styles[33m.[39mplanMetaRow}[33m>[39m
 [90m 634 |[39m               [33m<[39m[33mClock[39m size[33m=[39m{[35m14[39m} color[33m=[39m{colors[33m.[39mtextSecondary} [33m/[39m[33m>[39m
 [90m 635 |[39m               [33m<[39m[33mText[39m style[33m=[39m{[styles[33m.[39mplanMetaText[33m,[39m { color[33m:[39m colors[33m.[39mtextSecondary }]}[33m>[39m[0m
Call Stack
  PlanCard (app/(tabs)/planner/index.tsx:632:11)
  datePlans.map$argument_0 (app/(tabs)/planner/index.tsx:1218:15)
  PlannerScreen (app/(tabs)/planner/index.tsx:1217:24)
  PlannerLayout (app/(tabs)/planner/_layout.tsx:8:5)
  TabLayout (app/(tabs)/_layout.tsx:19:5)
  RootLayoutNav (app/_layout.tsx:108:5)
  RootLayoutNavWithTheme (app/_layout.tsx:146:11)
  RootLayout (app/_layout.tsx:231:47)
Web  INFO  [2026-09-09T10:10:29.288Z] [INFO] [RootLayout] Navigation check {"currentSegment": "(tabs)", "hasInitialized": true, "isAuthenticated": true, "onboardingCompleted": true}
Web  LOG  [Profile] Error fetching grabbed bundles: column job_requests.proposed_budget does not exist
Web  INFO  [2026-09-09T10:11:01.557Z] [INFO] [RootLayout] Navigation check {"currentSegment": "(tabs)", "hasInitialized": true, "isAuthenticated": true, "onboardingCompleted": true}
Web  INFO  [2026-09-09T10:11:17.901Z] [INFO] [RootLayout] Navigation check {"currentSegment": "inbox", "hasInitialized": true, "isAuthenticated": true, "onboardingCompleted": true}
Web  INFO  [2026-09-09T10:11:19.903Z] [INFO] [MessagingContext] Marked conversation as read {"participantId": "95b86cde-4f25-4888-92f7-f480b460341d"}
Web  INFO  [2026-09-09T10:11:19.921Z] [INFO] [MessagingContext] Marked conversation as read {"participantId": "95b86cde-4f25-4888-92f7-f480b460341d"}
Web  INFO  [2026-09-09T10:11:19.922Z] [INFO] [RootLayout] Navigation check {"currentSegment": "inbox", "hasInitialized": true, "isAuthenticated": true, "onboardingCompleted": true}
Web  INFO  [2026-09-09T10:11:19.934Z] [INFO] [MessagingContext] Marked conversation as read {"participantId": "95b86cde-4f25-4888-92f7-f480b460341d"}
Web  INFO  [2026-09-09T10:11:19.943Z] [INFO] [MessagingContext] Marked conversation as read {"participantId": "95b86cde-4f25-4888-92f7-f480b460341d"}
Web  INFO  [2026-09-09T10:11:19.951Z] [INFO] [MessagingContext] Marked conversation as read {"participantId": "95b86cde-4f25-4888-92f7-f480b460341d"}
Web  INFO  [2026-09-09T10:11:19.959Z] [INFO] [MessagingContext] Marked conversation as read {"participantId": "95b86cde-4f25-4888-92f7-f480b460341d"}
Web  INFO  [2026-09-09T10:11:19.968Z] [INFO] [MessagingContext] Marked conversation as read {"participantId": "95b86cde-4f25-4888-92f7-f480b460341d"}
Web  INFO  [2026-09-09T10:11:19.975Z] [INFO] [MessagingContext] Marked conversation as read {"participantId": "95b86cde-4f25-4888-92f7-f480b460341d"}
Web  INFO  [2026-09-09T10:11:19.981Z] [INFO] [MessagingContext] Marked conversation as read {"participantId": "95b86cde-4f25-4888-92f7-f480b460341d"}
Web  INFO  [2026-09-09T10:11:19.988Z] [INFO] [MessagingContext] Marked conversation as read {"participantId": "95b86cde-4f25-4888-92f7-f480b460341d"}
Web  INFO  [2026-09-09T10:11:19.995Z] [INFO] [MessagingContext] Marked conversation as read {"participantId": "95b86cde-4f25-4888-92f7-f480b460341d"}
Web  INFO  [2026-09-09T10:11:20.001Z] [INFO] [MessagingContext] Marked conversation as read {"participantId": "95b86cde-4f25-4888-92f7-f480b460341d"}
Web  INFO  [2026-09-09T10:11:20.008Z] [INFO] [MessagingContext] Marked conversation as read {"participantId": "95b86cde-4f25-4888-92f7-f480b460341d"}
Web  INFO  [2026-09-09T10:11:20.016Z] [INFO] [MessagingContext] Marked conversation as read {"participantId": "95b86cde-4f25-4888-92f7-f480b460341d"}
Web  INFO  [2026-09-09T10:11:20.022Z] [INFO] [MessagingContext] Marked conversation as read {"participantId": "95b86cde-4f25-4888-92f7-f480b460341d"}
Web  INFO  [2026-09-09T10:11:20.028Z] [INFO] [MessagingContext] Marked conversation as read {"participantId": "95b86cde-4f25-4888-92f7-f480b460341d"}
Web  INFO  [2026-09-09T10:11:20.033Z] [INFO] [MessagingContext] Marked conversation as read {"participantId": "95b86cde-4f25-4888-92f7-f480b460341d"}
Web  INFO  [2026-09-09T10:11:20.037Z] [INFO] [MessagingContext] Marked conversation as read {"participantId": "95b86cde-4f25-4888-92f7-f480b460341d"}
Web  INFO  [2026-09-09T10:11:20.043Z] [INFO] [MessagingContext] Marked conversation as read {"participantId": "95b86cde-4f25-4888-92f7-f480b460341d"}
Web  INFO  [2026-09-09T10:11:20.048Z] [INFO] [MessagingContext] Marked conversation as read {"participantId": "95b86cde-4f25-4888-92f7-f480b460341d"}
Web  INFO  [2026-09-09T10:11:20.052Z] [INFO] [MessagingContext] Marked conversation as read {"participantId": "95b86cde-4f25-4888-92f7-f480b460341d"}
Web  INFO  [2026-09-09T10:11:20.056Z] [INFO] [MessagingContext] Marked conversation as read {"participantId": "95b86cde-4f25-4888-92f7-f480b460341d"}
Web  INFO  [2026-09-09T10:11:20.061Z] [INFO] [MessagingContext] Marked conversation as read {"participantId": "95b86cde-4f25-4888-92f7-f480b460341d"}
Web  INFO  [2026-09-09T10:11:20.067Z] [INFO] [MessagingContext] Marked conversation as read {"participantId": "95b86cde-4f25-4888-92f7-f480b460341d"}
Web  INFO  [2026-09-09T10:11:20.071Z] [INFO] [MessagingContext] Marked conversation as read {"participantId": "95b86cde-4f25-4888-92f7-f480b460341d"}
Web  INFO  [2026-09-09T10:11:20.075Z] [INFO] [MessagingContext] Marked conversation as read {"participantId": "95b86cde-4f25-4888-92f7-f480b460341d"}
Web  INFO  [2026-09-09T10:11:20.080Z] [INFO] [MessagingContext] Marked conversation as read {"participantId": "95b86cde-4f25-4888-92f7-f480b460341d"}
Web  INFO  [2026-09-09T10:11:20.084Z] [INFO] [MessagingContext] Marked conversation as read {"participantId": "95b86cde-4f25-4888-92f7-f480b460341d"}
Web  INFO  [2026-09-09T10:11:20.090Z] [INFO] [MessagingContext] Marked conversation as read {"participantId": "95b86cde-4f25-4888-92f7-f480b460341d"}
Web  INFO  [2026-09-09T10:11:20.094Z] [INFO] [MessagingContext] Marked conversation as read {"participantId": "95b86cde-4f25-4888-92f7-f480b460341d"}
Web  INFO  [2026-09-09T10:11:20.099Z] [INFO] [MessagingContext] Marked conversation as read {"participantId": "95b86cde-4f25-4888-92f7-f480b460341d"}
Web  INFO  [2026-09-09T10:11:20.103Z] [INFO] [MessagingContext] Marked conversation as read {"participantId": "95b86cde-4f25-4888-92f7-f480b460341d"}
Web  INFO  [2026-09-09T10:11:20.107Z] [INFO] [MessagingContext] Marked conversation as read {"participantId": "95b86cde-4f25-4888-92f7-f480b460341d"}
Web  INFO  [2026-09-09T10:11:20.112Z] [INFO] [MessagingContext] Marked conversation as read {"participantId": "95b86cde-4f25-4888-92f7-f480b460341d"}
Web  INFO  [2026-09-09T10:11:20.117Z] [INFO] [MessagingContext] Marked conversation as read {"participantId": "95b86cde-4f25-4888-92f7-f480b460341d"}
Web  INFO  [2026-09-09T10:11:20.122Z] [INFO] [MessagingContext] Marked conversation as read {"participantId": "95b86cde-4f25-4888-92f7-f480b460341d"}
Web  INFO  [2026-09-09T10:11:20.126Z] [INFO] [MessagingContext] Marked conversation as read {"participantId": "95b86cde-4f25-4888-92f7-f480b460341d"}
Web  INFO  [2026-09-09T10:11:20.131Z] [INFO] [MessagingContext] Marked conversation as read {"participantId": "95b86cde-4f25-4888-92f7-f480b460341d"}
Web  INFO  [2026-09-09T10:11:20.136Z] [INFO] [MessagingContext] Marked conversation as read {"participantId": "95b86cde-4f25-4888-92f7-f480b460341d"}
Web  INFO  [2026-09-09T10:11:20.141Z] [INFO] [MessagingContext] Marked conversation as read {"participantId": "95b86cde-4f25-4888-92f7-f480b460341d"}
Web  INFO  [2026-09-09T10:11:20.146Z] [INFO] [MessagingContext] Marked conversation as read {"participantId": "95b86cde-4f25-4888-92f7-f480b460341d"}
Web  INFO  [2026-09-09T10:11:20.150Z] [INFO] [MessagingContext] Marked conversation as read {"participantId": "95b86cde-4f25-4888-92f7-f480b460341d"}
Web  INFO  [2026-09-09T10:11:20.155Z] [INFO] [MessagingContext] Marked conversation as read {"participantId": "95b86cde-4f25-4888-92f7-f480b460341d"}
Web  INFO  [2026-09-09T10:11:20.159Z] [INFO] [MessagingContext] Marked conversation as read {"participantId": "95b86cde-4f25-4888-92f7-f480b460341d"}
Web  INFO  [2026-09-09T10:11:20.165Z] [INFO] [MessagingContext] Marked conversation as read {"participantId": "95b86cde-4f25-4888-92f7-f480b460341d"}
Web  INFO  [2026-09-09T10:11:20.170Z] [INFO] [MessagingContext] Marked conversation as read {"participantId": "95b86cde-4f25-4888-92f7-f480b460341d"}
Web  INFO  [2026-09-09T10:11:20.174Z] [INFO] [MessagingContext] Marked conversation as read {"participantId": "95b86cde-4f25-4888-92f7-f480b460341d"}
Web  INFO  [2026-09-09T10:11:20.179Z] [INFO] [MessagingContext] Marked conversation as read {"participantId": "95b86cde-4f25-4888-92f7-f480b460341d"}
Web  INFO  [2026-09-09T10:11:20.183Z] [INFO] [MessagingContext] Marked conversation as read {"participantId": "95b86cde-4f25-4888-92f7-f480b460341d"}
Web  INFO  [2026-09-09T10:11:20.188Z] [INFO] [MessagingContext] Marked conversation as read {"participantId": "95b86cde-4f25-4888-92f7-f480b460341d"}
Web  INFO  [2026-09-09T10:11:20.192Z] [INFO] [MessagingContext] Marked conversation as read {"participantId": "95b86cde-4f25-4888-92f7-f480b460341d"}
Web  LOG  [AppErrorBoundary] Caught error {"error": [Error: Maximum update depth exceeded. This can happen when a component repeatedly calls setState inside componentWillUpdate or componentDidUpdate. React limits the number of nested updates to prevent infinite loops.], "errorInfo": {"componentStack": "
    at ConversationScreen (https://hsrnekw-sharehost-8081.exp.direct/node_modules/expo-router/entry.bundle?platform=web&dev=true&hot=false&lazy=true&transform.engine=hermes&transform.routerRoot=app&unstable_transformProfile=hermes-stable:234785:46)
    at WrappedScreenComponent (https://hsrnekw-sharehost-8081.exp.direct/node_modules/expo-router/entry.bundle?platform=web&dev=true&hot=false&lazy=true&transform.engine=hermes&transform.routerRoot=app&unstable_transformProfile=hermes-stable:29463:49)
    at Suspense (<anonymous>)
    at ZoomTransitionTargetContextProvider (https://hsrnekw-sharehost-8081.exp.direct/node_modules/expo-router/entry.bundle?platform=web&dev=true&hot=false&lazy=true&transform.engine=hermes&transform.routerRoot=app&unstable_transformProfile=hermes-stable:288715:5)
    at Route (https://hsrnekw-sharehost-8081.exp.direct/node_modules/expo-router/entry.bundle?platform=web&dev=true&hot=false&lazy=true&transform.engine=hermes&transform.routerRoot=app&unstable_transformProfile=hermes-stable:12826:5)
    at BaseRoute (https://hsrnekw-sharehost-8081.exp.direct/node_modules/expo-router/entry.bundle?platform=web&dev=true&hot=false&lazy=true&transform.engine=hermes&transform.routerRoot=app&unstable_transformProfile=hermes-stable:29471:7)
    at StaticContainer (https://hsrnekw-sharehost-8081.exp.direct/node_modules/expo-router/entry.bundle?platform=web&dev=true&hot=false&lazy=true&transform.engine=hermes&transform.routerRoot=app&unstable_transformProfile=hermes-stable:22020:18)
    at EnsureSingleNavigator (https://hsrnekw-sharehost-8081.exp.direct/node_modules/expo-router/entry.bundle?platform=web&dev=true&hot=false&lazy=true&transform.engine=hermes&transform.routerRoot=app&unstable_transformProfile=hermes-stable:16436:5)
    at SceneView (https://hsrnekw-sharehost-8081.exp.direct/node_modules/expo-router/entry.bundle?platform=web&dev=true&hot=false&lazy=true&transform.engine=hermes&transform.routerRoot=app&unstable_transformProfile=hermes-stable:21799:5)
    at NavigationProvider (https://hsrnekw-sharehost-8081.exp.direct/node_modules/expo-router/entry.bundle?platform=web&dev=true&hot=false&lazy=true&transform.engine=hermes&transform.routerRoot=app&unstable_transformProfile=hermes-stable:19699:5)
    at div (<anonymous>)
    at View (https://hsrnekw-sharehost-8081.exp.direct/node_modules/expo-router/entry.bundle?platform=web&dev=true&hot=false&lazy=true&transform.engine=hermes&transform.routerRoot=app&unstable_transformProfile=hermes-stable:262469:27)
    at AnimatedHeaderHeightProvider (https://hsrnekw-sharehost-8081.exp.direct/node_modules/expo-router/entry.bundle?platform=web&dev=true&hot=false&lazy=true&transform.engine=hermes&transform.routerRoot=app&unstable_transformProfile=hermes-stable:291050:5)
    at div (<anonymous>)
    at View (https://hsrnekw-sharehost-8081.exp.direct/node_modules/expo-router/entry.bundle?platform=web&dev=true&hot=false&lazy=true&transform.engine=hermes&transform.routerRoot=app&unstable_transformProfile=hermes-stable:262469:27)
    at div (<anonymous>)
    at View (https://hsrnekw-sharehost-8081.exp.direct/node_modules/expo-router/entry.bundle?platform=web&dev=true&hot=false&lazy=true&transform.engine=hermes&transform.routerRoot=app&unstable_transformProfile=hermes-stable:262469:27)
    at https://hsrnekw-sharehost-8081.exp.direct/node_modules/expo-router/entry.bundle?platform=web&dev=true&hot=false&lazy=true&transform.engine=hermes&transform.routerRoot=app&unstable_transformProfile=hermes-stable:272457:60
    at Background (https://hsrnekw-sharehost-8081.exp.direct/node_modules/expo-router/entry.bundle?platform=web&dev=true&hot=false&lazy=true&transform.engine=hermes&transform.routerRoot=app&unstable_transformProfile=hermes-stable:31015:5)
    at Screen (https://hsrnekw-sharehost-8081.exp.direct/node_modules/expo-router/entry.bundle?platform=web&dev=true&hot=false&lazy=true&transform.engine=hermes&transform.routerRoot=app&unstable_transformProfile=hermes-stable:35175:75)
    at div (<anonymous>)
    at View (https://hsrnekw-sharehost-8081.exp.direct/node_modules/expo-router/entry.bundle?platform=web&dev=true&hot=false&lazy=true&transform.engine=hermes&transform.routerRoot=app&unstable_transformProfile=hermes-stable:262469:27)
    at FrameSizeProvider (https://hsrnekw-sharehost-8081.exp.direct/node_modules/expo-router/entry.bundle?platform=web&dev=true&hot=false&lazy=true&transform.engine=hermes&transform.routerRoot=app&unstable_transformProfile=hermes-stable:33757:5)
    at SafeAreaProviderCompat (https://hsrnekw-sharehost-8081.exp.direct/node_modules/expo-router/entry.bundle?platform=web&dev=true&hot=false&lazy=true&transform.engine=hermes&transform.routerRoot=app&unstable_transformProfile=hermes-stable:35075:5)
    at NativeStackView (https://hsrnekw-sharehost-8081.exp.direct/node_modules/expo-router/entry.bundle?platform=web&dev=true&hot=false&lazy=true&transform.engine=hermes&transform.routerRoot=app&unstable_transformProfile=hermes-stable:290949:5)
    at PreventRemoveProvider (https://hsrnekw-sharehost-8081.exp.direct/node_modules/expo-router/entry.bundle?platform=web&dev=true&hot=false&lazy=true&transform.engine=hermes&transform.routerRoot=app&unstable_transformProfile=hermes-stable:20024:5)
    at NavigationStateListenerProvider (https://hsrnekw-sharehost-8081.exp.direct/node_modules/expo-router/entry.bundle?platform=web&dev=true&hot=false&lazy=true&transform.engine=hermes&transform.routerRoot=app&unstable_transformProfile=hermes-stable:22700:5)
    at NavigationContent (https://hsrnekw-sharehost-8081.exp.direct/node_modules/expo-router/entry.bundle?platform=web&dev=true&hot=false&lazy=true&transform.engine=hermes&transform.routerRoot=app&unstable_transformProfile=hermes-stable:21452:5)
    at https://hsrnekw-sharehost-8081.exp.direct/node_modules/expo-router/entry.bundle?platform=web&dev=true&hot=false&lazy=true&transform.engine=hermes&transform.routerRoot=app&unstable_transformProfile=hermes-stable:21467:7
    at NativeStackNavigator (https://hsrnekw-sharehost-8081.exp.direct/node_modules/expo-router/entry.bundle?platform=web&dev=true&hot=false&lazy=true&transform.engine=hermes&transform.routerRoot=app&unstable_transformProfile=hermes-stable:41647:5)
    at https://hsrnekw-sharehost-8081.exp.direct/node_modules/expo-router/entry.bundle?platform=web&dev=true&hot=false&lazy=true&transform.engine=hermes&transform.routerRoot=app&unstable_transformProfile=hermes-stable:13641:17
    at Object.assign.Screen (https://hsrnekw-sharehost-8081.exp.direct/node_modules/expo-router/entry.bundle?platform=web&dev=true&hot=false&lazy=true&transform.engine=hermes&transform.routerRoot=app&unstable_transformProfile=hermes-stable:13395:56)
    at InboxLayout(./inbox/_layout.tsx) (<anonymous>)
    at WrappedScreenComponent (https://hsrnekw-sharehost-8081.exp.direct/node_modules/expo-router/entry.bundle?platform=web&dev=true&hot=false&lazy=true&transform.engine=hermes&transform.routerRoot=app&unstable_transformProfile=hermes-stable:29463:49)
    at Suspense (<anonymous>)
    at ZoomTransitionTargetContextProvider (https://hsrnekw-sharehost-8081.exp.direct/node_modules/expo-router/entry.bundle?platform=web&dev=true&hot=false&lazy=true&transform.engine=hermes&transform.routerRoot=app&unstable_transformProfile=hermes-stable:288715:5)
    at Route (https://hsrnekw-sharehost-8081.exp.direct/node_modules/expo-router/entry.bundle?platform=web&dev=true&hot=false&lazy=true&transform.engine=hermes&transform.routerRoot=app&unstable_transformProfile=hermes-stable:12826:5)
    at BaseRoute (https://hsrnekw-sharehost-8081.exp.direct/node_modules/expo-router/entry.bundle?platform=web&dev=true&hot=false&lazy=true&transform.engine=hermes&transform.routerRoot=app&unstable_transformProfile=hermes-stable:29471:7)
    at StaticContainer (https://hsrnekw-sharehost-8081.exp.direct/node_modules/expo-router/entry.bundle?platform=web&dev=true&hot=false&lazy=true&transform.engine=hermes&transform.routerRoot=app&unstable_transformProfile=hermes-stable:22020:18)
    at EnsureSingleNavigator (https://hsrnekw-sharehost-8081.exp.direct/node_modules/expo-router/entry.bundle?platform=web&dev=true&hot=false&lazy=true&transform.engine=hermes&transform.routerRoot=app&unstable_transformProfile=hermes-stable:16436:5)
    at SceneView (https://hsrnekw-sharehost-8081.exp.direct/node_modules/expo-router/entry.bundle?platform=web&dev=true&hot=false&lazy=true&transform.engine=hermes&transform.routerRoot=app&unstable_transformProfile=hermes-stable:21799:5)
    at NavigationProvider (https://hsrnekw-sharehost-8081.exp.direct/node_modules/expo-router/entry.bundle?platform=web&dev=true&hot=false&lazy=true&transform.engine=hermes&transform.routerRoot=app&unstable_transformProfile=hermes-stable:19699:5)
    at div (<anonymous>)
    at View (https://hsrnekw-sharehost-8081.exp.direct/node_modules/expo-router/entry.bundle?platform=web&dev=true&hot=false&lazy=true&transform.engine=hermes&transform.routerRoot=app&unstable_transformProfile=hermes-stable:262469:27)
    at AnimatedHeaderHeightProvider (https://hsrnekw-sharehost-8081.exp.direct/node_modules/expo-router/entry.bundle?platform=web&dev=true&hot=false&lazy=true&transform.engine=hermes&transform.routerRoot=app&unstable_transformProfile=hermes-stable:291050:5)
    at div (<anonymous>)
    at View (https://hsrnekw-sharehost-8081.exp.direct/node_modules/expo-router/entry.bundle?platform=web&dev=true&hot=false&lazy=true&transform.engine=hermes&transform.routerRoot=app&unstable_transformProfile=hermes-stable:262469:27)
    at div (<anonymous>)
    at View (https://hsrnekw-sharehost-8081.exp.direct/node_modules/expo-router/entry.bundle?platform=web&dev=true&hot=false&lazy=true&transform.engine=hermes&transform.routerRoot=app&unstable_transformProfile=hermes-stable:262469:27)
    at https://hsrnekw-sharehost-8081.exp.direct/node_modules/expo-router/entry.bundle?platform=web&dev=true&hot=false&lazy=true&transform.engine=hermes&transform.routerRoot=app&unstable_transformProfile=hermes-stable:272457:60
    at Background (https://hsrnekw-sharehost-8081.exp.direct/node_modules/expo-router/entry.bundle?platform=web&dev=true&hot=false&lazy=true&transform.engine=hermes&transform.routerRoot=app&unstable_transformProfile=hermes-stable:31015:5)
    at Screen (https://hsrnekw-sharehost-8081.exp.direct/node_modules/expo-router/entry.bundle?platform=web&dev=true&hot=false&lazy=true&transform.engine=hermes&transform.routerRoot=app&unstable_transformProfile=hermes-stable:35175:75)
    at div (<anonymous>)
    at View (https://hsrnekw-sharehost-8081.exp.direct/node_modules/expo-router/entry.bundle?platform=web&dev=true&hot=false&lazy=true&transform.engine=hermes&transform.routerRoot=app&unstable_transformProfile=hermes-stable:262469:27)
    at FrameSizeProvider (https://hsrnekw-sharehost-8081.exp.direct/node_modules/expo-router/entry.bundle?platform=web&dev=true&hot=false&lazy=true&transform.engine=hermes&transform.routerRoot=app&unstable_transformProfile=hermes-stable:33757:5)
    at SafeAreaProviderCompat (https://hsrnekw-sharehost-8081.exp.direct/node_modules/expo-router/entry.bundle?platform=web&dev=true&hot=false&lazy=true&transform.engine=hermes&transform.routerRoot=app&unstable_transformProfile=hermes-stable:35075:5)
    at NativeStackView (https://hsrnekw-sharehost-8081.exp.direct/node_modules/expo-router/entry.bundle?platform=web&dev=true&hot=false&lazy=true&transform.engine=hermes&transform.routerRoot=app&unstable_transformProfile=hermes-stable:290949:5)
    at PreventRemoveProvider (https://hsrnekw-sharehost-8081.exp.direct/node_modules/expo-router/entry.bundle?platform=web&dev=true&hot=false&lazy=true&transform.engine=hermes&transform.routerRoot=app&unstable_transformProfile=hermes-stable:20024:5)
    at NavigationStateListenerProvider (https://hsrnekw-sharehost-8081.exp.direct/node_modules/expo-router/entry.bundle?platform=web&dev=true&hot=false&lazy=true&transform.engine=hermes&transform.routerRoot=app&unstable_transformProfile=hermes-stable:22700:5)
    at NavigationContent (https://hsrnekw-sharehost-8081.exp.direct/node_modules/expo-router/entry.bundle?platform=web&dev=true&hot=false&lazy=true&transform.engine=hermes&transform.routerRoot=app&unstable_transformProfile=hermes-stable:21452:5)
    at https://hsrnekw-sharehost-8081.exp.direct/node_modules/expo-router/entry.bundle?platform=web&dev=true&hot=false&lazy=true&transform.engine=hermes&transform.routerRoot=app&unstable_transformProfile=hermes-stable:21467:7
    at NativeStackNavigator (https://hsrnekw-sharehost-8081.exp.direct/node_modules/expo-router/entry.bundle?platform=web&dev=true&hot=false&lazy=true&transform.engine=hermes&transform.routerRoot=app&unstable_transformProfile=hermes-stable:41647:5)
    at https://hsrnekw-sharehost-8081.exp.direct/node_modules/expo-router/entry.bundle?platform=web&dev=true&hot=false&lazy=true&transform.engine=hermes&transform.routerRoot=app&unstable_transformProfile=hermes-stable:13641:17
    at Object.assign.Screen (https://hsrnekw-sharehost-8081.exp.direct/node_modules/expo-router/entry.bundle?platform=web&dev=true&hot=false&lazy=true&transform.engine=hermes&transform.routerRoot=app&unstable_transformProfile=hermes-stable:13395:56)
    at RootLayoutNav (https://hsrnekw-sharehost-8081.exp.direct/node_modules/expo-router/entry.bundle?platform=web&dev=true&hot=false&lazy=true&transform.engine=hermes&transform.routerRoot=app&unstable_transformProfile=hermes-stable:225546:50)
    at div (<anonymous>)
    at View (https://hsrnekw-sharehost-8081.exp.direct/node_modules/expo-router/entry.bundle?platform=web&dev=true&hot=false&lazy=true&transform.engine=hermes&transform.routerRoot=app&unstable_transformProfile=hermes-stable:262469:27)
    at KeyboardAvoidingView (https://hsrnekw-sharehost-8081.exp.direct/node_modules/expo-router/entry.bundle?platform=web&dev=true&hot=false&lazy=true&transform.engine=hermes&transform.routerRoot=app&unstable_transformProfile=hermes-stable:282252:7)
    at div (<anonymous>)
    at View (https://hsrnekw-sharehost-8081.exp.direct/node_modules/expo-router/entry.bundle?platform=web&dev=true&hot=false&lazy=true&transform.engine=hermes&transform.routerRoot=app&unstable_transformProfile=hermes-stable:262469:27)
    at RootLayoutNavWithTheme (https://hsrnekw-sharehost-8081.exp.direct/node_modules/expo-router/entry.bundle?platform=web&dev=true&hot=false&lazy=true&transform.engine=hermes&transform.routerRoot=app&unstable_transformProfile=hermes-stable:225658:44)
    at AppErrorBoundary (https://hsrnekw-sharehost-8081.exp.direct/node_modules/expo-router/entry.bundle?platform=web&dev=true&hot=false&lazy=true&transform.engine=hermes&transform.routerRoot=app&unstable_transformProfile=hermes-stable:231000:3)
    at https://hsrnekw-sharehost-8081.exp.direct/node_modules/expo-router/entry.bundle?platform=web&dev=true&hot=false&lazy=true&transform.engine=hermes&transform.routerRoot=app&unstable_transformProfile=hermes-stable:162950:7
    at OrdersProvider (https://hsrnekw-sharehost-8081.exp.direct/node_modules/expo-router/entry.bundle?platform=web&dev=true&hot=false&lazy=true&transform.engine=hermes&transform.routerRoot=app&unstable_transformProfile=hermes-stable:217286:5)
    at https://hsrnekw-sharehost-8081.exp.direct/node_modules/expo-router/entry.bundle?platform=web&dev=true&hot=false&lazy=true&transform.engine=hermes&transform.routerRoot=app&unstable_transformProfile=hermes-stable:162950:7
    at https://hsrnekw-sharehost-8081.exp.direct/node_modules/expo-router/entry.bundle?platform=web&dev=true&hot=false&lazy=true&transform.engine=hermes&transform.routerRoot=app&unstable_transformProfile=hermes-stable:162950:7
    at https://hsrnekw-sharehost-8081.exp.direct/node_modules/expo-router/entry.bundle?platform=web&dev=true&hot=false&lazy=true&transform.engine=hermes&transform.routerRoot=app&unstable_transformProfile=hermes-stable:162950:7
    at https://hsrnekw-sharehost-8081.exp.direct/node_modules/expo-router/entry.bundle?platform=web&dev=true&hot=false&lazy=true&transform.engine=hermes&transform.routerRoot=app&unstable_transformProfile=hermes-stable:162950:7
    at PlanProvider (https://hsrnekw-sharehost-8081.exp.direct/node_modules/expo-router/entry.bundle?platform=web&dev=true&hot=false&lazy=true&transform.engine=hermes&transform.routerRoot=app&unstable_transformProfile=hermes-stable:204751:5)
    at RoomProvider (https://hsrnekw-sharehost-8081.exp.direct/node_modules/expo-router/entry.bundle?platform=web&dev=true&hot=false&lazy=true&transform.engine=hermes&transform.routerRoot=app&unstable_transformProfile=hermes-stable:201175:5)
    at ServiceRequestProvider (https://hsrnekw-sharehost-8081.exp.direct/node_modules/expo-router/entry.bundle?platform=web&dev=true&hot=false&lazy=true&transform.engine=hermes&transform.routerRoot=app&unstable_transformProfile=hermes-stable:187816:5)
    at SkillProvider (https://hsrnekw-sharehost-8081.exp.direct/node_modules/expo-router/entry.bundle?platform=web&dev=true&hot=false&lazy=true&transform.engine=hermes&transform.routerRoot=app&unstable_transformProfile=hermes-stable:187424:5)
    at BundleProvider (https://hsrnekw-sharehost-8081.exp.direct/node_modules/expo-router/entry.bundle?platform=web&dev=true&hot=false&lazy=true&transform.engine=hermes&transform.routerRoot=app&unstable_transformProfile=hermes-stable:178908:5)
    at https://hsrnekw-sharehost-8081.exp.direct/node_modules/expo-router/entry.bundle?platform=web&dev=true&hot=false&lazy=true&transform.engine=hermes&transform.routerRoot=app&unstable_transformProfile=hermes-stable:162950:7
    at https://hsrnekw-sharehost-8081.exp.direct/node_modules/expo-router/entry.bundle?platform=web&dev=true&hot=false&lazy=true&transform.engine=hermes&transform.routerRoot=app&unstable_transformProfile=hermes-stable:162950:7
    at UserPostsProvider (https://hsrnekw-sharehost-8081.exp.direct/node_modules/expo-router/entry.bundle?platform=web&dev=true&hot=false&lazy=true&transform.engine=hermes&transform.routerRoot=app&unstable_transformProfile=hermes-stable:196852:5)
    at https://hsrnekw-sharehost-8081.exp.direct/node_modules/expo-router/entry.bundle?platform=web&dev=true&hot=false&lazy=true&transform.engine=hermes&transform.routerRoot=app&unstable_transformProfile=hermes-stable:162950:7
    at https://hsrnekw-sharehost-8081.exp.direct/node_modules/expo-router/entry.bundle?platform=web&dev=true&hot=false&lazy=true&transform.engine=hermes&transform.routerRoot=app&unstable_transformProfile=hermes-stable:162950:7
    at https://hsrnekw-sharehost-8081.exp.direct/node_modules/expo-router/entry.bundle?platform=web&dev=true&hot=false&lazy=true&transform.engine=hermes&transform.routerRoot=app&unstable_transformProfile=hermes-stable:162950:7
    at div (<anonymous>)
    at View (https://hsrnekw-sharehost-8081.exp.direct/node_modules/expo-router/entry.bundle?platform=web&dev=true&hot=false&lazy=true&transform.engine=hermes&transform.routerRoot=app&unstable_transformProfile=hermes-stable:262469:27)
    at NativeSafeAreaProvider (https://hsrnekw-sharehost-8081.exp.direct/node_modules/expo-router/entry.bundle?platform=web&dev=true&hot=false&lazy=true&transform.engine=hermes&transform.routerRoot=app&unstable_transformProfile=hermes-stable:262287:5)
    at SafeAreaProvider (https://hsrnekw-sharehost-8081.exp.direct/node_modules/expo-router/entry.bundle?platform=web&dev=true&hot=false&lazy=true&transform.engine=hermes&transform.routerRoot=app&unstable_transformProfile=hermes-stable:257577:5)
    at div (<anonymous>)
    at View (https://hsrnekw-sharehost-8081.exp.direct/node_modules/expo-router/entry.bundle?platform=web&dev=true&hot=false&lazy=true&transform.engine=hermes&transform.routerRoot=app&unstable_transformProfile=hermes-stable:262469:27)
    at GestureHandlerRootView (https://hsrnekw-sharehost-8081.exp.direct/node_modules/expo-router/entry.bundle?platform=web&dev=true&hot=false&lazy=true&transform.engine=hermes&transform.routerRoot=app&unstable_transformProfile=hermes-stable:325411:5)
    at QueryClientProvider (https://hsrnekw-sharehost-8081.exp.direct/node_modules/expo-router/entry.bundle?platform=web&dev=true&hot=false&lazy=true&transform.engine=hermes&transform.routerRoot=app&unstable_transformProfile=hermes-stable:167501:5)
    at TRPCProvider (https://hsrnekw-sharehost-8081.exp.direct/node_modules/expo-router/entry.bundle?platform=web&dev=true&hot=false&lazy=true&transform.engine=hermes&transform.routerRoot=app&unstable_transformProfile=hermes-stable:180219:9)
    at ProviderErrorBoundary (https://hsrnekw-sharehost-8081.exp.direct/node_modules/expo-router/entry.bundle?platform=web&dev=true&hot=false&lazy=true&transform.engine=hermes&transform.routerRoot=app&unstable_transformProfile=hermes-stable:225691:7)
    at RootLayout (https://hsrnekw-sharehost-8081.exp.direct/node_modules/expo-router/entry.bundle?platform=web&dev=true&hot=false&lazy=true&transform.engine=hermes&transform.routerRoot=app&unstable_transformProfile=hermes-stable:225760:26)
    at WrappedScreenComponent (https://hsrnekw-sharehost-8081.exp.direct/node_modules/expo-router/entry.bundle?platform=web&dev=true&hot=false&lazy=true&transform.engine=hermes&transform.routerRoot=app&unstable_transformProfile=hermes-stable:29463:49)
    at Suspense (<anonymous>)
    at ZoomTransitionTargetContextProvider (https://hsrnekw-sharehost-8081.exp.direct/node_modules/expo-router/entry.bundle?platform=web&dev=true&hot=false&lazy=true&transform.engine=hermes&transform.routerRoot=app&unstable_transformProfile=hermes-stable:288715:5)
    at Route (https://hsrnekw-sharehost-8081.exp.direct/node_modules/expo-router/entry.bundle?platform=web&dev=true&hot=false&lazy=true&transform.engine=hermes&transform.routerRoot=app&unstable_transformProfile=hermes-stable:12826:5)
    at BaseRoute (https://hsrnekw-sharehost-8081.exp.direct/node_modules/expo-router/entry.bundle?platform=web&dev=true&hot=false&lazy=true&transform.engine=hermes&transform.routerRoot=app&unstable_transformProfile=hermes-stable:29471:7)
    at StaticContainer (https://hsrnekw-sharehost-8081.exp.direct/node_modules/expo-router/entry.bundle?platform=web&dev=true&hot=false&lazy=true&transform.engine=hermes&transform.routerRoot=app&unstable_transformProfile=hermes-stable:22020:18)
    at EnsureSingleNavigator (https://hsrnekw-sharehost-8081.exp.direct/node_modules/expo-router/entry.bundle?platform=web&dev=true&hot=false&lazy=true&transform.engine=hermes&transform.routerRoot=app&unstable_transformProfile=hermes-stable:16436:5)
    at SceneView (https://hsrnekw-sharehost-8081.exp.direct/node_modules/expo-router/entry.bundle?platform=web&dev=true&hot=false&lazy=true&transform.engine=hermes&transform.routerRoot=app&unstable_transformProfile=hermes-stable:21799:5)
    at NavigationProvider (https://hsrnekw-sharehost-8081.exp.direct/node_modules/expo-router/entry.bundle?platform=web&dev=true&hot=false&lazy=true&transform.engine=hermes&transform.routerRoot=app&unstable_transformProfile=hermes-stable:19699:5)
    at PreventRemoveProvider (https://hsrnekw-sharehost-8081.exp.direct/node_modules/expo-router/entry.bundle?platform=web&dev=true&hot=false&lazy=true&transform.engine=hermes&transform.routerRoot=app&unstable_transformProfile=hermes-stable:20024:5)
    at NavigationStateListenerProvider (https://hsrnekw-sharehost-8081.exp.direct/node_modules/expo-router/entry.bundle?platform=web&dev=true&hot=false&lazy=true&transform.engine=hermes&transform.routerRoot=app&unstable_transformProfile=hermes-stable:22700:5)
    at NavigationContent (https://hsrnekw-sharehost-8081.exp.direct/node_modules/expo-router/entry.bundle?platform=web&dev=true&hot=false&lazy=true&transform.engine=hermes&transform.routerRoot=app&unstable_transformProfile=hermes-stable:21452:5)
    at https://hsrnekw-sharehost-8081.exp.direct/node_modules/expo-router/entry.bundle?platform=web&dev=true&hot=false&lazy=true&transform.engine=hermes&transform.routerRoot=app&unstable_transformProfile=hermes-stable:21467:7
    at Content (https://hsrnekw-sharehost-8081.exp.direct/node_modules/expo-router/entry.bundle?platform=web&dev=true&hot=false&lazy=true&transform.engine=hermes&transform.routerRoot=app&unstable_transformProfile=hermes-stable:44285:43)
    at div (<anonymous>)
    at View (https://hsrnekw-sharehost-8081.exp.direct/node_modules/expo-router/entry.bundle?platform=web&dev=true&hot=false&lazy=true&transform.engine=hermes&transform.routerRoot=app&unstable_transformProfile=hermes-stable:262469:27)
    at NativeSafeAreaProvider (https://hsrnekw-sharehost-8081.exp.direct/node_modules/expo-router/entry.bundle?platform=web&dev=true&hot=false&lazy=true&transform.engine=hermes&transform.routerRoot=app&unstable_transformProfile=hermes-stable:262287:5)
    at SafeAreaProvider (https://hsrnekw-sharehost-8081.exp.direct/node_modules/expo-router/entry.bundle?platform=web&dev=true&hot=false&lazy=true&transform.engine=hermes&transform.routerRoot=app&unstable_transformProfile=hermes-stable:257577:5)
    at LinkPreviewContextProvider (https://hsrnekw-sharehost-8081.exp.direct/node_modules/expo-router/entry.bundle?platform=web&dev=true&hot=false&lazy=true&transform.engine=hermes&transform.routerRoot=app&unstable_transformProfile=hermes-stable:39543:5)
    at https://hsrnekw-sharehost-8081.exp.direct/node_modules/expo-router/entry.bundle?platform=web&dev=true&hot=false&lazy=true&transform.engine=hermes&transform.routerRoot=app&unstable_transformProfile=hermes-stable:44178:7
    at ThemeProvider (https://hsrnekw-sharehost-8081.exp.direct/node_modules/expo-router/entry.bundle?platform=web&dev=true&hot=false&lazy=true&transform.engine=hermes&transform.routerRoot=app&unstable_transformProfile=hermes-stable:16931:5)
    at EnsureSingleNavigator (https://hsrnekw-sharehost-8081.exp.direct/node_modules/expo-router/entry.bundle?platform=web&dev=true&hot=false&lazy=true&transform.engine=hermes&transform.routerRoot=app&unstable_transformProfile=hermes-stable:16436:5)
    at BaseNavigationContainer (https://hsrnekw-sharehost-8081.exp.direct/node_modules/expo-router/entry.bundle?platform=web&dev=true&hot=false&lazy=true&transform.engine=hermes&transform.routerRoot=app&unstable_transformProfile=hermes-stable:14632:5)
    at NavigationContainerInner (https://hsrnekw-sharehost-8081.exp.direct/node_modules/expo-router/entry.bundle?platform=web&dev=true&hot=false&lazy=true&transform.engine=hermes&transform.routerRoot=app&unstable_transformProfile=hermes-stable:44458:5)
    at ContextNavigator (https://hsrnekw-sharehost-8081.exp.direct/node_modules/expo-router/entry.bundle?platform=web&dev=true&hot=false&lazy=true&transform.engine=hermes&transform.routerRoot=app&unstable_transformProfile=hermes-stable:44204:5)
    at ExpoRoot (https://hsrnekw-sharehost-8081.exp.direct/node_modules/expo-router/entry.bundle?platform=web&dev=true&hot=false&lazy=true&transform.engine=hermes&transform.routerRoot=app&unstable_transformProfile=hermes-stable:44168:14)
    at _HelmetProvider (https://hsrnekw-sharehost-8081.exp.direct/node_modules/expo-router/entry.bundle?platform=web&dev=true&hot=false&lazy=true&transform.engine=hermes&transform.routerRoot=app&unstable_transformProfile=hermes-stable:372793:7)
    at App (<anonymous>)
    at withDevTools(App) (<anonymous>)
    at AppContainer (https://hsrnekw-sharehost-8081.exp.direct/node_modules/expo-router/entry.bundle?platform=web&dev=true&hot=false&lazy=true&transform.engine=hermes&transform.routerRoot=app&unstable_transformProfile=hermes-stable:279801:5)"}}
Web  INFO  [2026-09-09T10:11:20.208Z] [INFO] [MessagingContext] Persisted messaging state
Web  INFO  [2026-09-09T10:11:20.208Z] [INFO] [MessagingContext] Persisted messaging state
Web  INFO  [2026-09-09T10:11:20.208Z] [INFO] [MessagingContext] Persisted messaging state
Web  INFO  [2026-09-09T10:11:20.208Z] [INFO] [MessagingContext] Persisted messaging state
Web  INFO  [2026-09-09T10:11:20.208Z] [INFO] [MessagingContext] Persisted messaging state
Web  INFO  [2026-09-09T10:11:20.208Z] [INFO] [MessagingContext] Persisted messaging state
Web  INFO  [2026-09-09T10:11:20.208Z] [INFO] [MessagingContext] Persisted messaging state
Web  INFO  [2026-09-09T10:11:20.208Z] [INFO] [MessagingContext] Persisted messaging state
Web  INFO  [2026-09-09T10:11:20.208Z] [INFO] [MessagingContext] Persisted messaging state
Web  INFO  [2026-09-09T10:11:20.208Z] [INFO] [MessagingContext] Persisted messaging state
Web  INFO  [2026-09-09T10:11:20.208Z] [INFO] [MessagingContext] Persisted messaging state
Web  INFO  [2026-09-09T10:11:20.208Z] [INFO] [MessagingContext] Persisted messaging state
Web  INFO  [2026-09-09T10:11:20.208Z] [INFO] [MessagingContext] Persisted messaging state
Web  INFO  [2026-09-09T10:11:20.208Z] [INFO] [MessagingContext] Persisted messaging state
Web  INFO  [2026-09-09T10:11:20.208Z] [INFO] [MessagingContext] Persisted messaging state
Web  INFO  [2026-09-09T10:11:20.208Z] [INFO] [MessagingContext] Persisted messaging state
Web  INFO  [2026-09-09T10:11:20.208Z] [INFO] [MessagingContext] Persisted messaging state
Web  INFO  [2026-09-09T10:11:20.208Z] [INFO] [MessagingContext] Persisted messaging state
Web  INFO  [2026-09-09T10:11:20.208Z] [INFO] [MessagingContext] Persisted messaging state
Web  INFO  [2026-09-09T10:11:20.208Z] [INFO] [MessagingContext] Persisted messaging state
Web  INFO  [2026-09-09T10:11:20.208Z] [INFO] [MessagingContext] Persisted messaging state
Web  INFO  [2026-09-09T10:11:20.208Z] [INFO] [MessagingContext] Persisted messaging state
Web  INFO  [2026-09-09T10:11:20.208Z] [INFO] [MessagingContext] Persisted messaging state
Web  INFO  [2026-09-09T10:11:20.208Z] [INFO] [MessagingContext] Persisted messaging state
Web  INFO  [2026-09-09T10:11:20.208Z] [INFO] [MessagingContext] Persisted messaging state
Web  INFO  [2026-09-09T10:11:20.208Z] [INFO] [MessagingContext] Persisted messaging state
Web  INFO  [2026-09-09T10:11:20.208Z] [INFO] [MessagingContext] Persisted messaging state
Web  INFO  [2026-09-09T10:11:20.208Z] [INFO] [MessagingContext] Persisted messaging state
Web  INFO  [2026-09-09T10:11:20.208Z] [INFO] [MessagingContext] Persisted messaging state
Web  INFO  [2026-09-09T10:11:20.208Z] [INFO] [MessagingContext] Persisted messaging state
Web  INFO  [2026-09-09T10:11:20.208Z] [INFO] [MessagingContext] Persisted messaging state
Web  INFO  [2026-09-09T10:11:20.208Z] [INFO] [MessagingContext] Persisted messaging state
Web  INFO  [2026-09-09T10:11:20.208Z] [INFO] [MessagingContext] Persisted messaging state
Web  INFO  [2026-09-09T10:11:20.208Z] [INFO] [MessagingContext] Persisted messaging state
Web  INFO  [2026-09-09T10:11:20.208Z] [INFO] [MessagingContext] Persisted messaging state
Web  INFO  [2026-09-09T10:11:20.208Z] [INFO] [MessagingContext] Persisted messaging state
Web  INFO  [2026-09-09T10:11:20.208Z] [INFO] [MessagingContext] Persisted messaging state
Web  INFO  [2026-09-09T10:11:20.208Z] [INFO] [MessagingContext] Persisted messaging state
Web  INFO  [2026-09-09T10:11:20.208Z] [INFO] [MessagingContext] Persisted messaging state
Web  INFO  [2026-09-09T10:11:20.208Z] [INFO] [MessagingContext] Persisted messaging state
Web  INFO  [2026-09-09T10:11:20.208Z] [INFO] [MessagingContext] Persisted messaging state
Web  INFO  [2026-09-09T10:11:20.208Z] [INFO] [MessagingContext] Persisted messaging state
Web  INFO  [2026-09-09T10:11:20.208Z] [INFO] [MessagingContext] Persisted messaging state
Web  INFO  [2026-09-09T10:11:20.208Z] [INFO] [MessagingContext] Persisted messaging state
Web  INFO  [2026-09-09T10:11:20.208Z] [INFO] [MessagingContext] Persisted messaging state
Web  INFO  [2026-09-09T10:11:20.208Z] [INFO] [MessagingContext] Persisted messaging state
Web  INFO  [2026-09-09T10:11:20.208Z] [INFO] [MessagingContext] Persisted messaging state
Web  INFO  [2026-09-09T10:11:20.208Z] [INFO] [MessagingContext] Persisted messaging state
Web  INFO  [2026-09-09T10:11:20.208Z] [INFO] [MessagingContext] Persisted messaging state
Web  INFO  [2026-09-09T10:11:20.209Z] [INFO] [MessagingContext] Persisted messaging state
Web  INFO  [2026-09-09T10:11:20.210Z] [INFO] [MessagingContext] Hydrated messaging state from storage
Web  INFO  [2026-09-09T10:11:20.210Z] [INFO] [MessagingContext] Hydrated messaging state from storage
Web  INFO  [2026-09-09T10:11:20.210Z] [INFO] [MessagingContext] Hydrated messaging state from storage
Web  INFO  [2026-09-09T10:11:20.210Z] [INFO] [MessagingContext] Hydrated messaging state from storage
Web  INFO  [2026-09-09T10:11:20.210Z] [INFO] [MessagingContext] Hydrated messaging state from storage
Web  INFO  [2026-09-09T10:11:20.211Z] [INFO] [MessagingContext] Hydrated messaging state from storage
Web  INFO  [2026-09-09T10:11:20.211Z] [INFO] [MessagingContext] Hydrated messaging state from storage
Web  INFO  [2026-09-09T10:11:20.211Z] [INFO] [MessagingContext] Hydrated messaging state from storage
Web  INFO  [2026-09-09T10:11:20.211Z] [INFO] [MessagingContext] Hydrated messaging state from storage
Web  INFO  [2026-09-09T10:11:20.211Z] [INFO] [MessagingContext] Hydrated messaging state from storage
Web  INFO  [2026-09-09T10:11:20.211Z] [INFO] [MessagingContext] Hydrated messaging state from storage
Web  INFO  [2026-09-09T10:11:20.211Z] [INFO] [MessagingContext] Hydrated messaging state from storage
Web  INFO  [2026-09-09T10:11:20.211Z] [INFO] [MessagingContext] Hydrated messaging state from storage
Web  INFO  [2026-09-09T10:11:20.211Z] [INFO] [MessagingContext] Hydrated messaging state from storage
Web  INFO  [2026-09-09T10:11:20.211Z] [INFO] [MessagingContext] Hydrated messaging state from storage
Web  INFO  [2026-09-09T10:11:20.211Z] [INFO] [MessagingContext] Hydrated messaging state from storage
Web  INFO  [2026-09-09T10:11:20.211Z] [INFO] [MessagingContext] Hydrated messaging state from storage
Web  INFO  [2026-09-09T10:11:20.211Z] [INFO] [MessagingContext] Hydrated messaging state from storage
Web  INFO  [2026-09-09T10:11:20.211Z] [INFO] [MessagingContext] Hydrated messaging state from storage
Web  INFO  [2026-09-09T10:11:20.211Z] [INFO] [MessagingContext] Hydrated messaging state from storage
Web  INFO  [2026-09-09T10:11:20.211Z] [INFO] [MessagingContext] Hydrated messaging state from storage
Web  INFO  [2026-09-09T10:11:20.211Z] [INFO] [MessagingContext] Hydrated messaging state from storage
Web  INFO  [2026-09-09T10:11:20.211Z] [INFO] [MessagingContext] Hydrated messaging state from storage
Web  INFO  [2026-09-09T10:11:20.211Z] [INFO] [MessagingContext] Hydrated messaging state from storage
Web  INFO  [2026-09-09T10:11:20.211Z] [INFO] [MessagingContext] Hydrated messaging state from storage
Web  INFO  [2026-09-09T10:11:20.211Z] [INFO] [MessagingContext] Hydrated messaging state from storage
Web  INFO  [2026-09-09T10:11:20.211Z] [INFO] [MessagingContext] Hydrated messaging state from storage
Web  INFO  [2026-09-09T10:11:20.211Z] [INFO] [MessagingContext] Hydrated messaging state from storage
Web  INFO  [2026-09-09T10:11:20.211Z] [INFO] [MessagingContext] Hydrated messaging state from storage
Web  INFO  [2026-09-09T10:11:20.211Z] [INFO] [MessagingContext] Hydrated messaging state from storage
Web  INFO  [2026-09-09T10:11:20.211Z] [INFO] [MessagingContext] Hydrated messaging state from storage
Web  INFO  [2026-09-09T10:11:20.211Z] [INFO] [MessagingContext] Hydrated messaging state from storage
Web  INFO  [2026-09-09T10:11:20.211Z] [INFO] [MessagingContext] Hydrated messaging state from storage
Web  INFO  [2026-09-09T10:11:20.211Z] [INFO] [MessagingContext] Hydrated messaging state from storage
Web  INFO  [2026-09-09T10:11:20.211Z] [INFO] [MessagingContext] Hydrated messaging state from storage
Web  INFO  [2026-09-09T10:11:20.211Z] [INFO] [MessagingContext] Hydrated messaging state from storage
Web  INFO  [2026-09-09T10:11:20.211Z] [INFO] [MessagingContext] Hydrated messaging state from storage
Web  INFO  [2026-09-09T10:11:20.211Z] [INFO] [MessagingContext] Hydrated messaging state from storage
Web  INFO  [2026-09-09T10:11:20.211Z] [INFO] [MessagingContext] Hydrated messaging state from storage
Web  INFO  [2026-09-09T10:11:20.211Z] [INFO] [MessagingContext] Hydrated messaging state from storage
Web  INFO  [2026-09-09T10:11:20.211Z] [INFO] [MessagingContext] Hydrated messaging state from storage
Web  INFO  [2026-09-09T10:11:20.211Z] [INFO] [MessagingContext] Hydrated messaging state from storage
Web  INFO  [2026-09-09T10:11:20.211Z] [INFO] [MessagingContext] Hydrated messaging state from storage
Web  INFO  [2026-09-09T10:11:20.211Z] [INFO] [MessagingContext] Hydrated messaging state from storage
Web  INFO  [2026-09-09T10:11:20.211Z] [INFO] [MessagingContext] Hydrated messaging state from storage
Web  INFO  [2026-09-09T10:11:20.211Z] [INFO] [MessagingContext] Hydrated messaging state from storage
Web  INFO  [2026-09-09T10:11:20.211Z] [INFO] [MessagingContext] Hydrated messaging state from storage
Web  INFO  [2026-09-09T10:11:20.211Z] [INFO] [MessagingContext] Hydrated messaging state from storage
Web  INFO  [2026-09-09T10:11:20.211Z] [INFO] [MessagingContext] Hydrated messaging state from storage
Web  INFO  [2026-09-09T10:11:20.211Z] [INFO] [MessagingContext] Hydrated messaging state from storage
Web  ERROR  

Code: MessagingContext.tsx
[0m [90m 370 |[39m
 [90m 371 |[39m   [36mconst[39m persistState [33m=[39m useCallback((next[33m:[39m [33mConversation[39m[]) [33m=>[39m {
[31m[1m>[22m[39m[90m 372 |[39m     setConversations(next)[33m;[39m
 [90m     |[39m     [31m[1m^[22m[39m
 [90m 373 |[39m     persistMutation(next)[33m;[39m
 [90m 374 |[39m   }[33m,[39m [persistMutation])[33m;[39m
 [90m 375 |[39m[0m
Call Stack
  persistState (contexts/MessagingContext.tsx:372:5)
  markConversationAsRead (contexts/MessagingContext.tsx:577:5)
  useEffect$argument_0 (app/inbox/conversation/[participantId].tsx:61:7)
  InboxLayout (app/inbox/_layout.tsx:7:5)
  RootLayoutNav (app/_layout.tsx:108:5)
  RootLayoutNavWithTheme (app/_layout.tsx:146:11)
  RootLayout (app/_layout.tsx:231:47)
Web  INFO  [2026-09-09T10:11:21.720Z] [INFO] [RootLayout] Navigation check {"currentSegment": "", "hasInitialized": false, "isAuthenticated": true, "onboardingCompleted": true}
Web  INFO  [2026-09-09T10:11:21.721Z] [INFO] [RootLayout] Navigating to {"targetRoute": "/(tabs)/(home)"}
Web  INFO  [2026-09-09T10:11:21.723Z] [INFO] [RootLayout] Navigation check {"currentSegment": "welcome", "hasInitialized": false, "isAuthenticated": true, "onboardingCompleted": true}
Web  INFO  [2026-09-09T10:11:21.723Z] [INFO] [RootLayout] Navigating to {"targetRoute": "/(tabs)/(home)"}
Web  LOG  Grid load: ["grabbedBundles"]
Web  LOG  Grid load: {"bundles": "recommend", "grabbedCount": 0}
Web  INFO  [2026-09-09T10:11:21.761Z] [INFO] [RootLayout] Navigation check {"currentSegment": "(tabs)", "hasInitialized": true, "isAuthenticated": true, "onboardingCompleted": true}
Web  ERROR  Grabbed bundles error: {"code": "42703", "details": null, "hint": null, "message": "column job_requests.proposed_budget does not exist"} 

Code: index.tsx
[0m [90m 1342 |[39m             [36mreturn[39m [][33m;[39m
 [90m 1343 |[39m           }
[31m[1m>[22m[39m[90m 1344 |[39m           console[33m.[39merror([32m'Grabbed bundles error:'[39m[33m,[39m error)[33m;[39m
 [90m      |[39m                   [31m[1m^[22m[39m
 [90m 1345 |[39m           [36mreturn[39m [][33m;[39m
 [90m 1346 |[39m         }
 [90m 1347 |[39m[0m
Call Stack
  useQuery$argument_0.queryFn (app/(tabs)/(home)/index.tsx:1344:19)
Web  INFO  [2026-09-09T10:11:23.807Z] [INFO] [RootLayout] Navigation check {"currentSegment": "inbox", "hasInitialized": true, "isAuthenticated": true, "onboardingCompleted": true}
Web  INFO  [2026-09-09T10:11:26.526Z] [INFO] [RootLayout] Navigation check {"currentSegment": "inbox", "hasInitialized": true, "isAuthenticated": true, "onboardingCompleted": true}
Web  INFO  [2026-09-09T10:11:33.566Z] [INFO] [RootLayout] Navigation check {"currentSegment": "inbox", "hasInitialized": true, "isAuthenticated": true, "onboardingCompleted": true}
Web  INFO  [2026-09-09T10:11:41.243Z] [INFO] [RootLayout] Navigation check {"currentSegment": "(tabs)", "hasInitialized": true, "isAuthenticated": true, "onboardingCompleted": true}
Web  INFO  [2026-09-09T10:11:44.967Z] [INFO] [RootLayout] Navigation check {"currentSegment": "(tabs)", "hasInitialized": true, "isAuthenticated": true, "onboardingCompleted": true}
Web  ERROR  Unexpected text node: . A text node cannot be a child of a <View>. 

Code: index.tsx
[0m [90m 630 |[39m
 [90m 631 |[39m         {customBlock [33m&&[39m (
[31m[1m>[22m[39m[90m 632 |[39m           [33m<[39m[33mView[39m style[33m=[39m{styles[33m.[39mplanMeta}[33m>[39m
 [90m     |[39m           [31m[1m^[22m[39m
 [90m 633 |[39m             [33m<[39m[33mView[39m style[33m=[39m{styles[33m.[39mplanMetaRow}[33m>[39m
 [90m 634 |[39m               [33m<[39m[33mClock[39m size[33m=[39m{[35m14[39m} color[33m=[39m{colors[33m.[39mtextSecondary} [33m/[39m[33m>[39m
 [90m 635 |[39m               [33m<[39m[33mText[39m style[33m=[39m{[styles[33m.[39mplanMetaText[33m,[39m { color[33m:[39m colors[33m.[39mtextSecondary }]}[33m>[39m[0m
Call Stack
  PlanCard (app/(tabs)/planner/index.tsx:632:11)
  datePlans.map$argument_0 (app/(tabs)/planner/index.tsx:1218:15)
  PlannerScreen (app/(tabs)/planner/index.tsx:1217:24)
  PlannerLayout (app/(tabs)/planner/_layout.tsx:8:5)
  TabLayout (app/(tabs)/_layout.tsx:19:5)
  RootLayoutNav (app/_layout.tsx:108:5)
  RootLayoutNavWithTheme (app/_layout.tsx:146:11)
  RootLayout (app/_layout.tsx:231:47)
Web  ERROR  Unexpected text node: . A text node cannot be a child of a <View>. 

Code: index.tsx
[0m [90m 630 |[39m
 [90m 631 |[39m         {customBlock [33m&&[39m (
[31m[1m>[22m[39m[90m 632 |[39m           [33m<[39m[33mView[39m style[33m=[39m{styles[33m.[39mplanMeta}[33m>[39m
 [90m     |[39m           [31m[1m^[22m[39m
 [90m 633 |[39m             [33m<[39m[33mView[39m style[33m=[39m{styles[33m.[39mplanMetaRow}[33m>[39m
 [90m 634 |[39m               [33m<[39m[33mClock[39m size[33m=[39m{[35m14[39m} color[33m=[39m{colors[33m.[39mtextSecondary} [33m/[39m[33m>[39m
 [90m 635 |[39m               [33m<[39m[33mText[39m style[33m=[39m{[styles[33m.[39mplanMetaText[33m,[39m { color[33m:[39m colors[33m.[39mtextSecondary }]}[33m>[39m[0m
Call Stack
  PlanCard (app/(tabs)/planner/index.tsx:632:11)
  datePlans.map$argument_0 (app/(tabs)/planner/index.tsx:1218:15)
  PlannerScreen (app/(tabs)/planner/index.tsx:1217:24)
  PlannerLayout (app/(tabs)/planner/_layout.tsx:8:5)
  TabLayout (app/(tabs)/_layout.tsx:19:5)
  RootLayoutNav (app/_layout.tsx:108:5)
  RootLayoutNavWithTheme (app/_layout.tsx:146:11)
  RootLayout (app/_layout.tsx:231:47)
Web  INFO  [2026-09-09T10:11:55.558Z] [INFO] [RootLayout] Navigation check {"currentSegment": "(tabs)", "hasInitialized": true, "isAuthenticated": true, "onboardingCompleted": true}
Web  INFO  [2026-09-09T10:12:00.382Z] [INFO] [RootLayout] Navigation check {"currentSegment": "(tabs)", "hasInitialized": true, "isAuthenticated": true, "onboardingCompleted": true}
 INFO  [2026-09-09T10:12:05.826Z] [INFO] [RootLayout] Navigation check {"currentSegment": "(tabs)", "hasInitialized": true, "isAuthenticated": true, "onboardingCompleted": true}
 INFO  [2026-09-09T10:12:06.326Z] [INFO] [RootLayout] Navigation check {"currentSegment": "(tabs)", "hasInitialized": true, "isAuthenticated": true, "onboardingCompleted": true}
 INFO  [2026-09-09T10:12:09.561Z] [INFO] [RootLayout] Navigation check {"currentSegment": "(tabs)", "hasInitialized": true, "isAuthenticated": true, "onboardingCompleted": true}
 LOG  [Profile] Error fetching grabbed bundles: column job_requests.proposed_budget does not exist
iOS Bundled 57ms node_modules/expo-router/entry.js (1 module)
 INFO  [2026-09-09T10:12:29.095Z] [INFO] [SocialContext] Built default state for {"length": 0}
 WARN  Route "./(tabs)/live/room/[roomId].tsx" is missing the required default export. Ensure a React component is exported as default.
 WARN  Route "./(tabs)/live/room/plan-constants.ts" is missing the required default export. Ensure a React component is exported as default.
 ERROR  [Error: Cannot find native module 'ExponentAV'] 

Code: audio-relay.ts
[0m [90m 12 |[39m [90m */[39m
 [90m 13 |[39m
[31m[1m>[22m[39m[90m 14 |[39m [36mimport[39m { [33mAudio[39m } [36mfrom[39m [32m'expo-av'[39m[33m;[39m
 [90m    |[39m [31m[1m^[22m[39m
 [90m 15 |[39m [36mimport[39m { [33mPlatform[39m } [36mfrom[39m [32m'react-native'[39m[33m;[39m
 [90m 16 |[39m
 [90m 17 |[39m [90m// ── Types ──[39m[0m
Call Stack
  <global> (lib/audio-relay.ts:14)
  <global> (hooks/useLiveAudio.ts:10)
  <global> (app/(tabs)/live/room/[roomId].tsx:25)
 WARN  Route "./call/[roomId].tsx" is missing the required default export. Ensure a React component is exported as default.
 ERROR  [Error: Cannot find native module 'ExponentAV'] 

Code: audio-relay.ts
[0m [90m 12 |[39m [90m */[39m
 [90m 13 |[39m
[31m[1m>[22m[39m[90m 14 |[39m [36mimport[39m { [33mAudio[39m } [36mfrom[39m [32m'expo-av'[39m[33m;[39m
 [90m    |[39m [31m[1m^[22m[39m
 [90m 15 |[39m [36mimport[39m { [33mPlatform[39m } [36mfrom[39m [32m'react-native'[39m[33m;[39m
 [90m 16 |[39m
 [90m 17 |[39m [90m// ── Types ──[39m[0m
Call Stack
  <global> (lib/audio-relay.ts:14)
  <global> (hooks/useLiveAudio.ts:10)
  <global> (app/(tabs)/live/room/[roomId].tsx:25)
 WARN  Route "./inbox/[notificationId].tsx" is missing the required default export. Ensure a React component is exported as default.
 ERROR  [Error: Cannot find native module 'ExponentAV'] 

Code: audio-relay.ts
[0m [90m 12 |[39m [90m */[39m
 [90m 13 |[39m
[31m[1m>[22m[39m[90m 14 |[39m [36mimport[39m { [33mAudio[39m } [36mfrom[39m [32m'expo-av'[39m[33m;[39m
 [90m    |[39m [31m[1m^[22m[39m
 [90m 15 |[39m [36mimport[39m { [33mPlatform[39m } [36mfrom[39m [32m'react-native'[39m[33m;[39m
 [90m 16 |[39m
 [90m 17 |[39m [90m// ── Types ──[39m[0m
Call Stack
  <global> (lib/audio-relay.ts:14)
  <global> (hooks/useLiveAudio.ts:10)
  <global> (app/(tabs)/live/room/[roomId].tsx:25)
 ERROR  [Error: Cannot find native module 'ExponentAV'] 

Code: audio-relay.ts
[0m [90m 12 |[39m [90m */[39m
 [90m 13 |[39m
[31m[1m>[22m[39m[90m 14 |[39m [36mimport[39m { [33mAudio[39m } [36mfrom[39m [32m'expo-av'[39m[33m;[39m
 [90m    |[39m [31m[1m^[22m[39m
 [90m 15 |[39m [36mimport[39m { [33mPlatform[39m } [36mfrom[39m [32m'react-native'[39m[33m;[39m
 [90m 16 |[39m
 [90m 17 |[39m [90m// ── Types ──[39m[0m
Call Stack
  <global> (lib/audio-relay.ts:14)
  <global> (hooks/useLiveAudio.ts:10)
  <global> (app/(tabs)/live/room/[roomId].tsx:25)
 WARN  Route "./inbox/conversation/[participantId].tsx" is missing the required default export. Ensure a React component is exported as default.
 INFO  [2026-09-09T10:12:29.412Z] [INFO] [RootLayout] Still loading... {"authLoading": true, "onboardingLoading": true}
 INFO  [2026-09-09T10:12:29.419Z] [INFO] [BookingsContext] Starting to fetch all listings from Supabase...
 LOG  [DB] Fetching listings from Supabase... 
 LOG  [DB] Fetching products... 
 INFO  [2026-09-09T10:12:29.428Z] [INFO] [MarketplaceContext] Saved products are backend-only (no local state)
 LOG  [DB] Fetching posts...
 LOG  [DB] Fetching stories...
 INFO  [2026-09-09T10:12:29.442Z] [INFO] [SocialContext] Social interaction state is in-memory only
 INFO  [2026-09-09T10:12:29.443Z] [INFO] [SocialContext] Story interaction state is in-memory only
 INFO  [2026-09-09T10:12:29.443Z] [INFO] [SocialContext] User posts are loaded from Supabase posts table
 INFO  [2026-09-09T10:12:29.444Z] [INFO] [SocialContext] User stories are loaded from Supabase stories table
 INFO  [2026-09-09T10:12:29.448Z] [INFO] [Root] App mounted
 WARN  [DB] No authenticated user available — returning null
 INFO  [2026-09-09T10:12:29.462Z] [INFO] [BookingsContext] Fetching my listings for host {"hostId": ""}
 INFO  [2026-09-09T10:12:29.464Z] [INFO] [Auth] Auth state changed {"event": "INITIAL_SESSION", "hasSession": false}
 INFO  [2026-09-09T10:12:29.476Z] [INFO] [RootLayout] Still loading... {"authLoading": false, "onboardingLoading": true}
 INFO  [2026-09-09T10:12:29.478Z] [INFO] [BookingsContext] Hydrated favorites {"length": 0}
 INFO  [2026-09-09T10:12:29.478Z] [INFO] [BookingsContext] Hydrated rental submissions {"length": 0}
 INFO  [2026-09-09T10:12:29.478Z] [INFO] [MessagingContext] Hydrated messaging state from storage
 INFO  [2026-09-09T10:12:29.479Z] [INFO] [ConnectionsContext] Building connections from Supabase users
 LOG  [DB] Fetching users...
 INFO  [2026-09-09T10:12:29.480Z] [INFO] [Theme] Loaded saved theme {"savedTheme": "dark"}
 INFO  [2026-09-09T10:12:29.480Z] [INFO] [BookingsContext] Hydrated bookings from local {"length": 0}
 INFO  [2026-09-09T10:12:29.495Z] [INFO] [RootLayout] Navigation check {"currentSegment": "", "hasInitialized": false, "isAuthenticated": false, "onboardingCompleted": true}
 INFO  [2026-09-09T10:12:29.496Z] [INFO] [RootLayout] Navigating to {"targetRoute": "/welcome"}
 INFO  [2026-09-09T10:12:29.596Z] [INFO] [RootLayout] Navigation check {"currentSegment": "welcome", "hasInitialized": true, "isAuthenticated": false, "onboardingCompleted": true}
 LOG  [DB] Fetched posts: 22
 INFO  [2026-09-09T10:12:29.619Z] [INFO] [SocialContext] Fetched posts from Supabase {"length": 22}
 LOG  [DB] Fetching users...
 LOG  [DB] Fetched users: 10
 LOG  [DB] Fetched stories: 0
 INFO  [2026-09-09T10:12:29.645Z] [INFO] [SocialContext] No Supabase stories
 LOG  [DB] Fetched listings from Supabase: 0
 INFO  [2026-09-09T10:12:29.646Z] [INFO] [BookingsContext] Listings query result {"value": 0}
 INFO  [2026-09-09T10:12:29.646Z] [INFO] [BookingsContext] No listings found in Supabase
 LOG  [DB] Fetched products: 0
 LOG  [DB] Fetched users: 10
 INFO  [2026-09-09T10:12:29.853Z] [INFO] [SocialContext] Built default state for {"length": 22}
 INFO  [2026-09-09T10:12:29.856Z] [INFO] [SocialContext] Merged persisted interactions {"merged": 24}
 INFO  [2026-09-09T10:12:29.882Z] [INFO] [SocialContext] Loaded {"length": 22}
 INFO  [2026-09-09T10:12:29.882Z] [INFO] [SocialContext] Built default state for {"length": 22}
 LOG  [Welcome] handleLogin
 INFO  [2026-09-09T10:12:37.383Z] [INFO] [Auth] Sign in with {"trimmedInput": "doseofitllc@gmail.com", "value": "email"}
 INFO  [2026-09-09T10:12:37.944Z] [INFO] [Auth] Auth state changed {"event": "SIGNED_IN", "hasSession": true}
 INFO  [2026-09-09T10:12:38.095Z] [INFO] [Auth] Built profile {"hasName": true, "phone": null, "userId": "d8694830-980e-43e7-9763-979eae54e1da"}
 INFO  [2026-09-09T10:12:38.139Z] [INFO] [RootLayout] Navigation check {"currentSegment": "welcome", "hasInitialized": true, "isAuthenticated": true, "onboardingCompleted": true}
 INFO  [2026-09-09T10:12:38.140Z] [INFO] [RootLayout] Navigating to {"targetRoute": "/(tabs)/(home)"}
 INFO  [2026-09-09T10:12:38.147Z] [INFO] [Planner] Fetching plans...
 INFO  [2026-09-09T10:12:38.164Z] [INFO] [Auth] Sign in successful
 LOG  [Welcome] signIn result: {"success": true}
 INFO  [2026-09-09T10:12:38.164Z] [INFO] [MessagingContext] Hydrated messaging state from storage
 LOG  Grid load: ["grabbedBundles"]
 LOG  Grid load: {"bundles": "recommend", "grabbedCount": 0}
 INFO  [2026-09-09T10:12:38.399Z] [INFO] [RootLayout] Navigation check {"currentSegment": "(tabs)", "hasInitialized": true, "isAuthenticated": true, "onboardingCompleted": true}
 ERROR  Grabbed bundles error: {"code": "42703", "details": null, "hint": null, "message": "column job_requests.proposed_budget does not exist"} 

Code: index.tsx
[0m [90m 1342 |[39m             [36mreturn[39m [][33m;[39m
 [90m 1343 |[39m           }
[31m[1m>[22m[39m[90m 1344 |[39m           console[33m.[39merror([32m'Grabbed bundles error:'[39m[33m,[39m error)[33m;[39m
 [90m      |[39m                        [31m[1m^[22m[39m
 [90m 1345 |[39m           [36mreturn[39m [][33m;[39m
 [90m 1346 |[39m         }
 [90m 1347 |[39m[0m
Call Stack
  useQuery$argument_0.queryFn (app/(tabs)/(home)/index.tsx:1344:24)
 LOG  Grid load: {"bundles": "recommend", "grabbedCount": 0}
 INFO  [2026-09-09T10:12:38.612Z] [INFO] [Planner] Fetched plans from Supabase {"length": 9}
 INFO  [2026-09-09T10:12:38.672Z] [INFO] [MessagingContext] Synced Supabase conversations {"added": 1}
 ERROR  [Error: Uncaught (in promise, id: 0) Object {
  "code": "PGRST204",
  "details": null,
  "hint": null,
  "message": "Could not find the 'view' column of 'bundles' in the schema cache",
}] Uncaught (in promise, id: 0) Object {
  "code": "PGRST204",
  "details": null,
  "hint": null,
  "message": "Could not find the 'view' column of 'bundles' in the schema cache",
}
 ERROR  [Error: Uncaught (in promise, id: 1) Object {
  "code": "PGRST204",
  "details": null,
  "hint": null,
  "message": "Could not find the 'view' column of 'skill_deals' in the schema cache",
}] Uncaught (in promise, id: 1) Object {
  "code": "PGRST204",
  "details": null,
  "hint": null,
  "message": "Could not find the 'view' column of 'skill_deals' in the schema cache",
}
Web Bundled 82ms node_modules/expo-router/entry.js (1 module)
Web  LOG  Running application "main" with appParams:
 {"hydrate": undefined, "rootTag": "#root"} 
Development-level warnings: ON.
Performance optimizations: OFF.
Web  INFO  [2026-09-09T10:13:51.307Z] [INFO] [SocialContext] Built default state for {"length": 0}
Web  WARN  "shadow*" style props are deprecated. Use "boxShadow".
Web  WARN  "textShadow*" style props are deprecated. Use "textShadow".
Web  WARN  [expo-av]: Expo AV has been deprecated and will be removed in SDK 54. Use the `expo-audio` and `expo-video` packages to replace the required functionality.
Web  WARN  Route "./(tabs)/live/room/plan-constants.ts" is missing the required default export. Ensure a React component is exported as default.
Web  INFO  [2026-09-09T10:13:51.395Z] [INFO] [RootLayout] Still loading... {"authLoading": true, "onboardingLoading": true}
Web  INFO  [2026-09-09T10:13:51.396Z] [INFO] [BookingsContext] Starting to fetch all listings from Supabase...
Web  LOG  [DB] Fetching listings from Supabase... 
Web  LOG  [DB] Fetching products... 
Web  INFO  [2026-09-09T10:13:51.397Z] [INFO] [MarketplaceContext] Saved products are backend-only (no local state)
Web  LOG  [DB] Fetching posts...
Web  LOG  [DB] Fetching stories...
Web  INFO  [2026-09-09T10:13:51.400Z] [INFO] [SocialContext] Social interaction state is in-memory only
Web  INFO  [2026-09-09T10:13:51.400Z] [INFO] [SocialContext] Story interaction state is in-memory only
Web  INFO  [2026-09-09T10:13:51.400Z] [INFO] [SocialContext] User posts are loaded from Supabase posts table
Web  INFO  [2026-09-09T10:13:51.400Z] [INFO] [SocialContext] User stories are loaded from Supabase stories table
Web  INFO  [2026-09-09T10:13:51.401Z] [INFO] [Root] App mounted
Web  INFO  [2026-09-09T10:13:51.404Z] [INFO] [BookingsContext] Hydrated favorites {"length": 0}
Web  INFO  [2026-09-09T10:13:51.404Z] [INFO] [BookingsContext] Hydrated rental submissions {"length": 0}
Web  INFO  [2026-09-09T10:13:51.404Z] [INFO] [MessagingContext] Using default messaging state
Web  INFO  [2026-09-09T10:13:51.404Z] [INFO] [ConnectionsContext] Building connections from Supabase users
Web  INFO  [2026-09-09T10:13:51.411Z] [INFO] [RootLayout] Still loading... {"authLoading": true, "onboardingLoading": false}
Web  WARN  [DB] No authenticated user available — returning null
Web  INFO  [2026-09-09T10:13:51.412Z] [INFO] [BookingsContext] Fetching my listings for host {"hostId": ""}
Web  INFO  [2026-09-09T10:13:51.414Z] [INFO] [BookingsContext] Hydrated bookings from local {"length": 0}
Web  INFO  [2026-09-09T10:13:51.415Z] [INFO] [Auth] Auth state changed {"event": "INITIAL_SESSION", "hasSession": false}
Web  INFO  [2026-09-09T10:13:51.416Z] [INFO] [RootLayout] Navigation check {"currentSegment": "", "hasInitialized": false, "isAuthenticated": false, "onboardingCompleted": true}
Web  INFO  [2026-09-09T10:13:51.416Z] [INFO] [RootLayout] Navigating to {"targetRoute": "/welcome"}
Web  WARN  props.pointerEvents is deprecated. Use style.pointerEvents
Web  WARN  Animated: `useNativeDriver` is not supported because the native animated module is missing. Falling back to JS-based animation. To resolve this, add `RCTAnimation` module to this app, or remove `useNativeDriver`. Make sure to run `bundle exec pod install` first. Read more about autolinking: https://github.com/react-native-community/cli/blob/master/docs/autolinking.md
Web  INFO  [2026-09-09T10:13:51.430Z] [INFO] [RootLayout] Navigation check {"currentSegment": "welcome", "hasInitialized": true, "isAuthenticated": false, "onboardingCompleted": true}
Web  LOG  [DB] Fetching users...
Web  LOG  [DB] Fetched listings from Supabase: 0
Web  INFO  [2026-09-09T10:13:51.779Z] [INFO] [BookingsContext] Listings query result {"value": 0}
Web  INFO  [2026-09-09T10:13:51.779Z] [INFO] [BookingsContext] No listings found in Supabase
Web  LOG  [DB] Fetched products: 0
Web  LOG  [DB] Fetched users: 10
Web  LOG  [DB] Fetched posts: 22
Web  INFO  [2026-09-09T10:13:51.836Z] [INFO] [SocialContext] Fetched posts from Supabase {"length": 22}
Web  LOG  [DB] Fetching users...
Web  LOG  [DB] Fetched stories: 0
Web  INFO  [2026-09-09T10:13:51.844Z] [INFO] [SocialContext] No Supabase stories
Web  LOG  [DB] Fetched users: 10
Web  INFO  [2026-09-09T10:13:51.935Z] [INFO] [SocialContext] Built default state for {"length": 22}
Web  INFO  [2026-09-09T10:13:52.088Z] [INFO] [SocialContext] Loaded {"length": 22}
Web  INFO  [2026-09-09T10:13:52.089Z] [INFO] [SocialContext] Built default state for {"length": 22}
Web  LOG  [Welcome] handleLogin
Web  INFO  [2026-09-09T10:13:58.173Z] [INFO] [Auth] Sign in with {"trimmedInput": "doseofitllc@gmail.com", "value": "email"}
Web  INFO  [2026-09-09T10:13:58.725Z] [INFO] [Auth] Auth state changed {"event": "SIGNED_IN", "hasSession": true}
Web  INFO  [2026-09-09T10:13:59.741Z] [INFO] [Auth] Built profile {"hasName": true, "phone": null, "userId": "d8694830-980e-43e7-9763-979eae54e1da"}
Web  INFO  [2026-09-09T10:13:59.745Z] [INFO] [Auth] Sign in successful
Web  LOG  [Welcome] signIn result: {"success": true}
Web  INFO  [2026-09-09T10:13:59.762Z] [INFO] [RootLayout] Navigation check {"currentSegment": "welcome", "hasInitialized": true, "isAuthenticated": true, "onboardingCompleted": true}
Web  INFO  [2026-09-09T10:13:59.762Z] [INFO] [RootLayout] Navigating to {"targetRoute": "/(tabs)/(home)"}
Web  INFO  [2026-09-09T10:13:59.764Z] [INFO] [Planner] Fetching plans...
Web  INFO  [2026-09-09T10:13:59.768Z] [INFO] [MessagingContext] Using default messaging state
Web  LOG  Grid load: ["grabbedBundles"]
Web  LOG  Grid load: {"bundles": "recommend", "grabbedCount": 0}
Web  INFO  [2026-09-09T10:13:59.933Z] [INFO] [RootLayout] Navigation check {"currentSegment": "(tabs)", "hasInitialized": true, "isAuthenticated": true, "onboardingCompleted": true}
Web  ERROR  Grabbed bundles error: {"code": "42703", "details": null, "hint": null, "message": "column job_requests.proposed_budget does not exist"} NamelessError@
captureCurrentStack@https://hsrnekw-sharehost-8081.exp.direct/node_modules/expo-router/entry.bundle:287236:29
addErrorStacks@https://hsrnekw-sharehost-8081.exp.direct/node_modules/expo-router/entry.bundle:287218:40
@https://hsrnekw-sharehost-8081.exp.direct/node_modules/expo-router/entry.bundle:287183:72
consoleErrorMiddleware@https://hsrnekw-sharehost-8081.exp.direct/node_modules/expo-router/entry.bundle:8540:27
@https://hsrnekw-sharehost-8081.exp.direct/node_modules/expo-router/entry.bundle:8480:29
@https://hsrnekw-sharehost-8081.exp.direct/node_modules/expo-router/entry.bundle:47889:26
Web  LOG  Grid load: {"bundles": "recommend", "grabbedCount": 0}
Web  INFO  [2026-09-09T10:14:00.386Z] [INFO] [Planner] Fetched plans from Supabase {"length": 9}
Web  INFO  [2026-09-09T10:14:00.972Z] [INFO] [MessagingContext] Synced Supabase conversations {"added": 1}
Web  INFO  [2026-09-09T10:14:03.229Z] [INFO] [RootLayout] Navigation check {"currentSegment": "(tabs)", "hasInitialized": true, "isAuthenticated": true, "onboardingCompleted": true}
Web  LOG  [Profile] Error fetching grabbed bundles: column job_requests.proposed_budget does not exist
iOS Bundled 69ms node_modules/expo-router/entry.js (1 module)
 INFO  [2026-09-09T10:15:34.368Z] [INFO] [SocialContext] Built default state for {"length": 0}
 WARN  Route "./(tabs)/live/room/[roomId].tsx" is missing the required default export. Ensure a React component is exported as default.
 WARN  Route "./(tabs)/live/room/plan-constants.ts" is missing the required default export. Ensure a React component is exported as default.
 WARN  Route "./call/[roomId].tsx" is missing the required default export. Ensure a React component is exported as default.
 WARN  Route "./inbox/[notificationId].tsx" is missing the required default export. Ensure a React component is exported as default.
 WARN  Route "./inbox/conversation/[participantId].tsx" is missing the required default export. Ensure a React component is exported as default.
 INFO  [2026-09-09T10:15:34.686Z] [INFO] [RootLayout] Still loading... {"authLoading": true, "onboardingLoading": true}
 ERROR  [Error: Cannot find native module 'ExponentAV'] 

Code: audio-relay.ts
[0m [90m 12 |[39m [90m */[39m
 [90m 13 |[39m
[31m[1m>[22m[39m[90m 14 |[39m [36mimport[39m { [33mAudio[39m } [36mfrom[39m [32m'expo-av'[39m[33m;[39m
 [90m    |[39m [31m[1m^[22m[39m
 [90m 15 |[39m [36mimport[39m { [33mPlatform[39m } [36mfrom[39m [32m'react-native'[39m[33m;[39m
 [90m 16 |[39m
 [90m 17 |[39m [90m// ── Types ──[39m[0m
Call Stack
  <global> (lib/audio-relay.ts:14)
  <global> (hooks/useLiveAudio.ts:10)
  <global> (app/(tabs)/live/room/[roomId].tsx:25)
 ERROR  [Error: Cannot find native module 'ExponentAV'] 

Code: audio-relay.ts
[0m [90m 12 |[39m [90m */[39m
 [90m 13 |[39m
[31m[1m>[22m[39m[90m 14 |[39m [36mimport[39m { [33mAudio[39m } [36mfrom[39m [32m'expo-av'[39m[33m;[39m
 [90m    |[39m [31m[1m^[22m[39m
 [90m 15 |[39m [36mimport[39m { [33mPlatform[39m } [36mfrom[39m [32m'react-native'[39m[33m;[39m
 [90m 16 |[39m
 [90m 17 |[39m [90m// ── Types ──[39m[0m
Call Stack
  <global> (lib/audio-relay.ts:14)
  <global> (hooks/useLiveAudio.ts:10)
  <global> (app/(tabs)/live/room/[roomId].tsx:25)
 ERROR  [Error: Cannot find native module 'ExponentAV'] 

Code: audio-relay.ts
[0m [90m 12 |[39m [90m */[39m
 [90m 13 |[39m
[31m[1m>[22m[39m[90m 14 |[39m [36mimport[39m { [33mAudio[39m } [36mfrom[39m [32m'expo-av'[39m[33m;[39m
 [90m    |[39m [31m[1m^[22m[39m
 [90m 15 |[39m [36mimport[39m { [33mPlatform[39m } [36mfrom[39m [32m'react-native'[39m[33m;[39m
 [90m 16 |[39m
 [90m 17 |[39m [90m// ── Types ──[39m[0m
Call Stack
  <global> (lib/audio-relay.ts:14)
  <global> (hooks/useLiveAudio.ts:10)
  <global> (app/(tabs)/live/room/[roomId].tsx:25)
 INFO  [2026-09-09T10:15:34.694Z] [INFO] [BookingsContext] Starting to fetch all listings from Supabase...
 LOG  [DB] Fetching listings from Supabase... 
 LOG  [DB] Fetching products... 
 INFO  [2026-09-09T10:15:34.703Z] [INFO] [MarketplaceContext] Saved products are backend-only (no local state)
 LOG  [DB] Fetching posts...
 LOG  [DB] Fetching stories...
 INFO  [2026-09-09T10:15:34.718Z] [INFO] [SocialContext] Social interaction state is in-memory only
 INFO  [2026-09-09T10:15:34.718Z] [INFO] [SocialContext] Story interaction state is in-memory only
 INFO  [2026-09-09T10:15:34.719Z] [INFO] [SocialContext] User posts are loaded from Supabase posts table
 INFO  [2026-09-09T10:15:34.719Z] [INFO] [SocialContext] User stories are loaded from Supabase stories table
 INFO  [2026-09-09T10:15:34.724Z] [INFO] [Root] App mounted
 WARN  [DB] No authenticated user available — returning null
 INFO  [2026-09-09T10:15:34.737Z] [INFO] [BookingsContext] Fetching my listings for host {"hostId": ""}
 ERROR  [Error: Cannot find native module 'ExponentAV'] 

Code: audio-relay.ts
[0m [90m 12 |[39m [90m */[39m
 [90m 13 |[39m
[31m[1m>[22m[39m[90m 14 |[39m [36mimport[39m { [33mAudio[39m } [36mfrom[39m [32m'expo-av'[39m[33m;[39m
 [90m    |[39m [31m[1m^[22m[39m
 [90m 15 |[39m [36mimport[39m { [33mPlatform[39m } [36mfrom[39m [32m'react-native'[39m[33m;[39m
 [90m 16 |[39m
 [90m 17 |[39m [90m// ── Types ──[39m[0m
Call Stack
  <global> (lib/audio-relay.ts:14)
  <global> (hooks/useLiveAudio.ts:10)
  <global> (app/(tabs)/live/room/[roomId].tsx:25)
 INFO  [2026-09-09T10:15:34.740Z] [INFO] [Auth] Auth state changed {"event": "INITIAL_SESSION", "hasSession": false}
 INFO  [2026-09-09T10:15:34.752Z] [INFO] [RootLayout] Still loading... {"authLoading": false, "onboardingLoading": true}
 INFO  [2026-09-09T10:15:34.754Z] [INFO] [BookingsContext] Hydrated favorites {"length": 0}
 INFO  [2026-09-09T10:15:34.754Z] [INFO] [BookingsContext] Hydrated rental submissions {"length": 0}
 INFO  [2026-09-09T10:15:34.754Z] [INFO] [MessagingContext] Hydrated messaging state from storage
 INFO  [2026-09-09T10:15:34.755Z] [INFO] [ConnectionsContext] Building connections from Supabase users
 LOG  [DB] Fetching users...
 INFO  [2026-09-09T10:15:34.756Z] [INFO] [Theme] Loaded saved theme {"savedTheme": "dark"}
 INFO  [2026-09-09T10:15:34.756Z] [INFO] [BookingsContext] Hydrated bookings from local {"length": 0}
 INFO  [2026-09-09T10:15:34.790Z] [INFO] [RootLayout] Navigation check {"currentSegment": "", "hasInitialized": false, "isAuthenticated": false, "onboardingCompleted": true}
 INFO  [2026-09-09T10:15:34.791Z] [INFO] [RootLayout] Navigating to {"targetRoute": "/welcome"}
 INFO  [2026-09-09T10:15:34.907Z] [INFO] [RootLayout] Navigation check {"currentSegment": "welcome", "hasInitialized": true, "isAuthenticated": false, "onboardingCompleted": true}
 LOG  [DB] Fetched posts: 22
 INFO  [2026-09-09T10:15:34.928Z] [INFO] [SocialContext] Fetched posts from Supabase {"length": 22}
 LOG  [DB] Fetching users...
 LOG  [DB] Fetched stories: 0
 INFO  [2026-09-09T10:15:35.057Z] [INFO] [SocialContext] No Supabase stories
 LOG  [DB] Fetched products: 0
 LOG  [DB] Fetched users: 10
 LOG  [DB] Fetched listings from Supabase: 0
 INFO  [2026-09-09T10:15:35.099Z] [INFO] [BookingsContext] Listings query result {"value": 0}
 INFO  [2026-09-09T10:15:35.099Z] [INFO] [BookingsContext] No listings found in Supabase
 LOG  [DB] Fetched users: 10
 INFO  [2026-09-09T10:15:35.105Z] [INFO] [SocialContext] Built default state for {"length": 22}
 INFO  [2026-09-09T10:15:35.107Z] [INFO] [SocialContext] Merged persisted interactions {"merged": 24}
 INFO  [2026-09-09T10:15:35.407Z] [INFO] [SocialContext] Loaded {"length": 22}
 INFO  [2026-09-09T10:15:35.407Z] [INFO] [SocialContext] Built default state for {"length": 22}
 LOG  [Welcome] handleLogin
 INFO  [2026-09-09T10:15:43.080Z] [INFO] [Auth] Sign in with {"trimmedInput": "doseofitllc@gmail.com", "value": "email"}
 INFO  [2026-09-09T10:15:43.485Z] [INFO] [Auth] Auth state changed {"event": "SIGNED_IN", "hasSession": true}
 INFO  [2026-09-09T10:15:43.882Z] [INFO] [Auth] Built profile {"hasName": true, "phone": null, "userId": "d8694830-980e-43e7-9763-979eae54e1da"}
 INFO  [2026-09-09T10:15:43.925Z] [INFO] [RootLayout] Navigation check {"currentSegment": "welcome", "hasInitialized": true, "isAuthenticated": true, "onboardingCompleted": true}
 INFO  [2026-09-09T10:15:43.926Z] [INFO] [RootLayout] Navigating to {"targetRoute": "/(tabs)/(home)"}
 INFO  [2026-09-09T10:15:43.933Z] [INFO] [Planner] Fetching plans...
 INFO  [2026-09-09T10:15:43.950Z] [INFO] [Auth] Sign in successful
 LOG  [Welcome] signIn result: {"success": true}
 INFO  [2026-09-09T10:15:43.951Z] [INFO] [MessagingContext] Hydrated messaging state from storage
 LOG  Grid load: ["grabbedBundles"]
 LOG  Grid load: {"bundles": "recommend", "grabbedCount": 0}
 INFO  [2026-09-09T10:15:44.189Z] [INFO] [RootLayout] Navigation check {"currentSegment": "(tabs)", "hasInitialized": true, "isAuthenticated": true, "onboardingCompleted": true}
 LOG  Grid load: {"bundles": "recommend", "grabbedCount": 0}
 ERROR  Grabbed bundles error: {"code": "42703", "details": null, "hint": null, "message": "column job_requests.proposed_budget does not exist"} 

Code: index.tsx
[0m [90m 1342 |[39m             [36mreturn[39m [][33m;[39m
 [90m 1343 |[39m           }
[31m[1m>[22m[39m[90m 1344 |[39m           console[33m.[39merror([32m'Grabbed bundles error:'[39m[33m,[39m error)[33m;[39m
 [90m      |[39m                        [31m[1m^[22m[39m
 [90m 1345 |[39m           [36mreturn[39m [][33m;[39m
 [90m 1346 |[39m         }
 [90m 1347 |[39m[0m
Call Stack
  useQuery$argument_0.queryFn (app/(tabs)/(home)/index.tsx:1344:24)
 INFO  [2026-09-09T10:15:44.588Z] [INFO] [Planner] Fetched plans from Supabase {"length": 9}
 INFO  [2026-09-09T10:15:44.708Z] [INFO] [MessagingContext] Synced Supabase conversations {"added": 1}
 ERROR  [Error: Uncaught (in promise, id: 0) Object {
  "code": "PGRST204",
  "details": null,
  "hint": null,
  "message": "Could not find the 'view' column of 'skill_deals' in the schema cache",
}] Uncaught (in promise, id: 0) Object {
  "code": "PGRST204",
  "details": null,
  "hint": null,
  "message": "Could not find the 'view' column of 'skill_deals' in the schema cache",
}
 ERROR  [Error: Uncaught (in promise, id: 1) Object {
  "code": "PGRST204",
  "details": null,
  "hint": null,
  "message": "Could not find the 'view' column of 'bundles' in the schema cache",
}] Uncaught (in promise, id: 1) Object {
  "code": "PGRST204",
  "details": null,
  "hint": null,
  "message": "Could not find the 'view' column of 'bundles' in the schema cache",
}
 INFO  [2026-09-09T10:15:53.664Z] [INFO] [RootLayout] Navigation check {"currentSegment": "inbox", "hasInitialized": true, "isAuthenticated": true, "onboardingCompleted": true}
 WARN  source.uri should not be an empty string
 ERROR  [Error: Cannot find native module 'ExponentAV'] 

Code: audio-relay.ts
[0m [90m 12 |[39m [90m */[39m
 [90m 13 |[39m
[31m[1m>[22m[39m[90m 14 |[39m [36mimport[39m { [33mAudio[39m } [36mfrom[39m [32m'expo-av'[39m[33m;[39m
 [90m    |[39m [31m[1m^[22m[39m
 [90m 15 |[39m [36mimport[39m { [33mPlatform[39m } [36mfrom[39m [32m'react-native'[39m[33m;[39m
 [90m 16 |[39m
 [90m 17 |[39m [90m// ── Types ──[39m[0m
Call Stack
  <global> (lib/audio-relay.ts:14)
  <global> (hooks/useLiveAudio.ts:10)
  <global> (app/(tabs)/live/room/[roomId].tsx:25) 

Code: _layout.tsx
[0m [90m  5 |[39m [36mexport[39m [36mdefault[39m [36mfunction[39m [33mInboxLayout[39m() {
 [90m  6 |[39m   [36mreturn[39m (
[31m[1m>[22m[39m[90m  7 |[39m     [33m<[39m[33mStack[39m
 [90m    |[39m     [31m[1m^[22m[39m
 [90m  8 |[39m       screenOptions[33m=[39m{{
 [90m  9 |[39m         headerShown[33m:[39m [36mfalse[39m[33m,[39m
 [90m 10 |[39m         contentStyle[33m:[39m { backgroundColor[33m:[39m [33mColors[39m[33m.[39mdark[33m.[39mbackground }[33m,[39m[0m
Call Stack
  InboxLayout (app/inbox/_layout.tsx:7:5)
  RootLayoutNav (app/_layout.tsx:108:5)
  RootLayoutNavWithTheme (app/_layout.tsx:146:11)
  RootLayout (app/_layout.tsx:231:47)
 LOG  [AppErrorBoundary] Caught error {"error": [TypeError: Cannot read property 'ErrorBoundary' of undefined], "errorInfo": {"componentStack": "
    at SceneView (http://hsrnekw-sharehost-8081.exp.direct/node_modules/expo-router/entry.bundle//&platform=ios&dev=true&hot=false&lazy=true&transform.engine=hermes&transform.bytecode=1&transform.routerRoot=app&unstable_transformProfile=hermes-stable:107491:3)
    at NavigationProvider (http://hsrnekw-sharehost-8081.exp.direct/node_modules/expo-router/entry.bundle//&platform=ios&dev=true&hot=false&lazy=true&transform.engine=hermes&transform.bytecode=1&transform.routerRoot=app&unstable_transformProfile=hermes-stable:105391:3)
    at RNSScreenContentWrapper (<anonymous>)
    at ScreenContentWrapper (<anonymous>)
    at DebugContainer (http://hsrnekw-sharehost-8081.exp.direct/node_modules/expo-router/entry.bundle//&platform=ios&dev=true&hot=false&lazy=true&transform.engine=hermes&transform.bytecode=1&transform.routerRoot=app&unstable_transformProfile=hermes-stable:125563:9)
    at RNSScreen (<anonymous>)
    at Animated(Anonymous) (http://hsrnekw-sharehost-8081.exp.direct/node_modules/expo-router/entry.bundle//&platform=ios&dev=true&hot=false&lazy=true&transform.engine=hermes&transform.bytecode=1&transform.routerRoot=app&unstable_transformProfile=hermes-stable:68399:29)
    at Suspender (http://hsrnekw-sharehost-8081.exp.direct/node_modules/expo-router/entry.bundle//&platform=ios&dev=true&hot=false&lazy=true&transform.engine=hermes&transform.bytecode=1&transform.routerRoot=app&unstable_transformProfile=hermes-stable:123598:3)
    at Suspense (<anonymous>)
    at Freeze (http://hsrnekw-sharehost-8081.exp.direct/node_modules/expo-router/entry.bundle//&platform=ios&dev=true&hot=false&lazy=true&transform.engine=hermes&transform.bytecode=1&transform.routerRoot=app&unstable_transformProfile=hermes-stable:123609:3)
    at DelayedFreeze (http://hsrnekw-sharehost-8081.exp.direct/node_modules/expo-router/entry.bundle//&platform=ios&dev=true&hot=false&lazy=true&transform.engine=hermes&transform.bytecode=1&transform.routerRoot=app&unstable_transformProfile=hermes-stable:123565:3)
    at InnerScreen (http://hsrnekw-sharehost-8081.exp.direct/node_modules/expo-router/entry.bundle//&platform=ios&dev=true&hot=false&lazy=true&transform.engine=hermes&transform.bytecode=1&transform.routerRoot=app&unstable_transformProfile=hermes-stable:123302:40)
    at Screen (http://hsrnekw-sharehost-8081.exp.direct/node_modules/expo-router/entry.bundle//&platform=ios&dev=true&hot=false&lazy=true&transform.engine=hermes&transform.bytecode=1&transform.routerRoot=app&unstable_transformProfile=hermes-stable:123501:49)
    at ScreenStackItem (http://hsrnekw-sharehost-8081.exp.direct/node_modules/expo-router/entry.bundle//&platform=ios&dev=true&hot=false&lazy=true&transform.engine=hermes&transform.bytecode=1&transform.routerRoot=app&unstable_transformProfile=hermes-stable:125330:3)
    at NavigationProvider (http://hsrnekw-sharehost-8081.exp.direct/node_modules/expo-router/entry.bundle//&platform=ios&dev=true&hot=false&lazy=true&transform.engine=hermes&transform.bytecode=1&transform.routerRoot=app&unstable_transformProfile=hermes-stable:105391:3)
    at SceneView (http://hsrnekw-sharehost-8081.exp.direct/node_modules/expo-router/entry.bundle//&platform=ios&dev=true&hot=false&lazy=true&transform.engine=hermes&transform.bytecode=1&transform.routerRoot=app&unstable_transformProfile=hermes-stable:133177:19)
    at RNSScreenStack (<anonymous>)
    at anonymous (http://hsrnekw-sharehost-8081.exp.direct/node_modules/expo-router/entry.bundle//&platform=ios&dev=true&hot=false&lazy=true&transform.engine=hermes&transform.bytecode=1&transform.routerRoot=app&unstable_transformProfile=hermes-stable:125217:20)
    at ScreenStack (http://hsrnekw-sharehost-8081.exp.direct/node_modules/expo-router/entry.bundle//&platform=ios&dev=true&hot=false&lazy=true&transform.engine=hermes&transform.bytecode=1&transform.routerRoot=app&unstable_transformProfile=hermes-stable:125150:7)
    at RCTView (<anonymous>)
    at View (http://hsrnekw-sharehost-8081.exp.direct/node_modules/expo-router/entry.bundle//&platform=ios&dev=true&hot=false&lazy=true&transform.engine=hermes&transform.bytecode=1&transform.routerRoot=app&unstable_transformProfile=hermes-stable:58373:3)
    at FrameSizeProvider (http://hsrnekw-sharehost-8081.exp.direct/node_modules/expo-router/entry.bundle//&platform=ios&dev=true&hot=false&lazy=true&transform.engine=hermes&transform.bytecode=1&transform.routerRoot=app&unstable_transformProfile=hermes-stable:120446:3)
    at SafeAreaProviderCompat (http://hsrnekw-sharehost-8081.exp.direct/node_modules/expo-router/entry.bundle//&platform=ios&dev=true&hot=false&lazy=true&transform.engine=hermes&transform.bytecode=1&transform.routerRoot=app&unstable_transformProfile=hermes-stable:121892:3)
    at NativeStackView (http://hsrnekw-sharehost-8081.exp.direct/node_modules/expo-router/entry.bundle//&platform=ios&dev=true&hot=false&lazy=true&transform.engine=hermes&transform.bytecode=1&transform.routerRoot=app&unstable_transformProfile=hermes-stable:133492:3)
    at PreventRemoveProvider (http://hsrnekw-sharehost-8081.exp.direct/node_modules/expo-router/entry.bundle//&platform=ios&dev=true&hot=false&lazy=true&transform.engine=hermes&transform.bytecode=1&transform.routerRoot=app&unstable_transformProfile=hermes-stable:105716:3)
    at NavigationStateListenerProvider (http://hsrnekw-sharehost-8081.exp.direct/node_modules/expo-router/entry.bundle//&platform=ios&dev=true&hot=false&lazy=true&transform.engine=hermes&transform.bytecode=1&transform.routerRoot=app&unstable_transformProfile=hermes-stable:108392:3)
    at NavigationContent (http://hsrnekw-sharehost-8081.exp.direct/node_modules/expo-router/entry.bundle//&platform=ios&dev=true&hot=false&lazy=true&transform.engine=hermes&transform.bytecode=1&transform.routerRoot=app&unstable_transformProfile=hermes-stable:107144:27)
    at anonymous (http://hsrnekw-sharehost-8081.exp.direct/node_modules/expo-router/entry.bundle//&platform=ios&dev=true&hot=false&lazy=true&transform.engine=hermes&transform.bytecode=1&transform.routerRoot=app&unstable_transformProfile=hermes-stable:107159:25)
    at NativeStackNavigator (http://hsrnekw-sharehost-8081.exp.direct/node_modules/expo-router/entry.bundle//&platform=ios&dev=true&hot=false&lazy=true&transform.engine=hermes&transform.bytecode=1&transform.routerRoot=app&unstable_transformProfile=hermes-stable:132537:3)
    at anonymous (http://hsrnekw-sharehost-8081.exp.direct/node_modules/expo-router/entry.bundle//&platform=ios&dev=true&hot=false&lazy=true&transform.engine=hermes&transform.bytecode=1&transform.routerRoot=app&unstable_transformProfile=hermes-stable:99318:50)
    at anonymous (http://hsrnekw-sharehost-8081.exp.direct/node_modules/expo-router/entry.bundle//&platform=ios&dev=true&hot=false&lazy=true&transform.engine=hermes&transform.bytecode=1&transform.routerRoot=app&unstable_transformProfile=hermes-stable:99073:56)
    at InboxLayout(./inbox/_layout.tsx) (<anonymous>)
    at WrappedScreenComponent (http://hsrnekw-sharehost-8081.exp.direct/node_modules/expo-router/entry.bundle//&platform=ios&dev=true&hot=false&lazy=true&transform.engine=hermes&transform.bytecode=1&transform.routerRoot=app&unstable_transformProfile=hermes-stable:115922:49)
    at Suspense (<anonymous>)
    at ZoomTransitionTargetContextProvider (http://hsrnekw-sharehost-8081.exp.direct/node_modules/expo-router/entry.bundle//&platform=ios&dev=true&hot=false&lazy=true&transform.engine=hermes&transform.bytecode=1&transform.routerRoot=app&unstable_transformProfile=hermes-stable:116528:3)
    at Route (http://hsrnekw-sharehost-8081.exp.direct/node_modules/expo-router/entry.bundle//&platform=ios&dev=true&hot=false&lazy=true&transform.engine=hermes&transform.bytecode=1&transform.routerRoot=app&unstable_transformProfile=hermes-stable:98503:3)
    at Route(inbox) (http://hsrnekw-sharehost-8081.exp.direct/node_modules/expo-router/entry.bundle//&platform=ios&dev=true&hot=false&lazy=true&transform.engine=hermes&transform.bytecode=1&transform.routerRoot=app&unstable_transformProfile=hermes-stable:115927:5)
    at StaticContainer (http://hsrnekw-sharehost-8081.exp.direct/node_modules/expo-router/entry.bundle//&platform=ios&dev=true&hot=false&lazy=true&transform.engine=hermes&transform.bytecode=1&transform.routerRoot=app&unstable_transformProfile=hermes-stable:107713:17)
    at EnsureSingleNavigator (http://hsrnekw-sharehost-8081.exp.direct/node_modules/expo-router/entry.bundle//&platform=ios&dev=true&hot=false&lazy=true&transform.engine=hermes&transform.bytecode=1&transform.routerRoot=app&unstable_transformProfile=hermes-stable:102113:3)
    at SceneView (http://hsrnekw-sharehost-8081.exp.direct/node_modules/expo-router/entry.bundle//&platform=ios&dev=true&hot=false&lazy=true&transform.engine=hermes&transform.bytecode=1&transform.routerRoot=app&unstable_transformProfile=hermes-stable:107491:3)
    at NavigationProvider (http://hsrnekw-sharehost-8081.exp.direct/node_modules/expo-router/entry.bundle//&platform=ios&dev=true&hot=false&lazy=true&transform.engine=hermes&transform.bytecode=1&transform.routerRoot=app&unstable_transformProfile=hermes-stable:105391:3)
    at RNSScreenContentWrapper (<anonymous>)
    at ScreenContentWrapper (<anonymous>)
    at DebugContainer (http://hsrnekw-sharehost-8081.exp.direct/node_modules/expo-router/entry.bundle//&platform=ios&dev=true&hot=false&lazy=true&transform.engine=hermes&transform.bytecode=1&transform.routerRoot=app&unstable_transformProfile=hermes-stable:125563:9)
    at RNSScreen (<anonymous>)
    at Animated(Anonymous) (http://hsrnekw-sharehost-8081.exp.direct/node_modules/expo-router/entry.bundle//&platform=ios&dev=true&hot=false&lazy=true&transform.engine=hermes&transform.bytecode=1&transform.routerRoot=app&unstable_transformProfile=hermes-stable:68399:29)
    at Suspender (http://hsrnekw-sharehost-8081.exp.direct/node_modules/expo-router/entry.bundle//&platform=ios&dev=true&hot=false&lazy=true&transform.engine=hermes&transform.bytecode=1&transform.routerRoot=app&unstable_transformProfile=hermes-stable:123598:3)
    at Suspense (<anonymous>)
    at Freeze (http://hsrnekw-sharehost-8081.exp.direct/node_modules/expo-router/entry.bundle//&platform=ios&dev=true&hot=false&lazy=true&transform.engine=hermes&transform.bytecode=1&transform.routerRoot=app&unstable_transformProfile=hermes-stable:123609:3)
    at DelayedFreeze (http://hsrnekw-sharehost-8081.exp.direct/node_modules/expo-router/entry.bundle//&platform=ios&dev=true&hot=false&lazy=true&transform.engine=hermes&transform.bytecode=1&transform.routerRoot=app&unstable_transformProfile=hermes-stable:123565:3)
    at InnerScreen (http://hsrnekw-sharehost-8081.exp.direct/node_modules/expo-router/entry.bundle//&platform=ios&dev=true&hot=false&lazy=true&transform.engine=hermes&transform.bytecode=1&transform.routerRoot=app&unstable_transformProfile=hermes-stable:123302:40)
    at Screen (http://hsrnekw-sharehost-8081.exp.direct/node_modules/expo-router/entry.bundle//&platform=ios&dev=true&hot=false&lazy=true&transform.engine=hermes&transform.bytecode=1&transform.routerRoot=app&unstable_transformProfile=hermes-stable:123501:49)
    at ScreenStackItem (http://hsrnekw-sharehost-8081.exp.direct/node_modules/expo-router/entry.bundle//&platform=ios&dev=true&hot=false&lazy=true&transform.engine=hermes&transform.bytecode=1&transform.routerRoot=app&unstable_transformProfile=hermes-stable:125330:3)
    at NavigationProvider (http://hsrnekw-sharehost-8081.exp.direct/node_modules/expo-router/entry.bundle//&platform=ios&dev=true&hot=false&lazy=true&transform.engine=hermes&transform.bytecode=1&transform.routerRoot=app&unstable_transformProfile=hermes-stable:105391:3)
    at SceneView (http://hsrnekw-sharehost-8081.exp.direct/node_modules/expo-router/entry.bundle//&platform=ios&dev=true&hot=false&lazy=true&transform.engine=hermes&transform.bytecode=1&transform.routerRoot=app&unstable_transformProfile=hermes-stable:133177:19)
    at RNSScreenStack (<anonymous>)
    at anonymous (http://hsrnekw-sharehost-8081.exp.direct/node_modules/expo-router/entry.bundle//&platform=ios&dev=true&hot=false&lazy=true&transform.engine=hermes&transform.bytecode=1&transform.routerRoot=app&unstable_transformProfile=hermes-stable:125217:20)
    at ScreenStack (http://hsrnekw-sharehost-8081.exp.direct/node_modules/expo-router/entry.bundle//&platform=ios&dev=true&hot=false&lazy=true&transform.engine=hermes&transform.bytecode=1&transform.routerRoot=app&unstable_transformProfile=hermes-stable:125150:7)
    at RCTView (<anonymous>)
    at View (http://hsrnekw-sharehost-8081.exp.direct/node_modules/expo-router/entry.bundle//&platform=ios&dev=true&hot=false&lazy=true&transform.engine=hermes&transform.bytecode=1&transform.routerRoot=app&unstable_transformProfile=hermes-stable:58373:3)
    at FrameSizeProvider (http://hsrnekw-sharehost-8081.exp.direct/node_modules/expo-router/entry.bundle//&platform=ios&dev=true&hot=false&lazy=true&transform.engine=hermes&transform.bytecode=1&transform.routerRoot=app&unstable_transformProfile=hermes-stable:120446:3)
    at SafeAreaProviderCompat (http://hsrnekw-sharehost-8081.exp.direct/node_modules/expo-router/entry.bundle//&platform=ios&dev=true&hot=false&lazy=true&transform.engine=hermes&transform.bytecode=1&transform.routerRoot=app&unstable_transformProfile=hermes-stable:121892:3)
    at NativeStackView (http://hsrnekw-sharehost-8081.exp.direct/node_modules/expo-router/entry.bundle//&platform=ios&dev=true&hot=false&lazy=true&transform.engine=hermes&transform.bytecode=1&transform.routerRoot=app&unstable_transformProfile=hermes-stable:133492:3)
    at PreventRemoveProvider (http://hsrnekw-sharehost-8081.exp.direct/node_modules/expo-router/entry.bundle//&platform=ios&dev=true&hot=false&lazy=true&transform.engine=hermes&transform.bytecode=1&transform.routerRoot=app&unstable_transformProfile=hermes-stable:105716:3)
    at NavigationStateListenerProvider (http://hsrnekw-sharehost-8081.exp.direct/node_modules/expo-router/entry.bundle//&platform=ios&dev=true&hot=false&lazy=true&transform.engine=hermes&transform.bytecode=1&transform.routerRoot=app&unstable_transformProfile=hermes-stable:108392:3)
    at NavigationContent (http://hsrnekw-sharehost-8081.exp.direct/node_modules/expo-router/entry.bundle//&platform=ios&dev=true&hot=false&lazy=true&transform.engine=hermes&transform.bytecode=1&transform.routerRoot=app&unstable_transformProfile=hermes-stable:107144:27)
    at anonymous (http://hsrnekw-sharehost-8081.exp.direct/node_modules/expo-router/entry.bundle//&platform=ios&dev=true&hot=false&lazy=true&transform.engine=hermes&transform.bytecode=1&transform.routerRoot=app&unstable_transformProfile=hermes-stable:107159:25)
    at NativeStackNavigator (http://hsrnekw-sharehost-8081.exp.direct/node_modules/expo-router/entry.bundle//&platform=ios&dev=true&hot=false&lazy=true&transform.engine=hermes&transform.bytecode=1&transform.routerRoot=app&unstable_transformProfile=hermes-stable:132537:3)
    at anonymous (http://hsrnekw-sharehost-8081.exp.direct/node_modules/expo-router/entry.bundle//&platform=ios&dev=true&hot=false&lazy=true&transform.engine=hermes&transform.bytecode=1&transform.routerRoot=app&unstable_transformProfile=hermes-stable:99318:50)
    at anonymous (http://hsrnekw-sharehost-8081.exp.direct/node_modules/expo-router/entry.bundle//&platform=ios&dev=true&hot=false&lazy=true&transform.engine=hermes&transform.bytecode=1&transform.routerRoot=app&unstable_transformProfile=hermes-stable:99073:56)
    at RootLayoutNav (http://hsrnekw-sharehost-8081.exp.direct/node_modules/expo-router/entry.bundle//&platform=ios&dev=true&hot=false&lazy=true&transform.engine=hermes&transform.bytecode=1&transform.routerRoot=app&unstable_transformProfile=hermes-stable:345526:48)
    at RCTView (<anonymous>)
    at View (http://hsrnekw-sharehost-8081.exp.direct/node_modules/expo-router/entry.bundle//&platform=ios&dev=true&hot=false&lazy=true&transform.engine=hermes&transform.bytecode=1&transform.routerRoot=app&unstable_transformProfile=hermes-stable:58373:3)
    at KeyboardAvoidingView (http://hsrnekw-sharehost-8081.exp.direct/node_modules/expo-router/entry.bundle//&platform=ios&dev=true&hot=false&lazy=true&transform.engine=hermes&transform.bytecode=1&transform.routerRoot=app&unstable_transformProfile=hermes-stable:74629:12)
    at RCTView (<anonymous>)
    at View (http://hsrnekw-sharehost-8081.exp.direct/node_modules/expo-router/entry.bundle//&platform=ios&dev=true&hot=false&lazy=true&transform.engine=hermes&transform.bytecode=1&transform.routerRoot=app&unstable_transformProfile=hermes-stable:58373:3)
    at RootLayoutNavWithTheme (http://hsrnekw-sharehost-8081.exp.direct/node_modules/expo-router/entry.bundle//&platform=ios&dev=true&hot=false&lazy=true&transform.engine=hermes&transform.bytecode=1&transform.routerRoot=app&unstable_transformProfile=hermes-stable:345638:44)
    at AppErrorBoundary (http://hsrnekw-sharehost-8081.exp.direct/node_modules/expo-router/entry.bundle//&platform=ios&dev=true&hot=false&lazy=true&transform.engine=hermes&transform.bytecode=1&transform.routerRoot=app&unstable_transformProfile=hermes-stable:400550:3)
    at anonymous (http://hsrnekw-sharehost-8081.exp.direct/node_modules/expo-router/entry.bundle//&platform=ios&dev=true&hot=false&lazy=true&transform.engine=hermes&transform.bytecode=1&transform.routerRoot=app&unstable_transformProfile=hermes-stable:267995:13)
    at OrdersProvider (http://hsrnekw-sharehost-8081.exp.direct/node_modules/expo-router/entry.bundle//&platform=ios&dev=true&hot=false&lazy=true&transform.engine=hermes&transform.bytecode=1&transform.routerRoot=app&unstable_transformProfile=hermes-stable:337372:3)
    at anonymous (http://hsrnekw-sharehost-8081.exp.direct/node_modules/expo-router/entry.bundle//&platform=ios&dev=true&hot=false&lazy=true&transform.engine=hermes&transform.bytecode=1&transform.routerRoot=app&unstable_transformProfile=hermes-stable:267995:13)
    at anonymous (http://hsrnekw-sharehost-8081.exp.direct/node_modules/expo-router/entry.bundle//&platform=ios&dev=true&hot=false&lazy=true&transform.engine=hermes&transform.bytecode=1&transform.routerRoot=app&unstable_transformProfile=hermes-stable:267995:13)
    at anonymous (http://hsrnekw-sharehost-8081.exp.direct/node_modules/expo-router/entry.bundle//&platform=ios&dev=true&hot=false&lazy=true&transform.engine=hermes&transform.bytecode=1&transform.routerRoot=app&unstable_transformProfile=hermes-stable:267995:13)
    at anonymous (http://hsrnekw-sharehost-8081.exp.direct/node_modules/expo-router/entry.bundle//&platform=ios&dev=true&hot=false&lazy=true&transform.engine=hermes&transform.bytecode=1&transform.routerRoot=app&unstable_transformProfile=hermes-stable:267995:13)
    at PlanProvider (http://hsrnekw-sharehost-8081.exp.direct/node_modules/expo-router/entry.bundle//&platform=ios&dev=true&hot=false&lazy=true&transform.engine=hermes&transform.bytecode=1&transform.routerRoot=app&unstable_transformProfile=hermes-stable:325073:3)
    at RoomProvider (http://hsrnekw-sharehost-8081.exp.direct/node_modules/expo-router/entry.bundle//&platform=ios&dev=true&hot=false&lazy=true&transform.engine=hermes&transform.bytecode=1&transform.routerRoot=app&unstable_transformProfile=hermes-stable:321550:3)
    at ServiceRequestProvider (http://hsrnekw-sharehost-8081.exp.direct/node_modules/expo-router/entry.bundle//&platform=ios&dev=true&hot=false&lazy=true&transform.engine=hermes&transform.bytecode=1&transform.routerRoot=app&unstable_transformProfile=hermes-stable:308294:3)
    at SkillProvider (http://hsrnekw-sharehost-8081.exp.direct/node_modules/expo-router/entry.bundle//&platform=ios&dev=true&hot=false&lazy=true&transform.engine=hermes&transform.bytecode=1&transform.routerRoot=app&unstable_transformProfile=hermes-stable:307902:3)
    at BundleProvider (http://hsrnekw-sharehost-8081.exp.direct/node_modules/expo-router/entry.bundle//&platform=ios&dev=true&hot=false&lazy=true&transform.engine=hermes&transform.bytecode=1&transform.routerRoot=app&unstable_transformProfile=hermes-stable:294771:3)
    at anonymous (http://hsrnekw-sharehost-8081.exp.direct/node_modules/expo-router/entry.bundle//&platform=ios&dev=true&hot=false&lazy=true&transform.engine=hermes&transform.bytecode=1&transform.routerRoot=app&unstable_transformProfile=hermes-stable:267995:13)
    at anonymous (http://hsrnekw-sharehost-8081.exp.direct/node_modules/expo-router/entry.bundle//&platform=ios&dev=true&hot=false&lazy=true&transform.engine=hermes&transform.bytecode=1&transform.routerRoot=app&unstable_transformProfile=hermes-stable:267995:13)
    at UserPostsProvider (http://hsrnekw-sharehost-8081.exp.direct/node_modules/expo-router/entry.bundle//&platform=ios&dev=true&hot=false&lazy=true&transform.engine=hermes&transform.bytecode=1&transform.routerRoot=app&unstable_transformProfile=hermes-stable:317249:3)
    at anonymous (http://hsrnekw-sharehost-8081.exp.direct/node_modules/expo-router/entry.bundle//&platform=ios&dev=true&hot=false&lazy=true&transform.engine=hermes&transform.bytecode=1&transform.routerRoot=app&unstable_transformProfile=hermes-stable:267995:13)
    at anonymous (http://hsrnekw-sharehost-8081.exp.direct/node_modules/expo-router/entry.bundle//&platform=ios&dev=true&hot=false&lazy=true&transform.engine=hermes&transform.bytecode=1&transform.routerRoot=app&unstable_transformProfile=hermes-stable:267995:13)
    at anonymous (http://hsrnekw-sharehost-8081.exp.direct/node_modules/expo-router/entry.bundle//&platform=ios&dev=true&hot=false&lazy=true&transform.engine=hermes&transform.bytecode=1&transform.routerRoot=app&unstable_transformProfile=hermes-stable:267995:13)
    at RNCSafeAreaProvider (<anonymous>)
    at SafeAreaProvider (http://hsrnekw-sharehost-8081.exp.direct/node_modules/expo-router/entry.bundle//&platform=ios&dev=true&hot=false&lazy=true&transform.engine=hermes&transform.bytecode=1&transform.routerRoot=app&unstable_transformProfile=hermes-stable:98116:3)
    at RCTView (<anonymous>)
    at View (http://hsrnekw-sharehost-8081.exp.direct/node_modules/expo-router/entry.bundle//&platform=ios&dev=true&hot=false&lazy=true&transform.engine=hermes&transform.bytecode=1&transform.routerRoot=app&unstable_transformProfile=hermes-stable:58373:3)
    at GestureHandlerRootView (http://hsrnekw-sharehost-8081.exp.direct/node_modules/expo-router/entry.bundle//&platform=ios&dev=true&hot=false&lazy=true&transform.engine=hermes&transform.bytecode=1&transform.routerRoot=app&unstable_transformProfile=hermes-stable:390702:3)
    at QueryClientProvider (http://hsrnekw-sharehost-8081.exp.direct/node_modules/expo-router/entry.bundle//&platform=ios&dev=true&hot=false&lazy=true&transform.engine=hermes&transform.bytecode=1&transform.routerRoot=app&unstable_transformProfile=hermes-stable:272922:29)
    at TRPCProvider (http://hsrnekw-sharehost-8081.exp.direct/node_modules/expo-router/entry.bundle//&platform=ios&dev=true&hot=false&lazy=true&transform.engine=hermes&transform.bytecode=1&transform.routerRoot=app&unstable_transformProfile=hermes-stable:300481:9)
    at ProviderErrorBoundary (http://hsrnekw-sharehost-8081.exp.direct/node_modules/expo-router/entry.bundle//&platform=ios&dev=true&hot=false&lazy=true&transform.engine=hermes&transform.bytecode=1&transform.routerRoot=app&unstable_transformProfile=hermes-stable:345671:12)
    at RootLayout(./_layout.tsx) (http://hsrnekw-sharehost-8081.exp.direct/node_modules/expo-router/entry.bundle//&platform=ios&dev=true&hot=false&lazy=true&transform.engine=hermes&transform.bytecode=1&transform.routerRoot=app&unstable_transformProfile=hermes-stable:345740:26)
    at WrappedScreenComponent (http://hsrnekw-sharehost-8081.exp.direct/node_modules/expo-router/entry.bundle//&platform=ios&dev=true&hot=false&lazy=true&transform.engine=hermes&transform.bytecode=1&transform.routerRoot=app&unstable_transformProfile=hermes-stable:115922:49)
    at Suspense (<anonymous>)
    at ZoomTransitionTargetContextProvider (http://hsrnekw-sharehost-8081.exp.direct/node_modules/expo-router/entry.bundle//&platform=ios&dev=true&hot=false&lazy=true&transform.engine=hermes&transform.bytecode=1&transform.routerRoot=app&unstable_transformProfile=hermes-stable:116528:3)
    at Route (http://hsrnekw-sharehost-8081.exp.direct/node_modules/expo-router/entry.bundle//&platform=ios&dev=true&hot=false&lazy=true&transform.engine=hermes&transform.bytecode=1&transform.routerRoot=app&unstable_transformProfile=hermes-stable:98503:3)
    at Route() (http://hsrnekw-sharehost-8081.exp.direct/node_modules/expo-router/entry.bundle//&platform=ios&dev=true&hot=false&lazy=true&transform.engine=hermes&transform.bytecode=1&transform.routerRoot=app&unstable_transformProfile=hermes-stable:115927:5)
    at StaticContainer (http://hsrnekw-sharehost-8081.exp.direct/node_modules/expo-router/entry.bundle//&platform=ios&dev=true&hot=false&lazy=true&transform.engine=hermes&transform.bytecode=1&transform.routerRoot=app&unstable_transformProfile=hermes-stable:107713:17)
    at EnsureSingleNavigator (http://hsrnekw-sharehost-8081.exp.direct/node_modules/expo-router/entry.bundle//&platform=ios&dev=true&hot=false&lazy=true&transform.engine=hermes&transform.bytecode=1&transform.routerRoot=app&unstable_transformProfile=hermes-stable:102113:3)
    at SceneView (http://hsrnekw-sharehost-8081.exp.direct/node_modules/expo-router/entry.bundle//&platform=ios&dev=true&hot=false&lazy=true&transform.engine=hermes&transform.bytecode=1&transform.routerRoot=app&unstable_transformProfile=hermes-stable:107491:3)
    at NavigationProvider (http://hsrnekw-sharehost-8081.exp.direct/node_modules/expo-router/entry.bundle//&platform=ios&dev=true&hot=false&lazy=true&transform.engine=hermes&transform.bytecode=1&transform.routerRoot=app&unstable_transformProfile=hermes-stable:105391:3)
    at PreventRemoveProvider (http://hsrnekw-sharehost-8081.exp.direct/node_modules/expo-router/entry.bundle//&platform=ios&dev=true&hot=false&lazy=true&transform.engine=hermes&transform.bytecode=1&transform.routerRoot=app&unstable_transformProfile=hermes-stable:105716:3)
    at NavigationStateListenerProvider (http://hsrnekw-sharehost-8081.exp.direct/node_modules/expo-router/entry.bundle//&platform=ios&dev=true&hot=false&lazy=true&transform.engine=hermes&transform.bytecode=1&transform.routerRoot=app&unstable_transformProfile=hermes-stable:108392:3)
    at NavigationContent (http://hsrnekw-sharehost-8081.exp.direct/node_modules/expo-router/entry.bundle//&platform=ios&dev=true&hot=false&lazy=true&transform.engine=hermes&transform.bytecode=1&transform.routerRoot=app&unstable_transformProfile=hermes-stable:107144:27)
    at anonymous (http://hsrnekw-sharehost-8081.exp.direct/node_modules/expo-router/entry.bundle//&platform=ios&dev=true&hot=false&lazy=true&transform.engine=hermes&transform.bytecode=1&transform.routerRoot=app&unstable_transformProfile=hermes-stable:107159:25)
    at Content (http://hsrnekw-sharehost-8081.exp.direct/node_modules/expo-router/entry.bundle//&platform=ios&dev=true&hot=false&lazy=true&transform.engine=hermes&transform.bytecode=1&transform.routerRoot=app&unstable_transformProfile=hermes-stable:136774:43)
    at RNCSafeAreaProvider (<anonymous>)
    at SafeAreaProvider (http://hsrnekw-sharehost-8081.exp.direct/node_modules/expo-router/entry.bundle//&platform=ios&dev=true&hot=false&lazy=true&transform.engine=hermes&transform.bytecode=1&transform.routerRoot=app&unstable_transformProfile=hermes-stable:98116:3)
    at LinkPreviewContextProvider (http://hsrnekw-sharehost-8081.exp.direct/node_modules/expo-router/entry.bundle//&platform=ios&dev=true&hot=false&lazy=true&transform.engine=hermes&transform.bytecode=1&transform.routerRoot=app&unstable_transformProfile=hermes-stable:130350:3)
    at anonymous (http://hsrnekw-sharehost-8081.exp.direct/node_modules/expo-router/entry.bundle//&platform=ios&dev=true&hot=false&lazy=true&transform.engine=hermes&transform.bytecode=1&transform.routerRoot=app&unstable_transformProfile=hermes-stable:136666:46)
    at ThemeProvider (http://hsrnekw-sharehost-8081.exp.direct/node_modules/expo-router/entry.bundle//&platform=ios&dev=true&hot=false&lazy=true&transform.engine=hermes&transform.bytecode=1&transform.routerRoot=app&unstable_transformProfile=hermes-stable:102608:3)
    at EnsureSingleNavigator (http://hsrnekw-sharehost-8081.exp.direct/node_modules/expo-router/entry.bundle//&platform=ios&dev=true&hot=false&lazy=true&transform.engine=hermes&transform.bytecode=1&transform.routerRoot=app&unstable_transformProfile=hermes-stable:102113:3)
    at BaseNavigationContainer (http://hsrnekw-sharehost-8081.exp.direct/node_modules/expo-router/entry.bundle//&platform=ios&dev=true&hot=false&lazy=true&transform.engine=hermes&transform.bytecode=1&transform.routerRoot=app&unstable_transformProfile=hermes-stable:100309:3)
    at NavigationContainerInner (http://hsrnekw-sharehost-8081.exp.direct/node_modules/expo-router/entry.bundle//&platform=ios&dev=true&hot=false&lazy=true&transform.engine=hermes&transform.bytecode=1&transform.routerRoot=app&unstable_transformProfile=hermes-stable:136946:3)
    at ContextNavigator (http://hsrnekw-sharehost-8081.exp.direct/node_modules/expo-router/entry.bundle//&platform=ios&dev=true&hot=false&lazy=true&transform.engine=hermes&transform.bytecode=1&transform.routerRoot=app&unstable_transformProfile=hermes-stable:136692:3)
    at ExpoRoot (http://hsrnekw-sharehost-8081.exp.direct/node_modules/expo-router/entry.bundle//&platform=ios&dev=true&hot=false&lazy=true&transform.engine=hermes&transform.bytecode=1&transform.routerRoot=app&unstable_transformProfile=hermes-stable:136656:3)
    at App (<anonymous>)
    at withDevTools(App) (http://hsrnekw-sharehost-8081.exp.direct/node_modules/expo-router/entry.bundle//&platform=ios&dev=true&hot=false&lazy=true&transform.engine=hermes&transform.bytecode=1&transform.routerRoot=app&unstable_transformProfile=hermes-stable:92579:27)
    at RCTView (<anonymous>)
    at View (http://hsrnekw-sharehost-8081.exp.direct/node_modules/expo-router/entry.bundle//&platform=ios&dev=true&hot=false&lazy=true&transform.engine=hermes&transform.bytecode=1&transform.routerRoot=app&unstable_transformProfile=hermes-stable:58373:3)
    at RCTView (<anonymous>)
    at View (http://hsrnekw-sharehost-8081.exp.direct/node_modules/expo-router/entry.bundle//&platform=ios&dev=true&hot=false&lazy=true&transform.engine=hermes&transform.bytecode=1&transform.routerRoot=app&unstable_transformProfile=hermes-stable:58373:3)
    at AppContainer (http://hsrnekw-sharehost-8081.exp.direct/node_modules/expo-router/entry.bundle//&platform=ios&dev=true&hot=false&lazy=true&transform.engine=hermes&transform.bytecode=1&transform.routerRoot=app&unstable_transformProfile=hermes-stable:58182:22)
    at main(RootComponent) (http://hsrnekw-sharehost-8081.exp.direct/node_modules/expo-router/entry.bundle//&platform=ios&dev=true&hot=false&lazy=true&transform.engine=hermes&transform.bytecode=1&transform.routerRoot=app&unstable_transformProfile=hermes-stable:81696:34)"}}
 ERROR  [Error: Cannot find native module 'ExponentAV'] 

Code: audio-relay.ts
[0m [90m 12 |[39m [90m */[39m
 [90m 13 |[39m
[31m[1m>[22m[39m[90m 14 |[39m [36mimport[39m { [33mAudio[39m } [36mfrom[39m [32m'expo-av'[39m[33m;[39m
 [90m    |[39m [31m[1m^[22m[39m
 [90m 15 |[39m [36mimport[39m { [33mPlatform[39m } [36mfrom[39m [32m'react-native'[39m[33m;[39m
 [90m 16 |[39m
 [90m 17 |[39m [90m// ── Types ──[39m[0m
Call Stack
  <global> (lib/audio-relay.ts:14)
  <global> (hooks/useLiveAudio.ts:10)
  <global> (app/(tabs)/live/room/[roomId].tsx:25) 

Code: _layout.tsx
[0m [90m  5 |[39m [36mexport[39m [36mdefault[39m [36mfunction[39m [33mInboxLayout[39m() {
 [90m  6 |[39m   [36mreturn[39m (
[31m[1m>[22m[39m[90m  7 |[39m     [33m<[39m[33mStack[39m
 [90m    |[39m     [31m[1m^[22m[39m
 [90m  8 |[39m       screenOptions[33m=[39m{{
 [90m  9 |[39m         headerShown[33m:[39m [36mfalse[39m[33m,[39m
 [90m 10 |[39m         contentStyle[33m:[39m { backgroundColor[33m:[39m [33mColors[39m[33m.[39mdark[33m.[39mbackground }[33m,[39m[0m
Call Stack
  InboxLayout (app/inbox/_layout.tsx:7:5)
  RootLayoutNav (app/_layout.tsx:108:5)
  RootLayoutNavWithTheme (app/_layout.tsx:146:11)
  RootLayout (app/_layout.tsx:231:47)
 ERROR  [TypeError: Cannot read property 'ErrorBoundary' of undefined] 

Code: _layout.tsx
[0m [90m  5 |[39m [36mexport[39m [36mdefault[39m [36mfunction[39m [33mInboxLayout[39m() {
 [90m  6 |[39m   [36mreturn[39m (
[31m[1m>[22m[39m[90m  7 |[39m     [33m<[39m[33mStack[39m
 [90m    |[39m     [31m[1m^[22m[39m
 [90m  8 |[39m       screenOptions[33m=[39m{{
 [90m  9 |[39m         headerShown[33m:[39m [36mfalse[39m[33m,[39m
 [90m 10 |[39m         contentStyle[33m:[39m { backgroundColor[33m:[39m [33mColors[39m[33m.[39mdark[33m.[39mbackground }[33m,[39m[0m
Call Stack
  InboxLayout (app/inbox/_layout.tsx:7:5)
  RootLayoutNav (app/_layout.tsx:108:5)
  RootLayoutNavWithTheme (app/_layout.tsx:146:11)
  RootLayout (app/_layout.tsx:231:47)
 INFO  [2026-09-09T10:15:58.111Z] [INFO] [RootLayout] Navigation check {"currentSegment": "", "hasInitialized": false, "isAuthenticated": true, "onboardingCompleted": true}
 INFO  [2026-09-09T10:15:58.112Z] [INFO] [RootLayout] Navigating to {"targetRoute": "/(tabs)/(home)"}
 INFO  [2026-09-09T10:15:58.122Z] [INFO] [RootLayout] Navigation check {"currentSegment": "welcome", "hasInitialized": false, "isAuthenticated": true, "onboardingCompleted": true}
 INFO  [2026-09-09T10:15:58.123Z] [INFO] [RootLayout] Navigating to {"targetRoute": "/(tabs)/(home)"}
 LOG  Grid load: ["grabbedBundles"]
 LOG  Grid load: {"bundles": "recommend", "grabbedCount": 0}
 INFO  [2026-09-09T10:15:58.217Z] [INFO] [RootLayout] Navigation check {"currentSegment": "(tabs)", "hasInitialized": true, "isAuthenticated": true, "onboardingCompleted": true}
 ERROR  Grabbed bundles error: {"code": "42703", "details": null, "hint": null, "message": "column job_requests.proposed_budget does not exist"} 

Code: index.tsx
[0m [90m 1342 |[39m             [36mreturn[39m [][33m;[39m
 [90m 1343 |[39m           }
[31m[1m>[22m[39m[90m 1344 |[39m           console[33m.[39merror([32m'Grabbed bundles error:'[39m[33m,[39m error)[33m;[39m
 [90m      |[39m                        [31m[1m^[22m[39m
 [90m 1345 |[39m           [36mreturn[39m [][33m;[39m
 [90m 1346 |[39m         }
 [90m 1347 |[39m[0m
Call Stack
  useQuery$argument_0.queryFn (app/(tabs)/(home)/index.tsx:1344:24)
 ERROR  [Error: Uncaught (in promise, id: 2) Object {
  "code": "PGRST204",
  "details": null,
  "hint": null,
  "message": "Could not find the 'view' column of 'bundles' in the schema cache",
}] Uncaught (in promise, id: 2) Object {
  "code": "PGRST204",
  "details": null,
  "hint": null,
  "message": "Could not find the 'view' column of 'bundles' in the schema cache",
}
 ERROR  [Error: Uncaught (in promise, id: 3) Object {
  "code": "PGRST204",
  "details": null,
  "hint": null,
  "message": "Could not find the 'view' column of 'skill_deals' in the schema cache",
}] Uncaught (in promise, id: 3) Object {
  "code": "PGRST204",
  "details": null,
  "hint": null,
  "message": "Could not find the 'view' column of 'skill_deals' in the schema cache",
}
iOS Bundled 74ms node_modules/expo-router/entry.js (1 module)
 INFO  [2026-09-09T10:16:33.180Z] [INFO] [SocialContext] Built default state for {"length": 0}
 WARN  Route "./(tabs)/live/room/[roomId].tsx" is missing the required default export. Ensure a React component is exported as default.
 WARN  Route "./(tabs)/live/room/plan-constants.ts" is missing the required default export. Ensure a React component is exported as default.
 WARN  Route "./call/[roomId].tsx" is missing the required default export. Ensure a React component is exported as default.
 WARN  Route "./inbox/[notificationId].tsx" is missing the required default export. Ensure a React component is exported as default.
 WARN  Route "./inbox/conversation/[participantId].tsx" is missing the required default export. Ensure a React component is exported as default.
 INFO  [2026-09-09T10:16:33.499Z] [INFO] [RootLayout] Still loading... {"authLoading": true, "onboardingLoading": true}
 ERROR  [Error: Cannot find native module 'ExponentAV'] 

Code: audio-relay.ts
[0m [90m 12 |[39m [90m */[39m
 [90m 13 |[39m
[31m[1m>[22m[39m[90m 14 |[39m [36mimport[39m { [33mAudio[39m } [36mfrom[39m [32m'expo-av'[39m[33m;[39m
 [90m    |[39m [31m[1m^[22m[39m
 [90m 15 |[39m [36mimport[39m { [33mPlatform[39m } [36mfrom[39m [32m'react-native'[39m[33m;[39m
 [90m 16 |[39m
 [90m 17 |[39m [90m// ── Types ──[39m[0m
Call Stack
  <global> (lib/audio-relay.ts:14)
  <global> (hooks/useLiveAudio.ts:10)
  <global> (app/(tabs)/live/room/[roomId].tsx:25)
 ERROR  [Error: Cannot find native module 'ExponentAV'] 

Code: audio-relay.ts
[0m [90m 12 |[39m [90m */[39m
 [90m 13 |[39m
[31m[1m>[22m[39m[90m 14 |[39m [36mimport[39m { [33mAudio[39m } [36mfrom[39m [32m'expo-av'[39m[33m;[39m
 [90m    |[39m [31m[1m^[22m[39m
 [90m 15 |[39m [36mimport[39m { [33mPlatform[39m } [36mfrom[39m [32m'react-native'[39m[33m;[39m
 [90m 16 |[39m
 [90m 17 |[39m [90m// ── Types ──[39m[0m
Call Stack
  <global> (lib/audio-relay.ts:14)
  <global> (hooks/useLiveAudio.ts:10)
  <global> (app/(tabs)/live/room/[roomId].tsx:25)
 ERROR  [Error: Cannot find native module 'ExponentAV'] 

Code: audio-relay.ts
[0m [90m 12 |[39m [90m */[39m
 [90m 13 |[39m
[31m[1m>[22m[39m[90m 14 |[39m [36mimport[39m { [33mAudio[39m } [36mfrom[39m [32m'expo-av'[39m[33m;[39m
 [90m    |[39m [31m[1m^[22m[39m
 [90m 15 |[39m [36mimport[39m { [33mPlatform[39m } [36mfrom[39m [32m'react-native'[39m[33m;[39m
 [90m 16 |[39m
 [90m 17 |[39m [90m// ── Types ──[39m[0m
Call Stack
  <global> (lib/audio-relay.ts:14)
  <global> (hooks/useLiveAudio.ts:10)
  <global> (app/(tabs)/live/room/[roomId].tsx:25)
 ERROR  [Error: Cannot find native module 'ExponentAV'] 

Code: audio-relay.ts
[0m [90m 12 |[39m [90m */[39m
 [90m 13 |[39m
[31m[1m>[22m[39m[90m 14 |[39m [36mimport[39m { [33mAudio[39m } [36mfrom[39m [32m'expo-av'[39m[33m;[39m
 [90m    |[39m [31m[1m^[22m[39m
 [90m 15 |[39m [36mimport[39m { [33mPlatform[39m } [36mfrom[39m [32m'react-native'[39m[33m;[39m
 [90m 16 |[39m
 [90m 17 |[39m [90m// ── Types ──[39m[0m
Call Stack
  <global> (lib/audio-relay.ts:14)
  <global> (hooks/useLiveAudio.ts:10)
  <global> (app/(tabs)/live/room/[roomId].tsx:25)
 INFO  [2026-09-09T10:16:33.506Z] [INFO] [BookingsContext] Starting to fetch all listings from Supabase...
 LOG  [DB] Fetching listings from Supabase... 
 LOG  [DB] Fetching products... 
 INFO  [2026-09-09T10:16:33.516Z] [INFO] [MarketplaceContext] Saved products are backend-only (no local state)
 LOG  [DB] Fetching posts...
 LOG  [DB] Fetching stories...
 INFO  [2026-09-09T10:16:33.530Z] [INFO] [SocialContext] Social interaction state is in-memory only
 INFO  [2026-09-09T10:16:33.531Z] [INFO] [SocialContext] Story interaction state is in-memory only
 INFO  [2026-09-09T10:16:33.531Z] [INFO] [SocialContext] User posts are loaded from Supabase posts table
 INFO  [2026-09-09T10:16:33.531Z] [INFO] [SocialContext] User stories are loaded from Supabase stories table
 INFO  [2026-09-09T10:16:33.536Z] [INFO] [Root] App mounted
 WARN  [DB] No authenticated user available — returning null
 INFO  [2026-09-09T10:16:33.549Z] [INFO] [BookingsContext] Fetching my listings for host {"hostId": ""}
 INFO  [2026-09-09T10:16:33.552Z] [INFO] [Auth] Auth state changed {"event": "INITIAL_SESSION", "hasSession": false}
 INFO  [2026-09-09T10:16:33.564Z] [INFO] [RootLayout] Still loading... {"authLoading": false, "onboardingLoading": true}
 INFO  [2026-09-09T10:16:33.566Z] [INFO] [BookingsContext] Hydrated favorites {"length": 0}
 INFO  [2026-09-09T10:16:33.566Z] [INFO] [BookingsContext] Hydrated rental submissions {"length": 0}
 INFO  [2026-09-09T10:16:33.566Z] [INFO] [MessagingContext] Hydrated messaging state from storage
 INFO  [2026-09-09T10:16:33.566Z] [INFO] [ConnectionsContext] Building connections from Supabase users
 LOG  [DB] Fetching users...
 INFO  [2026-09-09T10:16:33.568Z] [INFO] [Theme] Loaded saved theme {"savedTheme": "dark"}
 INFO  [2026-09-09T10:16:33.568Z] [INFO] [BookingsContext] Hydrated bookings from local {"length": 0}
 INFO  [2026-09-09T10:16:33.601Z] [INFO] [RootLayout] Navigation check {"currentSegment": "", "hasInitialized": false, "isAuthenticated": false, "onboardingCompleted": true}
 INFO  [2026-09-09T10:16:33.602Z] [INFO] [RootLayout] Navigating to {"targetRoute": "/welcome"}
 INFO  [2026-09-09T10:16:33.719Z] [INFO] [RootLayout] Navigation check {"currentSegment": "welcome", "hasInitialized": true, "isAuthenticated": false, "onboardingCompleted": true}
 LOG  [DB] Fetched listings from Supabase: 0
 INFO  [2026-09-09T10:16:33.723Z] [INFO] [BookingsContext] Listings query result {"value": 0}
 INFO  [2026-09-09T10:16:33.723Z] [INFO] [BookingsContext] No listings found in Supabase
 LOG  [DB] Fetched users: 10
 LOG  [DB] Fetched stories: 0
 INFO  [2026-09-09T10:16:33.854Z] [INFO] [SocialContext] No Supabase stories
 LOG  [DB] Fetched products: 0
 LOG  [DB] Fetched posts: 22
 INFO  [2026-09-09T10:16:33.865Z] [INFO] [SocialContext] Fetched posts from Supabase {"length": 22}
 LOG  [DB] Fetching users...
 LOG  [DB] Fetched users: 10
 INFO  [2026-09-09T10:16:33.977Z] [INFO] [SocialContext] Built default state for {"length": 22}
 INFO  [2026-09-09T10:16:33.980Z] [INFO] [SocialContext] Merged persisted interactions {"merged": 24}
 INFO  [2026-09-09T10:16:34.131Z] [INFO] [SocialContext] Loaded {"length": 22}
 INFO  [2026-09-09T10:16:34.132Z] [INFO] [SocialContext] Built default state for {"length": 22}
iOS Bundled 94ms node_modules/expo-router/entry.js (1 module)
 INFO  [2026-09-09T10:17:26.199Z] [INFO] [SocialContext] Built default state for {"length": 0}
 WARN  Route "./(tabs)/live/room/[roomId].tsx" is missing the required default export. Ensure a React component is exported as default.
 WARN  Route "./(tabs)/live/room/plan-constants.ts" is missing the required default export. Ensure a React component is exported as default.
 WARN  Route "./call/[roomId].tsx" is missing the required default export. Ensure a React component is exported as default.
 WARN  Route "./inbox/[notificationId].tsx" is missing the required default export. Ensure a React component is exported as default.
 WARN  Route "./inbox/conversation/[participantId].tsx" is missing the required default export. Ensure a React component is exported as default.
 INFO  [2026-09-09T10:17:26.516Z] [INFO] [RootLayout] Still loading... {"authLoading": true, "onboardingLoading": true}
 ERROR  [Error: Cannot find native module 'ExponentAV'] 

Code: audio-relay.ts
[0m [90m 12 |[39m [90m */[39m
 [90m 13 |[39m
[31m[1m>[22m[39m[90m 14 |[39m [36mimport[39m { [33mAudio[39m } [36mfrom[39m [32m'expo-av'[39m[33m;[39m
 [90m    |[39m [31m[1m^[22m[39m
 [90m 15 |[39m [36mimport[39m { [33mPlatform[39m } [36mfrom[39m [32m'react-native'[39m[33m;[39m
 [90m 16 |[39m
 [90m 17 |[39m [90m// ── Types ──[39m[0m
Call Stack
  <global> (lib/audio-relay.ts:14)
  <global> (hooks/useLiveAudio.ts:10)
  <global> (app/(tabs)/live/room/[roomId].tsx:25)
 INFO  [2026-09-09T10:17:26.523Z] [INFO] [BookingsContext] Starting to fetch all listings from Supabase...
 LOG  [DB] Fetching listings from Supabase... 
 LOG  [DB] Fetching products... 
 INFO  [2026-09-09T10:17:26.532Z] [INFO] [MarketplaceContext] Saved products are backend-only (no local state)
 LOG  [DB] Fetching posts...
 LOG  [DB] Fetching stories...
 INFO  [2026-09-09T10:17:26.546Z] [INFO] [SocialContext] Social interaction state is in-memory only
 INFO  [2026-09-09T10:17:26.546Z] [INFO] [SocialContext] Story interaction state is in-memory only
 INFO  [2026-09-09T10:17:26.547Z] [INFO] [SocialContext] User posts are loaded from Supabase posts table
 INFO  [2026-09-09T10:17:26.547Z] [INFO] [SocialContext] User stories are loaded from Supabase stories table
 INFO  [2026-09-09T10:17:26.552Z] [INFO] [Root] App mounted
 WARN  [DB] No authenticated user available — returning null
 INFO  [2026-09-09T10:17:26.565Z] [INFO] [BookingsContext] Fetching my listings for host {"hostId": ""}
 ERROR  [Error: Cannot find native module 'ExponentAV'] 

Code: audio-relay.ts
[0m [90m 12 |[39m [90m */[39m
 [90m 13 |[39m
[31m[1m>[22m[39m[90m 14 |[39m [36mimport[39m { [33mAudio[39m } [36mfrom[39m [32m'expo-av'[39m[33m;[39m
 [90m    |[39m [31m[1m^[22m[39m
 [90m 15 |[39m [36mimport[39m { [33mPlatform[39m } [36mfrom[39m [32m'react-native'[39m[33m;[39m
 [90m 16 |[39m
 [90m 17 |[39m [90m// ── Types ──[39m[0m
Call Stack
  <global> (lib/audio-relay.ts:14)
  <global> (hooks/useLiveAudio.ts:10)
  <global> (app/(tabs)/live/room/[roomId].tsx:25)
 ERROR  [Error: Cannot find native module 'ExponentAV'] 

Code: audio-relay.ts
[0m [90m 12 |[39m [90m */[39m
 [90m 13 |[39m
[31m[1m>[22m[39m[90m 14 |[39m [36mimport[39m { [33mAudio[39m } [36mfrom[39m [32m'expo-av'[39m[33m;[39m
 [90m    |[39m [31m[1m^[22m[39m
 [90m 15 |[39m [36mimport[39m { [33mPlatform[39m } [36mfrom[39m [32m'react-native'[39m[33m;[39m
 [90m 16 |[39m
 [90m 17 |[39m [90m// ── Types ──[39m[0m
Call Stack
  <global> (lib/audio-relay.ts:14)
  <global> (hooks/useLiveAudio.ts:10)
  <global> (app/(tabs)/live/room/[roomId].tsx:25)
 INFO  [2026-09-09T10:17:26.567Z] [INFO] [Auth] Auth state changed {"event": "INITIAL_SESSION", "hasSession": false}
 INFO  [2026-09-09T10:17:26.579Z] [INFO] [RootLayout] Still loading... {"authLoading": false, "onboardingLoading": true}
 INFO  [2026-09-09T10:17:26.581Z] [INFO] [BookingsContext] Hydrated favorites {"length": 0}
 INFO  [2026-09-09T10:17:26.581Z] [INFO] [BookingsContext] Hydrated rental submissions {"length": 0}
 INFO  [2026-09-09T10:17:26.581Z] [INFO] [MessagingContext] Hydrated messaging state from storage
 INFO  [2026-09-09T10:17:26.582Z] [INFO] [ConnectionsContext] Building connections from Supabase users
 LOG  [DB] Fetching users...
 INFO  [2026-09-09T10:17:26.583Z] [INFO] [Theme] Loaded saved theme {"savedTheme": "dark"}
 INFO  [2026-09-09T10:17:26.583Z] [INFO] [BookingsContext] Hydrated bookings from local {"length": 0}
 ERROR  [Error: Cannot find native module 'ExponentAV'] 

Code: audio-relay.ts
[0m [90m 12 |[39m [90m */[39m
 [90m 13 |[39m
[31m[1m>[22m[39m[90m 14 |[39m [36mimport[39m { [33mAudio[39m } [36mfrom[39m [32m'expo-av'[39m[33m;[39m
 [90m    |[39m [31m[1m^[22m[39m
 [90m 15 |[39m [36mimport[39m { [33mPlatform[39m } [36mfrom[39m [32m'react-native'[39m[33m;[39m
 [90m 16 |[39m
 [90m 17 |[39m [90m// ── Types ──[39m[0m
Call Stack
  <global> (lib/audio-relay.ts:14)
  <global> (hooks/useLiveAudio.ts:10)
  <global> (app/(tabs)/live/room/[roomId].tsx:25)
 INFO  [2026-09-09T10:17:26.620Z] [INFO] [RootLayout] Navigation check {"currentSegment": "", "hasInitialized": false, "isAuthenticated": false, "onboardingCompleted": true}
 INFO  [2026-09-09T10:17:26.621Z] [INFO] [RootLayout] Navigating to {"targetRoute": "/welcome"}
 INFO  [2026-09-09T10:17:26.743Z] [INFO] [RootLayout] Navigation check {"currentSegment": "welcome", "hasInitialized": true, "isAuthenticated": false, "onboardingCompleted": true}
 LOG  [DB] Fetched stories: 0
 INFO  [2026-09-09T10:17:26.747Z] [INFO] [SocialContext] No Supabase stories
 LOG  [DB] Fetched users: 10
 LOG  [DB] Fetched products: 0
 LOG  [DB] Fetched listings from Supabase: 0
 INFO  [2026-09-09T10:17:26.920Z] [INFO] [BookingsContext] Listings query result {"value": 0}
 INFO  [2026-09-09T10:17:26.920Z] [INFO] [BookingsContext] No listings found in Supabase
 LOG  [DB] Fetched posts: 22
 INFO  [2026-09-09T10:17:26.955Z] [INFO] [SocialContext] Fetched posts from Supabase {"length": 22}
 LOG  [DB] Fetching users...
 INFO  [2026-09-09T10:17:27.038Z] [INFO] [SocialContext] Loaded {"length": 22}
 INFO  [2026-09-09T10:17:27.040Z] [INFO] [SocialContext] Built default state for {"length": 22}
 LOG  [DB] Fetched users: 10
 INFO  [2026-09-09T10:17:27.069Z] [INFO] [SocialContext] Built default state for {"length": 22}
 INFO  [2026-09-09T10:17:27.076Z] [INFO] [SocialContext] Merged persisted interactions {"merged": 24}
 LOG  [Welcome] handleLogin
 INFO  [2026-09-09T10:17:31.651Z] [INFO] [Auth] Sign in with {"trimmedInput": "doseofitllc@gmail.com", "value": "email"}
 INFO  [2026-09-09T10:17:32.242Z] [INFO] [Auth] Auth state changed {"event": "SIGNED_IN", "hasSession": true}
 INFO  [2026-09-09T10:17:32.388Z] [INFO] [Auth] Built profile {"hasName": true, "phone": null, "userId": "d8694830-980e-43e7-9763-979eae54e1da"}
 INFO  [2026-09-09T10:17:32.431Z] [INFO] [RootLayout] Navigation check {"currentSegment": "welcome", "hasInitialized": true, "isAuthenticated": true, "onboardingCompleted": true}
 INFO  [2026-09-09T10:17:32.432Z] [INFO] [RootLayout] Navigating to {"targetRoute": "/(tabs)/(home)"}
 INFO  [2026-09-09T10:17:32.439Z] [INFO] [Planner] Fetching plans...
 INFO  [2026-09-09T10:17:32.457Z] [INFO] [Auth] Sign in successful
 LOG  [Welcome] signIn result: {"success": true}
 INFO  [2026-09-09T10:17:32.457Z] [INFO] [MessagingContext] Hydrated messaging state from storage
 LOG  Grid load: ["grabbedBundles"]
 LOG  Grid load: {"bundles": "recommend", "grabbedCount": 0}
 INFO  [2026-09-09T10:17:32.692Z] [INFO] [RootLayout] Navigation check {"currentSegment": "(tabs)", "hasInitialized": true, "isAuthenticated": true, "onboardingCompleted": true}
 INFO  [2026-09-09T10:17:32.831Z] [INFO] [Planner] Fetched plans from Supabase {"length": 9}
 ERROR  Grabbed bundles error: {"code": "42703", "details": null, "hint": null, "message": "column job_requests.proposed_budget does not exist"} 

Code: index.tsx
[0m [90m 1342 |[39m             [36mreturn[39m [][33m;[39m
 [90m 1343 |[39m           }
[31m[1m>[22m[39m[90m 1344 |[39m           console[33m.[39merror([32m'Grabbed bundles error:'[39m[33m,[39m error)[33m;[39m
 [90m      |[39m                        [31m[1m^[22m[39m
 [90m 1345 |[39m           [36mreturn[39m [][33m;[39m
 [90m 1346 |[39m         }
 [90m 1347 |[39m[0m
Call Stack
  useQuery$argument_0.queryFn (app/(tabs)/(home)/index.tsx:1344:24)
 LOG  Grid load: {"bundles": "recommend", "grabbedCount": 0}
 INFO  [2026-09-09T10:17:33.004Z] [INFO] [MessagingContext] Synced Supabase conversations {"added": 1}
 ERROR  [Error: Uncaught (in promise, id: 0) Object {
  "code": "PGRST204",
  "details": null,
  "hint": null,
  "message": "Could not find the 'view' column of 'bundles' in the schema cache",
}] Uncaught (in promise, id: 0) Object {
  "code": "PGRST204",
  "details": null,
  "hint": null,
  "message": "Could not find the 'view' column of 'bundles' in the schema cache",
}
 ERROR  [Error: Uncaught (in promise, id: 1) Object {
  "code": "PGRST204",
  "details": null,
  "hint": null,
  "message": "Could not find the 'view' column of 'skill_deals' in the schema cache",
}] Uncaught (in promise, id: 1) Object {
  "code": "PGRST204",
  "details": null,
  "hint": null,
  "message": "Could not find the 'view' column of 'skill_deals' in the schema cache",
}
 INFO  [2026-09-09T10:17:38.747Z] [INFO] [RootLayout] Navigation check {"currentSegment": "(tabs)", "hasInitialized": true, "isAuthenticated": true, "onboardingCompleted": true}
 LOG  [Profile] Error fetching grabbed bundles: column job_requests.proposed_budget does not exist
 INFO  [2026-09-09T10:17:50.835Z] [INFO] [RootLayout] Navigation check {"currentSegment": "(tabs)", "hasInitialized": true, "isAuthenticated": true, "onboardingCompleted": true}
 ERROR  [Error: Cannot find native module 'ExponentAV'] 

Code: audio-relay.ts
[0m [90m 12 |[39m [90m */[39m
 [90m 13 |[39m
[31m[1m>[22m[39m[90m 14 |[39m [36mimport[39m { [33mAudio[39m } [36mfrom[39m [32m'expo-av'[39m[33m;[39m
 [90m    |[39m [31m[1m^[22m[39m
 [90m 15 |[39m [36mimport[39m { [33mPlatform[39m } [36mfrom[39m [32m'react-native'[39m[33m;[39m
 [90m 16 |[39m
 [90m 17 |[39m [90m// ── Types ──[39m[0m
Call Stack
  <global> (lib/audio-relay.ts:14)
  <global> (hooks/useLiveAudio.ts:10)
  <global> (app/(tabs)/live/room/[roomId].tsx:25) 

Code: _layout.tsx
[0m [90m 3 |[39m [36mexport[39m [36mdefault[39m [36mfunction[39m [33mLiveLayout[39m() {
 [90m 4 |[39m   [36mreturn[39m (
[31m[1m>[22m[39m[90m 5 |[39m     [33m<[39m[33mStack[39m screenOptions[33m=[39m{{ headerShown[33m:[39m [36mfalse[39m }}[33m>[39m
 [90m   |[39m     [31m[1m^[22m[39m
 [90m 6 |[39m       [33m<[39m[33mStack[39m[33m.[39m[33mScreen[39m name[33m=[39m[32m"index"[39m [33m/[39m[33m>[39m
 [90m 7 |[39m       [33m<[39m[33mStack[39m[33m.[39m[33mScreen[39m name[33m=[39m[32m"room/[roomId]"[39m [33m/[39m[33m>[39m
 [90m 8 |[39m     [33m<[39m[33m/[39m[33mStack[39m[33m>[39m[0m
Call Stack
  LiveLayout (app/(tabs)/live/_layout.tsx:5:5)
  TabLayout (app/(tabs)/_layout.tsx:19:5)
  RootLayoutNav (app/_layout.tsx:108:5)
  RootLayoutNavWithTheme (app/_layout.tsx:146:11)
  RootLayout (app/_layout.tsx:231:47)
 LOG  [AppErrorBoundary] Caught error {"error": [TypeError: Cannot read property 'ErrorBoundary' of undefined], "errorInfo": {"componentStack": "
    at SceneView (http://hsrnekw-sharehost-8081.exp.direct/node_modules/expo-router/entry.bundle//&platform=ios&dev=true&hot=false&lazy=true&transform.engine=hermes&transform.bytecode=1&transform.routerRoot=app&unstable_transformProfile=hermes-stable:107491:3)
    at NavigationProvider (http://hsrnekw-sharehost-8081.exp.direct/node_modules/expo-router/entry.bundle//&platform=ios&dev=true&hot=false&lazy=true&transform.engine=hermes&transform.bytecode=1&transform.routerRoot=app&unstable_transformProfile=hermes-stable:105391:3)
    at RNSScreenContentWrapper (<anonymous>)
    at ScreenContentWrapper (<anonymous>)
    at DebugContainer (http://hsrnekw-sharehost-8081.exp.direct/node_modules/expo-router/entry.bundle//&platform=ios&dev=true&hot=false&lazy=true&transform.engine=hermes&transform.bytecode=1&transform.routerRoot=app&unstable_transformProfile=hermes-stable:125563:9)
    at RNSScreen (<anonymous>)
    at Animated(Anonymous) (http://hsrnekw-sharehost-8081.exp.direct/node_modules/expo-router/entry.bundle//&platform=ios&dev=true&hot=false&lazy=true&transform.engine=hermes&transform.bytecode=1&transform.routerRoot=app&unstable_transformProfile=hermes-stable:68399:29)
    at Suspender (http://hsrnekw-sharehost-8081.exp.direct/node_modules/expo-router/entry.bundle//&platform=ios&dev=true&hot=false&lazy=true&transform.engine=hermes&transform.bytecode=1&transform.routerRoot=app&unstable_transformProfile=hermes-stable:123598:3)
    at Suspense (<anonymous>)
    at Freeze (http://hsrnekw-sharehost-8081.exp.direct/node_modules/expo-router/entry.bundle//&platform=ios&dev=true&hot=false&lazy=true&transform.engine=hermes&transform.bytecode=1&transform.routerRoot=app&unstable_transformProfile=hermes-stable:123609:3)
    at DelayedFreeze (http://hsrnekw-sharehost-8081.exp.direct/node_modules/expo-router/entry.bundle//&platform=ios&dev=true&hot=false&lazy=true&transform.engine=hermes&transform.bytecode=1&transform.routerRoot=app&unstable_transformProfile=hermes-stable:123565:3)
    at InnerScreen (http://hsrnekw-sharehost-8081.exp.direct/node_modules/expo-router/entry.bundle//&platform=ios&dev=true&hot=false&lazy=true&transform.engine=hermes&transform.bytecode=1&transform.routerRoot=app&unstable_transformProfile=hermes-stable:123302:40)
    at Screen (http://hsrnekw-sharehost-8081.exp.direct/node_modules/expo-router/entry.bundle//&platform=ios&dev=true&hot=false&lazy=true&transform.engine=hermes&transform.bytecode=1&transform.routerRoot=app&unstable_transformProfile=hermes-stable:123501:49)
    at ScreenStackItem (http://hsrnekw-sharehost-8081.exp.direct/node_modules/expo-router/entry.bundle//&platform=ios&dev=true&hot=false&lazy=true&transform.engine=hermes&transform.bytecode=1&transform.routerRoot=app&unstable_transformProfile=hermes-stable:125330:3)
    at NavigationProvider (http://hsrnekw-sharehost-8081.exp.direct/node_modules/expo-router/entry.bundle//&platform=ios&dev=true&hot=false&lazy=true&transform.engine=hermes&transform.bytecode=1&transform.routerRoot=app&unstable_transformProfile=hermes-stable:105391:3)
    at SceneView (http://hsrnekw-sharehost-8081.exp.direct/node_modules/expo-router/entry.bundle//&platform=ios&dev=true&hot=false&lazy=true&transform.engine=hermes&transform.bytecode=1&transform.routerRoot=app&unstable_transformProfile=hermes-stable:133177:19)
    at RNSScreenStack (<anonymous>)
    at anonymous (http://hsrnekw-sharehost-8081.exp.direct/node_modules/expo-router/entry.bundle//&platform=ios&dev=true&hot=false&lazy=true&transform.engine=hermes&transform.bytecode=1&transform.routerRoot=app&unstable_transformProfile=hermes-stable:125217:20)
    at ScreenStack (http://hsrnekw-sharehost-8081.exp.direct/node_modules/expo-router/entry.bundle//&platform=ios&dev=true&hot=false&lazy=true&transform.engine=hermes&transform.bytecode=1&transform.routerRoot=app&unstable_transformProfile=hermes-stable:125150:7)
    at RCTView (<anonymous>)
    at View (http://hsrnekw-sharehost-8081.exp.direct/node_modules/expo-router/entry.bundle//&platform=ios&dev=true&hot=false&lazy=true&transform.engine=hermes&transform.bytecode=1&transform.routerRoot=app&unstable_transformProfile=hermes-stable:58373:3)
    at FrameSizeProvider (http://hsrnekw-sharehost-8081.exp.direct/node_modules/expo-router/entry.bundle//&platform=ios&dev=true&hot=false&lazy=true&transform.engine=hermes&transform.bytecode=1&transform.routerRoot=app&unstable_transformProfile=hermes-stable:120446:3)
    at SafeAreaProviderCompat (http://hsrnekw-sharehost-8081.exp.direct/node_modules/expo-router/entry.bundle//&platform=ios&dev=true&hot=false&lazy=true&transform.engine=hermes&transform.bytecode=1&transform.routerRoot=app&unstable_transformProfile=hermes-stable:121892:3)
    at NativeStackView (http://hsrnekw-sharehost-8081.exp.direct/node_modules/expo-router/entry.bundle//&platform=ios&dev=true&hot=false&lazy=true&transform.engine=hermes&transform.bytecode=1&transform.routerRoot=app&unstable_transformProfile=hermes-stable:133492:3)
    at PreventRemoveProvider (http://hsrnekw-sharehost-8081.exp.direct/node_modules/expo-router/entry.bundle//&platform=ios&dev=true&hot=false&lazy=true&transform.engine=hermes&transform.bytecode=1&transform.routerRoot=app&unstable_transformProfile=hermes-stable:105716:3)
    at NavigationStateListenerProvider (http://hsrnekw-sharehost-8081.exp.direct/node_modules/expo-router/entry.bundle//&platform=ios&dev=true&hot=false&lazy=true&transform.engine=hermes&transform.bytecode=1&transform.routerRoot=app&unstable_transformProfile=hermes-stable:108392:3)
    at NavigationContent (http://hsrnekw-sharehost-8081.exp.direct/node_modules/expo-router/entry.bundle//&platform=ios&dev=true&hot=false&lazy=true&transform.engine=hermes&transform.bytecode=1&transform.routerRoot=app&unstable_transformProfile=hermes-stable:107144:27)
    at anonymous (http://hsrnekw-sharehost-8081.exp.direct/node_modules/expo-router/entry.bundle//&platform=ios&dev=true&hot=false&lazy=true&transform.engine=hermes&transform.bytecode=1&transform.routerRoot=app&unstable_transformProfile=hermes-stable:107159:25)
    at NativeStackNavigator (http://hsrnekw-sharehost-8081.exp.direct/node_modules/expo-router/entry.bundle//&platform=ios&dev=true&hot=false&lazy=true&transform.engine=hermes&transform.bytecode=1&transform.routerRoot=app&unstable_transformProfile=hermes-stable:132537:3)
    at anonymous (http://hsrnekw-sharehost-8081.exp.direct/node_modules/expo-router/entry.bundle//&platform=ios&dev=true&hot=false&lazy=true&transform.engine=hermes&transform.bytecode=1&transform.routerRoot=app&unstable_transformProfile=hermes-stable:99318:50)
    at anonymous (http://hsrnekw-sharehost-8081.exp.direct/node_modules/expo-router/entry.bundle//&platform=ios&dev=true&hot=false&lazy=true&transform.engine=hermes&transform.bytecode=1&transform.routerRoot=app&unstable_transformProfile=hermes-stable:99073:56)
    at LiveLayout(./(tabs)/live/_layout.tsx) (<anonymous>)
    at WrappedScreenComponent (http://hsrnekw-sharehost-8081.exp.direct/node_modules/expo-router/entry.bundle//&platform=ios&dev=true&hot=false&lazy=true&transform.engine=hermes&transform.bytecode=1&transform.routerRoot=app&unstable_transformProfile=hermes-stable:115922:49)
    at Suspense (<anonymous>)
    at ZoomTransitionTargetContextProvider (http://hsrnekw-sharehost-8081.exp.direct/node_modules/expo-router/entry.bundle//&platform=ios&dev=true&hot=false&lazy=true&transform.engine=hermes&transform.bytecode=1&transform.routerRoot=app&unstable_transformProfile=hermes-stable:116528:3)
    at Route (http://hsrnekw-sharehost-8081.exp.direct/node_modules/expo-router/entry.bundle//&platform=ios&dev=true&hot=false&lazy=true&transform.engine=hermes&transform.bytecode=1&transform.routerRoot=app&unstable_transformProfile=hermes-stable:98503:3)
    at Route(live) (http://hsrnekw-sharehost-8081.exp.direct/node_modules/expo-router/entry.bundle//&platform=ios&dev=true&hot=false&lazy=true&transform.engine=hermes&transform.bytecode=1&transform.routerRoot=app&unstable_transformProfile=hermes-stable:115927:5)
    at StaticContainer (http://hsrnekw-sharehost-8081.exp.direct/node_modules/expo-router/entry.bundle//&platform=ios&dev=true&hot=false&lazy=true&transform.engine=hermes&transform.bytecode=1&transform.routerRoot=app&unstable_transformProfile=hermes-stable:107713:17)
    at EnsureSingleNavigator (http://hsrnekw-sharehost-8081.exp.direct/node_modules/expo-router/entry.bundle//&platform=ios&dev=true&hot=false&lazy=true&transform.engine=hermes&transform.bytecode=1&transform.routerRoot=app&unstable_transformProfile=hermes-stable:102113:3)
    at SceneView (http://hsrnekw-sharehost-8081.exp.direct/node_modules/expo-router/entry.bundle//&platform=ios&dev=true&hot=false&lazy=true&transform.engine=hermes&transform.bytecode=1&transform.routerRoot=app&unstable_transformProfile=hermes-stable:107491:3)
    at NavigationProvider (http://hsrnekw-sharehost-8081.exp.direct/node_modules/expo-router/entry.bundle//&platform=ios&dev=true&hot=false&lazy=true&transform.engine=hermes&transform.bytecode=1&transform.routerRoot=app&unstable_transformProfile=hermes-stable:105391:3)
    at RCTView (<anonymous>)
    at View (http://hsrnekw-sharehost-8081.exp.direct/node_modules/expo-router/entry.bundle//&platform=ios&dev=true&hot=false&lazy=true&transform.engine=hermes&transform.bytecode=1&transform.routerRoot=app&unstable_transformProfile=hermes-stable:58373:3)
    at RCTView (<anonymous>)
    at View (http://hsrnekw-sharehost-8081.exp.direct/node_modules/expo-router/entry.bundle//&platform=ios&dev=true&hot=false&lazy=true&transform.engine=hermes&transform.bytecode=1&transform.routerRoot=app&unstable_transformProfile=hermes-stable:58373:3)
    at Animated(View) (http://hsrnekw-sharehost-8081.exp.direct/node_modules/expo-router/entry.bundle//&platform=ios&dev=true&hot=false&lazy=true&transform.engine=hermes&transform.bytecode=1&transform.routerRoot=app&unstable_transformProfile=hermes-stable:68399:29)
    at Background (http://hsrnekw-sharehost-8081.exp.direct/node_modules/expo-router/entry.bundle//&platform=ios&dev=true&hot=false&lazy=true&transform.engine=hermes&transform.bytecode=1&transform.routerRoot=app&unstable_transformProfile=hermes-stable:117701:3)
    at Screen (http://hsrnekw-sharehost-8081.exp.direct/node_modules/expo-router/entry.bundle//&platform=ios&dev=true&hot=false&lazy=true&transform.engine=hermes&transform.bytecode=1&transform.routerRoot=app&unstable_transformProfile=hermes-stable:121993:73)
    at RNSScreen (<anonymous>)
    at Animated(Anonymous) (http://hsrnekw-sharehost-8081.exp.direct/node_modules/expo-router/entry.bundle//&platform=ios&dev=true&hot=false&lazy=true&transform.engine=hermes&transform.bytecode=1&transform.routerRoot=app&unstable_transformProfile=hermes-stable:68399:29)
    at Suspender (http://hsrnekw-sharehost-8081.exp.direct/node_modules/expo-router/entry.bundle//&platform=ios&dev=true&hot=false&lazy=true&transform.engine=hermes&transform.bytecode=1&transform.routerRoot=app&unstable_transformProfile=hermes-stable:123598:3)
    at Suspense (<anonymous>)
    at Freeze (http://hsrnekw-sharehost-8081.exp.direct/node_modules/expo-router/entry.bundle//&platform=ios&dev=true&hot=false&lazy=true&transform.engine=hermes&transform.bytecode=1&transform.routerRoot=app&unstable_transformProfile=hermes-stable:123609:3)
    at DelayedFreeze (http://hsrnekw-sharehost-8081.exp.direct/node_modules/expo-router/entry.bundle//&platform=ios&dev=true&hot=false&lazy=true&transform.engine=hermes&transform.bytecode=1&transform.routerRoot=app&unstable_transformProfile=hermes-stable:123565:3)
    at InnerScreen (http://hsrnekw-sharehost-8081.exp.direct/node_modules/expo-router/entry.bundle//&platform=ios&dev=true&hot=false&lazy=true&transform.engine=hermes&transform.bytecode=1&transform.routerRoot=app&unstable_transformProfile=hermes-stable:123302:40)
    at Screen (http://hsrnekw-sharehost-8081.exp.direct/node_modules/expo-router/entry.bundle//&platform=ios&dev=true&hot=false&lazy=true&transform.engine=hermes&transform.bytecode=1&transform.routerRoot=app&unstable_transformProfile=hermes-stable:123501:49)
    at MaybeScreen (http://hsrnekw-sharehost-8081.exp.direct/node_modules/expo-router/entry.bundle//&platform=ios&dev=true&hot=false&lazy=true&transform.engine=hermes&transform.bytecode=1&transform.routerRoot=app&unstable_transformProfile=hermes-stable:122967:3)
    at RNSScreenNavigationContainer (<anonymous>)
    at ScreenContainer (http://hsrnekw-sharehost-8081.exp.direct/node_modules/expo-router/entry.bundle//&platform=ios&dev=true&hot=false&lazy=true&transform.engine=hermes&transform.bytecode=1&transform.routerRoot=app&unstable_transformProfile=hermes-stable:125028:7)
    at MaybeScreenContainer (http://hsrnekw-sharehost-8081.exp.direct/node_modules/expo-router/entry.bundle//&platform=ios&dev=true&hot=false&lazy=true&transform.engine=hermes&transform.bytecode=1&transform.routerRoot=app&unstable_transformProfile=hermes-stable:122952:30)
    at RCTView (<anonymous>)
    at View (http://hsrnekw-sharehost-8081.exp.direct/node_modules/expo-router/entry.bundle//&platform=ios&dev=true&hot=false&lazy=true&transform.engine=hermes&transform.bytecode=1&transform.routerRoot=app&unstable_transformProfile=hermes-stable:58373:3)
    at FrameSizeProvider (http://hsrnekw-sharehost-8081.exp.direct/node_modules/expo-router/entry.bundle//&platform=ios&dev=true&hot=false&lazy=true&transform.engine=hermes&transform.bytecode=1&transform.routerRoot=app&unstable_transformProfile=hermes-stable:120446:3)
    at SafeAreaProviderCompat (http://hsrnekw-sharehost-8081.exp.direct/node_modules/expo-router/entry.bundle//&platform=ios&dev=true&hot=false&lazy=true&transform.engine=hermes&transform.bytecode=1&transform.routerRoot=app&unstable_transformProfile=hermes-stable:121892:3)
    at BottomTabView (http://hsrnekw-sharehost-8081.exp.direct/node_modules/expo-router/entry.bundle//&platform=ios&dev=true&hot=false&lazy=true&transform.engine=hermes&transform.bytecode=1&transform.routerRoot=app&unstable_transformProfile=hermes-stable:117108:7)
    at PreventRemoveProvider (http://hsrnekw-sharehost-8081.exp.direct/node_modules/expo-router/entry.bundle//&platform=ios&dev=true&hot=false&lazy=true&transform.engine=hermes&transform.bytecode=1&transform.routerRoot=app&unstable_transformProfile=hermes-stable:105716:3)
    at NavigationStateListenerProvider (http://hsrnekw-sharehost-8081.exp.direct/node_modules/expo-router/entry.bundle//&platform=ios&dev=true&hot=false&lazy=true&transform.engine=hermes&transform.bytecode=1&transform.routerRoot=app&unstable_transformProfile=hermes-stable:108392:3)
    at NavigationContent (http://hsrnekw-sharehost-8081.exp.direct/node_modules/expo-router/entry.bundle//&platform=ios&dev=true&hot=false&lazy=true&transform.engine=hermes&transform.bytecode=1&transform.routerRoot=app&unstable_transformProfile=hermes-stable:107144:27)
    at anonymous (http://hsrnekw-sharehost-8081.exp.direct/node_modules/expo-router/entry.bundle//&platform=ios&dev=true&hot=false&lazy=true&transform.engine=hermes&transform.bytecode=1&transform.routerRoot=app&unstable_transformProfile=hermes-stable:107159:25)
    at BottomTabNavigator (http://hsrnekw-sharehost-8081.exp.direct/node_modules/expo-router/entry.bundle//&platform=ios&dev=true&hot=false&lazy=true&transform.engine=hermes&transform.bytecode=1&transform.routerRoot=app&unstable_transformProfile=hermes-stable:116965:3)
    at anonymous (http://hsrnekw-sharehost-8081.exp.direct/node_modules/expo-router/entry.bundle//&platform=ios&dev=true&hot=false&lazy=true&transform.engine=hermes&transform.bytecode=1&transform.routerRoot=app&unstable_transformProfile=hermes-stable:99318:50)
    at TabLayout(./(tabs)/_layout.tsx) (http://hsrnekw-sharehost-8081.exp.direct/node_modules/expo-router/entry.bundle//&platform=ios&dev=true&hot=false&lazy=true&transform.engine=hermes&transform.bytecode=1&transform.routerRoot=app&unstable_transformProfile=hermes-stable:308670:44)
    at WrappedScreenComponent (http://hsrnekw-sharehost-8081.exp.direct/node_modules/expo-router/entry.bundle//&platform=ios&dev=true&hot=false&lazy=true&transform.engine=hermes&transform.bytecode=1&transform.routerRoot=app&unstable_transformProfile=hermes-stable:115922:49)
    at Suspense (<anonymous>)
    at ZoomTransitionTargetContextProvider (http://hsrnekw-sharehost-8081.exp.direct/node_modules/expo-router/entry.bundle//&platform=ios&dev=true&hot=false&lazy=true&transform.engine=hermes&transform.bytecode=1&transform.routerRoot=app&unstable_transformProfile=hermes-stable:116528:3)
    at Route (http://hsrnekw-sharehost-8081.exp.direct/node_modules/expo-router/entry.bundle//&platform=ios&dev=true&hot=false&lazy=true&transform.engine=hermes&transform.bytecode=1&transform.routerRoot=app&unstable_transformProfile=hermes-stable:98503:3)
    at Route((tabs)) (http://hsrnekw-sharehost-8081.exp.direct/node_modules/expo-router/entry.bundle//&platform=ios&dev=true&hot=false&lazy=true&transform.engine=hermes&transform.bytecode=1&transform.routerRoot=app&unstable_transformProfile=hermes-stable:115927:5)
    at StaticContainer (http://hsrnekw-sharehost-8081.exp.direct/node_modules/expo-router/entry.bundle//&platform=ios&dev=true&hot=false&lazy=true&transform.engine=hermes&transform.bytecode=1&transform.routerRoot=app&unstable_transformProfile=hermes-stable:107713:17)
    at EnsureSingleNavigator (http://hsrnekw-sharehost-8081.exp.direct/node_modules/expo-router/entry.bundle//&platform=ios&dev=true&hot=false&lazy=true&transform.engine=hermes&transform.bytecode=1&transform.routerRoot=app&unstable_transformProfile=hermes-stable:102113:3)
    at SceneView (http://hsrnekw-sharehost-8081.exp.direct/node_modules/expo-router/entry.bundle//&platform=ios&dev=true&hot=false&lazy=true&transform.engine=hermes&transform.bytecode=1&transform.routerRoot=app&unstable_transformProfile=hermes-stable:107491:3)
    at NavigationProvider (http://hsrnekw-sharehost-8081.exp.direct/node_modules/expo-router/entry.bundle//&platform=ios&dev=true&hot=false&lazy=true&transform.engine=hermes&transform.bytecode=1&transform.routerRoot=app&unstable_transformProfile=hermes-stable:105391:3)
    at RNSScreenContentWrapper (<anonymous>)
    at ScreenContentWrapper (<anonymous>)
    at DebugContainer (http://hsrnekw-sharehost-8081.exp.direct/node_modules/expo-router/entry.bundle//&platform=ios&dev=true&hot=false&lazy=true&transform.engine=hermes&transform.bytecode=1&transform.routerRoot=app&unstable_transformProfile=hermes-stable:125563:9)
    at RNSScreen (<anonymous>)
    at Animated(Anonymous) (http://hsrnekw-sharehost-8081.exp.direct/node_modules/expo-router/entry.bundle//&platform=ios&dev=true&hot=false&lazy=true&transform.engine=hermes&transform.bytecode=1&transform.routerRoot=app&unstable_transformProfile=hermes-stable:68399:29)
    at Suspender (http://hsrnekw-sharehost-8081.exp.direct/node_modules/expo-router/entry.bundle//&platform=ios&dev=true&hot=false&lazy=true&transform.engine=hermes&transform.bytecode=1&transform.routerRoot=app&unstable_transformProfile=hermes-stable:123598:3)
    at Suspense (<anonymous>)
    at Freeze (http://hsrnekw-sharehost-8081.exp.direct/node_modules/expo-router/entry.bundle//&platform=ios&dev=true&hot=false&lazy=true&transform.engine=hermes&transform.bytecode=1&transform.routerRoot=app&unstable_transformProfile=hermes-stable:123609:3)
    at DelayedFreeze (http://hsrnekw-sharehost-8081.exp.direct/node_modules/expo-router/entry.bundle//&platform=ios&dev=true&hot=false&lazy=true&transform.engine=hermes&transform.bytecode=1&transform.routerRoot=app&unstable_transformProfile=hermes-stable:123565:3)
    at InnerScreen (http://hsrnekw-sharehost-8081.exp.direct/node_modules/expo-router/entry.bundle//&platform=ios&dev=true&hot=false&lazy=true&transform.engine=hermes&transform.bytecode=1&transform.routerRoot=app&unstable_transformProfile=hermes-stable:123302:40)
    at Screen (http://hsrnekw-sharehost-8081.exp.direct/node_modules/expo-router/entry.bundle//&platform=ios&dev=true&hot=false&lazy=true&transform.engine=hermes&transform.bytecode=1&transform.routerRoot=app&unstable_transformProfile=hermes-stable:123501:49)
    at ScreenStackItem (http://hsrnekw-sharehost-8081.exp.direct/node_modules/expo-router/entry.bundle//&platform=ios&dev=true&hot=false&lazy=true&transform.engine=hermes&transform.bytecode=1&transform.routerRoot=app&unstable_transformProfile=hermes-stable:125330:3)
    at NavigationProvider (http://hsrnekw-sharehost-8081.exp.direct/node_modules/expo-router/entry.bundle//&platform=ios&dev=true&hot=false&lazy=true&transform.engine=hermes&transform.bytecode=1&transform.routerRoot=app&unstable_transformProfile=hermes-stable:105391:3)
    at SceneView (http://hsrnekw-sharehost-8081.exp.direct/node_modules/expo-router/entry.bundle//&platform=ios&dev=true&hot=false&lazy=true&transform.engine=hermes&transform.bytecode=1&transform.routerRoot=app&unstable_transformProfile=hermes-stable:133177:19)
    at RNSScreenStack (<anonymous>)
    at anonymous (http://hsrnekw-sharehost-8081.exp.direct/node_modules/expo-router/entry.bundle//&platform=ios&dev=true&hot=false&lazy=true&transform.engine=hermes&transform.bytecode=1&transform.routerRoot=app&unstable_transformProfile=hermes-stable:125217:20)
    at ScreenStack (http://hsrnekw-sharehost-8081.exp.direct/node_modules/expo-router/entry.bundle//&platform=ios&dev=true&hot=false&lazy=true&transform.engine=hermes&transform.bytecode=1&transform.routerRoot=app&unstable_transformProfile=hermes-stable:125150:7)
    at RCTView (<anonymous>)
    at View (http://hsrnekw-sharehost-8081.exp.direct/node_modules/expo-router/entry.bundle//&platform=ios&dev=true&hot=false&lazy=true&transform.engine=hermes&transform.bytecode=1&transform.routerRoot=app&unstable_transformProfile=hermes-stable:58373:3)
    at FrameSizeProvider (http://hsrnekw-sharehost-8081.exp.direct/node_modules/expo-router/entry.bundle//&platform=ios&dev=true&hot=false&lazy=true&transform.engine=hermes&transform.bytecode=1&transform.routerRoot=app&unstable_transformProfile=hermes-stable:120446:3)
    at SafeAreaProviderCompat (http://hsrnekw-sharehost-8081.exp.direct/node_modules/expo-router/entry.bundle//&platform=ios&dev=true&hot=false&lazy=true&transform.engine=hermes&transform.bytecode=1&transform.routerRoot=app&unstable_transformProfile=hermes-stable:121892:3)
    at NativeStackView (http://hsrnekw-sharehost-8081.exp.direct/node_modules/expo-router/entry.bundle//&platform=ios&dev=true&hot=false&lazy=true&transform.engine=hermes&transform.bytecode=1&transform.routerRoot=app&unstable_transformProfile=hermes-stable:133492:3)
    at PreventRemoveProvider (http://hsrnekw-sharehost-8081.exp.direct/node_modules/expo-router/entry.bundle//&platform=ios&dev=true&hot=false&lazy=true&transform.engine=hermes&transform.bytecode=1&transform.routerRoot=app&unstable_transformProfile=hermes-stable:105716:3)
    at NavigationStateListenerProvider (http://hsrnekw-sharehost-8081.exp.direct/node_modules/expo-router/entry.bundle//&platform=ios&dev=true&hot=false&lazy=true&transform.engine=hermes&transform.bytecode=1&transform.routerRoot=app&unstable_transformProfile=hermes-stable:108392:3)
    at NavigationContent (http://hsrnekw-sharehost-8081.exp.direct/node_modules/expo-router/entry.bundle//&platform=ios&dev=true&hot=false&lazy=true&transform.engine=hermes&transform.bytecode=1&transform.routerRoot=app&unstable_transformProfile=hermes-stable:107144:27)
    at anonymous (http://hsrnekw-sharehost-8081.exp.direct/node_modules/expo-router/entry.bundle//&platform=ios&dev=true&hot=false&lazy=true&transform.engine=hermes&transform.bytecode=1&transform.routerRoot=app&unstable_transformProfile=hermes-stable:107159:25)
    at NativeStackNavigator (http://hsrnekw-sharehost-8081.exp.direct/node_modules/expo-router/entry.bundle//&platform=ios&dev=true&hot=false&lazy=true&transform.engine=hermes&transform.bytecode=1&transform.routerRoot=app&unstable_transformProfile=hermes-stable:132537:3)
    at anonymous (http://hsrnekw-sharehost-8081.exp.direct/node_modules/expo-router/entry.bundle//&platform=ios&dev=true&hot=false&lazy=true&transform.engine=hermes&transform.bytecode=1&transform.routerRoot=app&unstable_transformProfile=hermes-stable:99318:50)
    at anonymous (http://hsrnekw-sharehost-8081.exp.direct/node_modules/expo-router/entry.bundle//&platform=ios&dev=true&hot=false&lazy=true&transform.engine=hermes&transform.bytecode=1&transform.routerRoot=app&unstable_transformProfile=hermes-stable:99073:56)
    at RootLayoutNav (http://hsrnekw-sharehost-8081.exp.direct/node_modules/expo-router/entry.bundle//&platform=ios&dev=true&hot=false&lazy=true&transform.engine=hermes&transform.bytecode=1&transform.routerRoot=app&unstable_transformProfile=hermes-stable:345526:48)
    at RCTView (<anonymous>)
    at View (http://hsrnekw-sharehost-8081.exp.direct/node_modules/expo-router/entry.bundle//&platform=ios&dev=true&hot=false&lazy=true&transform.engine=hermes&transform.bytecode=1&transform.routerRoot=app&unstable_transformProfile=hermes-stable:58373:3)
    at KeyboardAvoidingView (http://hsrnekw-sharehost-8081.exp.direct/node_modules/expo-router/entry.bundle//&platform=ios&dev=true&hot=false&lazy=true&transform.engine=hermes&transform.bytecode=1&transform.routerRoot=app&unstable_transformProfile=hermes-stable:74629:12)
    at RCTView (<anonymous>)
    at View (http://hsrnekw-sharehost-8081.exp.direct/node_modules/expo-router/entry.bundle//&platform=ios&dev=true&hot=false&lazy=true&transform.engine=hermes&transform.bytecode=1&transform.routerRoot=app&unstable_transformProfile=hermes-stable:58373:3)
    at RootLayoutNavWithTheme (http://hsrnekw-sharehost-8081.exp.direct/node_modules/expo-router/entry.bundle//&platform=ios&dev=true&hot=false&lazy=true&transform.engine=hermes&transform.bytecode=1&transform.routerRoot=app&unstable_transformProfile=hermes-stable:345638:44)
    at AppErrorBoundary (http://hsrnekw-sharehost-8081.exp.direct/node_modules/expo-router/entry.bundle//&platform=ios&dev=true&hot=false&lazy=true&transform.engine=hermes&transform.bytecode=1&transform.routerRoot=app&unstable_transformProfile=hermes-stable:400550:3)
    at anonymous (http://hsrnekw-sharehost-8081.exp.direct/node_modules/expo-router/entry.bundle//&platform=ios&dev=true&hot=false&lazy=true&transform.engine=hermes&transform.bytecode=1&transform.routerRoot=app&unstable_transformProfile=hermes-stable:267995:13)
    at OrdersProvider (http://hsrnekw-sharehost-8081.exp.direct/node_modules/expo-router/entry.bundle//&platform=ios&dev=true&hot=false&lazy=true&transform.engine=hermes&transform.bytecode=1&transform.routerRoot=app&unstable_transformProfile=hermes-stable:337372:3)
    at anonymous (http://hsrnekw-sharehost-8081.exp.direct/node_modules/expo-router/entry.bundle//&platform=ios&dev=true&hot=false&lazy=true&transform.engine=hermes&transform.bytecode=1&transform.routerRoot=app&unstable_transformProfile=hermes-stable:267995:13)
    at anonymous (http://hsrnekw-sharehost-8081.exp.direct/node_modules/expo-router/entry.bundle//&platform=ios&dev=true&hot=false&lazy=true&transform.engine=hermes&transform.bytecode=1&transform.routerRoot=app&unstable_transformProfile=hermes-stable:267995:13)
    at anonymous (http://hsrnekw-sharehost-8081.exp.direct/node_modules/expo-router/entry.bundle//&platform=ios&dev=true&hot=false&lazy=true&transform.engine=hermes&transform.bytecode=1&transform.routerRoot=app&unstable_transformProfile=hermes-stable:267995:13)
    at anonymous (http://hsrnekw-sharehost-8081.exp.direct/node_modules/expo-router/entry.bundle//&platform=ios&dev=true&hot=false&lazy=true&transform.engine=hermes&transform.bytecode=1&transform.routerRoot=app&unstable_transformProfile=hermes-stable:267995:13)
    at PlanProvider (http://hsrnekw-sharehost-8081.exp.direct/node_modules/expo-router/entry.bundle//&platform=ios&dev=true&hot=false&lazy=true&transform.engine=hermes&transform.bytecode=1&transform.routerRoot=app&unstable_transformProfile=hermes-stable:325073:3)
    at RoomProvider (http://hsrnekw-sharehost-8081.exp.direct/node_modules/expo-router/entry.bundle//&platform=ios&dev=true&hot=false&lazy=true&transform.engine=hermes&transform.bytecode=1&transform.routerRoot=app&unstable_transformProfile=hermes-stable:321550:3)
    at ServiceRequestProvider (http://hsrnekw-sharehost-8081.exp.direct/node_modules/expo-router/entry.bundle//&platform=ios&dev=true&hot=false&lazy=true&transform.engine=hermes&transform.bytecode=1&transform.routerRoot=app&unstable_transformProfile=hermes-stable:308294:3)
    at SkillProvider (http://hsrnekw-sharehost-8081.exp.direct/node_modules/expo-router/entry.bundle//&platform=ios&dev=true&hot=false&lazy=true&transform.engine=hermes&transform.bytecode=1&transform.routerRoot=app&unstable_transformProfile=hermes-stable:307902:3)
    at BundleProvider (http://hsrnekw-sharehost-8081.exp.direct/node_modules/expo-router/entry.bundle//&platform=ios&dev=true&hot=false&lazy=true&transform.engine=hermes&transform.bytecode=1&transform.routerRoot=app&unstable_transformProfile=hermes-stable:294771:3)
    at anonymous (http://hsrnekw-sharehost-8081.exp.direct/node_modules/expo-router/entry.bundle//&platform=ios&dev=true&hot=false&lazy=true&transform.engine=hermes&transform.bytecode=1&transform.routerRoot=app&unstable_transformProfile=hermes-stable:267995:13)
    at anonymous (http://hsrnekw-sharehost-8081.exp.direct/node_modules/expo-router/entry.bundle//&platform=ios&dev=true&hot=false&lazy=true&transform.engine=hermes&transform.bytecode=1&transform.routerRoot=app&unstable_transformProfile=hermes-stable:267995:13)
    at UserPostsProvider (http://hsrnekw-sharehost-8081.exp.direct/node_modules/expo-router/entry.bundle//&platform=ios&dev=true&hot=false&lazy=true&transform.engine=hermes&transform.bytecode=1&transform.routerRoot=app&unstable_transformProfile=hermes-stable:317249:3)
    at anonymous (http://hsrnekw-sharehost-8081.exp.direct/node_modules/expo-router/entry.bundle//&platform=ios&dev=true&hot=false&lazy=true&transform.engine=hermes&transform.bytecode=1&transform.routerRoot=app&unstable_transformProfile=hermes-stable:267995:13)
    at anonymous (http://hsrnekw-sharehost-8081.exp.direct/node_modules/expo-router/entry.bundle//&platform=ios&dev=true&hot=false&lazy=true&transform.engine=hermes&transform.bytecode=1&transform.routerRoot=app&unstable_transformProfile=hermes-stable:267995:13)
    at anonymous (http://hsrnekw-sharehost-8081.exp.direct/node_modules/expo-router/entry.bundle//&platform=ios&dev=true&hot=false&lazy=true&transform.engine=hermes&transform.bytecode=1&transform.routerRoot=app&unstable_transformProfile=hermes-stable:267995:13)
    at RNCSafeAreaProvider (<anonymous>)
    at SafeAreaProvider (http://hsrnekw-sharehost-8081.exp.direct/node_modules/expo-router/entry.bundle//&platform=ios&dev=true&hot=false&lazy=true&transform.engine=hermes&transform.bytecode=1&transform.routerRoot=app&unstable_transformProfile=hermes-stable:98116:3)
    at RCTView (<anonymous>)
    at View (http://hsrnekw-sharehost-8081.exp.direct/node_modules/expo-router/entry.bundle//&platform=ios&dev=true&hot=false&lazy=true&transform.engine=hermes&transform.bytecode=1&transform.routerRoot=app&unstable_transformProfile=hermes-stable:58373:3)
    at GestureHandlerRootView (http://hsrnekw-sharehost-8081.exp.direct/node_modules/expo-router/entry.bundle//&platform=ios&dev=true&hot=false&lazy=true&transform.engine=hermes&transform.bytecode=1&transform.routerRoot=app&unstable_transformProfile=hermes-stable:390702:3)
    at QueryClientProvider (http://hsrnekw-sharehost-8081.exp.direct/node_modules/expo-router/entry.bundle//&platform=ios&dev=true&hot=false&lazy=true&transform.engine=hermes&transform.bytecode=1&transform.routerRoot=app&unstable_transformProfile=hermes-stable:272922:29)
    at TRPCProvider (http://hsrnekw-sharehost-8081.exp.direct/node_modules/expo-router/entry.bundle//&platform=ios&dev=true&hot=false&lazy=true&transform.engine=hermes&transform.bytecode=1&transform.routerRoot=app&unstable_transformProfile=hermes-stable:300481:9)
    at ProviderErrorBoundary (http://hsrnekw-sharehost-8081.exp.direct/node_modules/expo-router/entry.bundle//&platform=ios&dev=true&hot=false&lazy=true&transform.engine=hermes&transform.bytecode=1&transform.routerRoot=app&unstable_transformProfile=hermes-stable:345671:12)
    at RootLayout(./_layout.tsx) (http://hsrnekw-sharehost-8081.exp.direct/node_modules/expo-router/entry.bundle//&platform=ios&dev=true&hot=false&lazy=true&transform.engine=hermes&transform.bytecode=1&transform.routerRoot=app&unstable_transformProfile=hermes-stable:345740:26)
    at WrappedScreenComponent (http://hsrnekw-sharehost-8081.exp.direct/node_modules/expo-router/entry.bundle//&platform=ios&dev=true&hot=false&lazy=true&transform.engine=hermes&transform.bytecode=1&transform.routerRoot=app&unstable_transformProfile=hermes-stable:115922:49)
    at Suspense (<anonymous>)
    at ZoomTransitionTargetContextProvider (http://hsrnekw-sharehost-8081.exp.direct/node_modules/expo-router/entry.bundle//&platform=ios&dev=true&hot=false&lazy=true&transform.engine=hermes&transform.bytecode=1&transform.routerRoot=app&unstable_transformProfile=hermes-stable:116528:3)
    at Route (http://hsrnekw-sharehost-8081.exp.direct/node_modules/expo-router/entry.bundle//&platform=ios&dev=true&hot=false&lazy=true&transform.engine=hermes&transform.bytecode=1&transform.routerRoot=app&unstable_transformProfile=hermes-stable:98503:3)
    at Route() (http://hsrnekw-sharehost-8081.exp.direct/node_modules/expo-router/entry.bundle//&platform=ios&dev=true&hot=false&lazy=true&transform.engine=hermes&transform.bytecode=1&transform.routerRoot=app&unstable_transformProfile=hermes-stable:115927:5)
    at StaticContainer (http://hsrnekw-sharehost-8081.exp.direct/node_modules/expo-router/entry.bundle//&platform=ios&dev=true&hot=false&lazy=true&transform.engine=hermes&transform.bytecode=1&transform.routerRoot=app&unstable_transformProfile=hermes-stable:107713:17)
    at EnsureSingleNavigator (http://hsrnekw-sharehost-8081.exp.direct/node_modules/expo-router/entry.bundle//&platform=ios&dev=true&hot=false&lazy=true&transform.engine=hermes&transform.bytecode=1&transform.routerRoot=app&unstable_transformProfile=hermes-stable:102113:3)
    at SceneView (http://hsrnekw-sharehost-8081.exp.direct/node_modules/expo-router/entry.bundle//&platform=ios&dev=true&hot=false&lazy=true&transform.engine=hermes&transform.bytecode=1&transform.routerRoot=app&unstable_transformProfile=hermes-stable:107491:3)
    at NavigationProvider (http://hsrnekw-sharehost-8081.exp.direct/node_modules/expo-router/entry.bundle//&platform=ios&dev=true&hot=false&lazy=true&transform.engine=hermes&transform.bytecode=1&transform.routerRoot=app&unstable_transformProfile=hermes-stable:105391:3)
    at PreventRemoveProvider (http://hsrnekw-sharehost-8081.exp.direct/node_modules/expo-router/entry.bundle//&platform=ios&dev=true&hot=false&lazy=true&transform.engine=hermes&transform.bytecode=1&transform.routerRoot=app&unstable_transformProfile=hermes-stable:105716:3)
    at NavigationStateListenerProvider (http://hsrnekw-sharehost-8081.exp.direct/node_modules/expo-router/entry.bundle//&platform=ios&dev=true&hot=false&lazy=true&transform.engine=hermes&transform.bytecode=1&transform.routerRoot=app&unstable_transformProfile=hermes-stable:108392:3)
    at NavigationContent (http://hsrnekw-sharehost-8081.exp.direct/node_modules/expo-router/entry.bundle//&platform=ios&dev=true&hot=false&lazy=true&transform.engine=hermes&transform.bytecode=1&transform.routerRoot=app&unstable_transformProfile=hermes-stable:107144:27)
    at anonymous (http://hsrnekw-sharehost-8081.exp.direct/node_modules/expo-router/entry.bundle//&platform=ios&dev=true&hot=false&lazy=true&transform.engine=hermes&transform.bytecode=1&transform.routerRoot=app&unstable_transformProfile=hermes-stable:107159:25)
    at Content (http://hsrnekw-sharehost-8081.exp.direct/node_modules/expo-router/entry.bundle//&platform=ios&dev=true&hot=false&lazy=true&transform.engine=hermes&transform.bytecode=1&transform.routerRoot=app&unstable_transformProfile=hermes-stable:136774:43)
    at RNCSafeAreaProvider (<anonymous>)
    at SafeAreaProvider (http://hsrnekw-sharehost-8081.exp.direct/node_modules/expo-router/entry.bundle//&platform=ios&dev=true&hot=false&lazy=true&transform.engine=hermes&transform.bytecode=1&transform.routerRoot=app&unstable_transformProfile=hermes-stable:98116:3)
    at LinkPreviewContextProvider (http://hsrnekw-sharehost-8081.exp.direct/node_modules/expo-router/entry.bundle//&platform=ios&dev=true&hot=false&lazy=true&transform.engine=hermes&transform.bytecode=1&transform.routerRoot=app&unstable_transformProfile=hermes-stable:130350:3)
    at anonymous (http://hsrnekw-sharehost-8081.exp.direct/node_modules/expo-router/entry.bundle//&platform=ios&dev=true&hot=false&lazy=true&transform.engine=hermes&transform.bytecode=1&transform.routerRoot=app&unstable_transformProfile=hermes-stable:136666:46)
    at ThemeProvider (http://hsrnekw-sharehost-8081.exp.direct/node_modules/expo-router/entry.bundle//&platform=ios&dev=true&hot=false&lazy=true&transform.engine=hermes&transform.bytecode=1&transform.routerRoot=app&unstable_transformProfile=hermes-stable:102608:3)
    at EnsureSingleNavigator (http://hsrnekw-sharehost-8081.exp.direct/node_modules/expo-router/entry.bundle//&platform=ios&dev=true&hot=false&lazy=true&transform.engine=hermes&transform.bytecode=1&transform.routerRoot=app&unstable_transformProfile=hermes-stable:102113:3)
    at BaseNavigationContainer (http://hsrnekw-sharehost-8081.exp.direct/node_modules/expo-router/entry.bundle//&platform=ios&dev=true&hot=false&lazy=true&transform.engine=hermes&transform.bytecode=1&transform.routerRoot=app&unstable_transformProfile=hermes-stable:100309:3)
    at NavigationContainerInner (http://hsrnekw-sharehost-8081.exp.direct/node_modules/expo-router/entry.bundle//&platform=ios&dev=true&hot=false&lazy=true&transform.engine=hermes&transform.bytecode=1&transform.routerRoot=app&unstable_transformProfile=hermes-stable:136946:3)
    at ContextNavigator (http://hsrnekw-sharehost-8081.exp.direct/node_modules/expo-router/entry.bundle//&platform=ios&dev=true&hot=false&lazy=true&transform.engine=hermes&transform.bytecode=1&transform.routerRoot=app&unstable_transformProfile=hermes-stable:136692:3)
    at ExpoRoot (http://hsrnekw-sharehost-8081.exp.direct/node_modules/expo-router/entry.bundle//&platform=ios&dev=true&hot=false&lazy=true&transform.engine=hermes&transform.bytecode=1&transform.routerRoot=app&unstable_transformProfile=hermes-stable:136656:3)
    at App (<anonymous>)
    at withDevTools(App) (http://hsrnekw-sharehost-8081.exp.direct/node_modules/expo-router/entry.bundle//&platform=ios&dev=true&hot=false&lazy=true&transform.engine=hermes&transform.bytecode=1&transform.routerRoot=app&unstable_transformProfile=hermes-stable:92579:27)
    at RCTView (<anonymous>)
    at View (http://hsrnekw-sharehost-8081.exp.direct/node_modules/expo-router/entry.bundle//&platform=ios&dev=true&hot=false&lazy=true&transform.engine=hermes&transform.bytecode=1&transform.routerRoot=app&unstable_transformProfile=hermes-stable:58373:3)
    at RCTView (<anonymous>)
    at View (http://hsrnekw-sharehost-8081.exp.direct/node_modules/expo-router/entry.bundle//&platform=ios&dev=true&hot=false&lazy=true&transform.engine=hermes&transform.bytecode=1&transform.routerRoot=app&unstable_transformProfile=hermes-stable:58373:3)
    at AppContainer (http://hsrnekw-sharehost-8081.exp.direct/node_modules/expo-router/entry.bundle//&platform=ios&dev=true&hot=false&lazy=true&transform.engine=hermes&transform.bytecode=1&transform.routerRoot=app&unstable_transformProfile=hermes-stable:58182:22)
    at main(RootComponent) (http://hsrnekw-sharehost-8081.exp.direct/node_modules/expo-router/entry.bundle//&platform=ios&dev=true&hot=false&lazy=true&transform.engine=hermes&transform.bytecode=1&transform.routerRoot=app&unstable_transformProfile=hermes-stable:81696:34)"}}
 ERROR  [Error: Cannot find native module 'ExponentAV'] 

Code: audio-relay.ts
[0m [90m 12 |[39m [90m */[39m
 [90m 13 |[39m
[31m[1m>[22m[39m[90m 14 |[39m [36mimport[39m { [33mAudio[39m } [36mfrom[39m [32m'expo-av'[39m[33m;[39m
 [90m    |[39m [31m[1m^[22m[39m
 [90m 15 |[39m [36mimport[39m { [33mPlatform[39m } [36mfrom[39m [32m'react-native'[39m[33m;[39m
 [90m 16 |[39m
 [90m 17 |[39m [90m// ── Types ──[39m[0m
Call Stack
  <global> (lib/audio-relay.ts:14)
  <global> (hooks/useLiveAudio.ts:10)
  <global> (app/(tabs)/live/room/[roomId].tsx:25) 

Code: _layout.tsx
[0m [90m 3 |[39m [36mexport[39m [36mdefault[39m [36mfunction[39m [33mLiveLayout[39m() {
 [90m 4 |[39m   [36mreturn[39m (
[31m[1m>[22m[39m[90m 5 |[39m     [33m<[39m[33mStack[39m screenOptions[33m=[39m{{ headerShown[33m:[39m [36mfalse[39m }}[33m>[39m
 [90m   |[39m     [31m[1m^[22m[39m
 [90m 6 |[39m       [33m<[39m[33mStack[39m[33m.[39m[33mScreen[39m name[33m=[39m[32m"index"[39m [33m/[39m[33m>[39m
 [90m 7 |[39m       [33m<[39m[33mStack[39m[33m.[39m[33mScreen[39m name[33m=[39m[32m"room/[roomId]"[39m [33m/[39m[33m>[39m
 [90m 8 |[39m     [33m<[39m[33m/[39m[33mStack[39m[33m>[39m[0m
Call Stack
  LiveLayout (app/(tabs)/live/_layout.tsx:5:5)
  TabLayout (app/(tabs)/_layout.tsx:19:5)
  RootLayoutNav (app/_layout.tsx:108:5)
  RootLayoutNavWithTheme (app/_layout.tsx:146:11)
  RootLayout (app/_layout.tsx:231:47)
 ERROR  [TypeError: Cannot read property 'ErrorBoundary' of undefined] 

Code: _layout.tsx
[0m [90m 3 |[39m [36mexport[39m [36mdefault[39m [36mfunction[39m [33mLiveLayout[39m() {
 [90m 4 |[39m   [36mreturn[39m (
[31m[1m>[22m[39m[90m 5 |[39m     [33m<[39m[33mStack[39m screenOptions[33m=[39m{{ headerShown[33m:[39m [36mfalse[39m }}[33m>[39m
 [90m   |[39m     [31m[1m^[22m[39m
 [90m 6 |[39m       [33m<[39m[33mStack[39m[33m.[39m[33mScreen[39m name[33m=[39m[32m"index"[39m [33m/[39m[33m>[39m
 [90m 7 |[39m       [33m<[39m[33mStack[39m[33m.[39m[33mScreen[39m name[33m=[39m[32m"room/[roomId]"[39m [33m/[39m[33m>[39m
 [90m 8 |[39m     [33m<[39m[33m/[39m[33mStack[39m[33m>[39m[0m
Call Stack
  LiveLayout (app/(tabs)/live/_layout.tsx:5:5)
  TabLayout (app/(tabs)/_layout.tsx:19:5)
  RootLayoutNav (app/_layout.tsx:108:5)
  RootLayoutNavWithTheme (app/_layout.tsx:146:11)
  RootLayout (app/_layout.tsx:231:47)
 INFO  [2026-09-09T10:17:55.497Z] [INFO] [RootLayout] Navigation check {"currentSegment": "", "hasInitialized": false, "isAuthenticated": true, "onboardingCompleted": true}
 INFO  [2026-09-09T10:17:55.499Z] [INFO] [RootLayout] Navigating to {"targetRoute": "/(tabs)/(home)"}
 INFO  [2026-09-09T10:17:55.510Z] [INFO] [RootLayout] Navigation check {"currentSegment": "welcome", "hasInitialized": false, "isAuthenticated": true, "onboardingCompleted": true}
 INFO  [2026-09-09T10:17:55.511Z] [INFO] [RootLayout] Navigating to {"targetRoute": "/(tabs)/(home)"}
 LOG  Grid load: ["grabbedBundles"]
 LOG  Grid load: {"bundles": "recommend", "grabbedCount": 0}
 INFO  [2026-09-09T10:17:55.607Z] [INFO] [RootLayout] Navigation check {"currentSegment": "(tabs)", "hasInitialized": true, "isAuthenticated": true, "onboardingCompleted": true}
 ERROR  Grabbed bundles error: {"code": "42703", "details": null, "hint": null, "message": "column job_requests.proposed_budget does not exist"} 

Code: index.tsx
[0m [90m 1342 |[39m             [36mreturn[39m [][33m;[39m
 [90m 1343 |[39m           }
[31m[1m>[22m[39m[90m 1344 |[39m           console[33m.[39merror([32m'Grabbed bundles error:'[39m[33m,[39m error)[33m;[39m
 [90m      |[39m                        [31m[1m^[22m[39m
 [90m 1345 |[39m           [36mreturn[39m [][33m;[39m
 [90m 1346 |[39m         }
 [90m 1347 |[39m[0m
Call Stack
  useQuery$argument_0.queryFn (app/(tabs)/(home)/index.tsx:1344:24)
 ERROR  [Error: Uncaught (in promise, id: 2) Object {
  "code": "PGRST204",
  "details": null,
  "hint": null,
  "message": "Could not find the 'view' column of 'bundles' in the schema cache",
}] Uncaught (in promise, id: 2) Object {
  "code": "PGRST204",
  "details": null,
  "hint": null,
  "message": "Could not find the 'view' column of 'bundles' in the schema cache",
}
 ERROR  [Error: Uncaught (in promise, id: 3) Object {
  "code": "PGRST204",
  "details": null,
  "hint": null,
  "message": "Could not find the 'view' column of 'skill_deals' in the schema cache",
}] Uncaught (in promise, id: 3) Object {
  "code": "PGRST204",
  "details": null,
  "hint": null,
  "message": "Could not find the 'view' column of 'skill_deals' in the schema cache",
}
 INFO  [2026-09-09T10:17:59.463Z] [INFO] [RootLayout] Navigation check {"currentSegment": "(tabs)", "hasInitialized": true, "isAuthenticated": true, "onboardingCompleted": true}
 LOG  [Profile] Error fetching grabbed bundles: column job_requests.proposed_budget does not exist
 INFO  [2026-09-09T10:18:01.453Z] [INFO] [RootLayout] Navigation check {"currentSegment": "(tabs)", "hasInitialized": true, "isAuthenticated": true, "onboardingCompleted": true}
 ERROR  [Error: Cannot find native module 'ExponentAV'] 

Code: audio-relay.ts
[0m [90m 12 |[39m [90m */[39m
 [90m 13 |[39m
[31m[1m>[22m[39m[90m 14 |[39m [36mimport[39m { [33mAudio[39m } [36mfrom[39m [32m'expo-av'[39m[33m;[39m
 [90m    |[39m [31m[1m^[22m[39m
 [90m 15 |[39m [36mimport[39m { [33mPlatform[39m } [36mfrom[39m [32m'react-native'[39m[33m;[39m
 [90m 16 |[39m
 [90m 17 |[39m [90m// ── Types ──[39m[0m
Call Stack
  <global> (lib/audio-relay.ts:14)
  <global> (hooks/useLiveAudio.ts:10)
  <global> (app/(tabs)/live/room/[roomId].tsx:25) 

Code: _layout.tsx
[0m [90m 3 |[39m [36mexport[39m [36mdefault[39m [36mfunction[39m [33mLiveLayout[39m() {
 [90m 4 |[39m   [36mreturn[39m (
[31m[1m>[22m[39m[90m 5 |[39m     [33m<[39m[33mStack[39m screenOptions[33m=[39m{{ headerShown[33m:[39m [36mfalse[39m }}[33m>[39m
 [90m   |[39m     [31m[1m^[22m[39m
 [90m 6 |[39m       [33m<[39m[33mStack[39m[33m.[39m[33mScreen[39m name[33m=[39m[32m"index"[39m [33m/[39m[33m>[39m
 [90m 7 |[39m       [33m<[39m[33mStack[39m[33m.[39m[33mScreen[39m name[33m=[39m[32m"room/[roomId]"[39m [33m/[39m[33m>[39m
 [90m 8 |[39m     [33m<[39m[33m/[39m[33mStack[39m[33m>[39m[0m
Call Stack
  LiveLayout (app/(tabs)/live/_layout.tsx:5:5)
  TabLayout (app/(tabs)/_layout.tsx:19:5)
  RootLayoutNav (app/_layout.tsx:108:5)
  RootLayoutNavWithTheme (app/_layout.tsx:146:11)
  RootLayout (app/_layout.tsx:231:47)
 ERROR  [Error: Cannot find native module 'ExponentAV'] 

Code: audio-relay.ts
[0m [90m 12 |[39m [90m */[39m
 [90m 13 |[39m
[31m[1m>[22m[39m[90m 14 |[39m [36mimport[39m { [33mAudio[39m } [36mfrom[39m [32m'expo-av'[39m[33m;[39m
 [90m    |[39m [31m[1m^[22m[39m
 [90m 15 |[39m [36mimport[39m { [33mPlatform[39m } [36mfrom[39m [32m'react-native'[39m[33m;[39m
 [90m 16 |[39m
 [90m 17 |[39m [90m// ── Types ──[39m[0m
Call Stack
  <global> (lib/audio-relay.ts:14)
  <global> (hooks/useLiveAudio.ts:10)
  <global> (app/(tabs)/live/room/[roomId].tsx:25) 

Code: _layout.tsx
[0m [90m 3 |[39m [36mexport[39m [36mdefault[39m [36mfunction[39m [33mLiveLayout[39m() {
 [90m 4 |[39m   [36mreturn[39m (
[31m[1m>[22m[39m[90m 5 |[39m     [33m<[39m[33mStack[39m screenOptions[33m=[39m{{ headerShown[33m:[39m [36mfalse[39m }}[33m>[39m
 [90m   |[39m     [31m[1m^[22m[39m
 [90m 6 |[39m       [33m<[39m[33mStack[39m[33m.[39m[33mScreen[39m name[33m=[39m[32m"index"[39m [33m/[39m[33m>[39m
 [90m 7 |[39m       [33m<[39m[33mStack[39m[33m.[39m[33mScreen[39m name[33m=[39m[32m"room/[roomId]"[39m [33m/[39m[33m>[39m
 [90m 8 |[39m     [33m<[39m[33m/[39m[33mStack[39m[33m>[39m[0m
Call Stack
  LiveLayout (app/(tabs)/live/_layout.tsx:5:5)
  TabLayout (app/(tabs)/_layout.tsx:19:5)
  RootLayoutNav (app/_layout.tsx:108:5)
  RootLayoutNavWithTheme (app/_layout.tsx:146:11)
  RootLayout (app/_layout.tsx:231:47)
 LOG  [AppErrorBoundary] Caught error {"error": [TypeError: Cannot read property 'ErrorBoundary' of undefined], "errorInfo": {"componentStack": "
    at SceneView (http://hsrnekw-sharehost-8081.exp.direct/node_modules/expo-router/entry.bundle//&platform=ios&dev=true&hot=false&lazy=true&transform.engine=hermes&transform.bytecode=1&transform.routerRoot=app&unstable_transformProfile=hermes-stable:107491:3)
    at NavigationProvider (http://hsrnekw-sharehost-8081.exp.direct/node_modules/expo-router/entry.bundle//&platform=ios&dev=true&hot=false&lazy=true&transform.engine=hermes&transform.bytecode=1&transform.routerRoot=app&unstable_transformProfile=hermes-stable:105391:3)
    at RNSScreenContentWrapper (<anonymous>)
    at ScreenContentWrapper (<anonymous>)
    at DebugContainer (http://hsrnekw-sharehost-8081.exp.direct/node_modules/expo-router/entry.bundle//&platform=ios&dev=true&hot=false&lazy=true&transform.engine=hermes&transform.bytecode=1&transform.routerRoot=app&unstable_transformProfile=hermes-stable:125563:9)
    at RNSScreen (<anonymous>)
    at Animated(Anonymous) (http://hsrnekw-sharehost-8081.exp.direct/node_modules/expo-router/entry.bundle//&platform=ios&dev=true&hot=false&lazy=true&transform.engine=hermes&transform.bytecode=1&transform.routerRoot=app&unstable_transformProfile=hermes-stable:68399:29)
    at Suspender (http://hsrnekw-sharehost-8081.exp.direct/node_modules/expo-router/entry.bundle//&platform=ios&dev=true&hot=false&lazy=true&transform.engine=hermes&transform.bytecode=1&transform.routerRoot=app&unstable_transformProfile=hermes-stable:123598:3)
    at Suspense (<anonymous>)
    at Freeze (http://hsrnekw-sharehost-8081.exp.direct/node_modules/expo-router/entry.bundle//&platform=ios&dev=true&hot=false&lazy=true&transform.engine=hermes&transform.bytecode=1&transform.routerRoot=app&unstable_transformProfile=hermes-stable:123609:3)
    at DelayedFreeze (http://hsrnekw-sharehost-8081.exp.direct/node_modules/expo-router/entry.bundle//&platform=ios&dev=true&hot=false&lazy=true&transform.engine=hermes&transform.bytecode=1&transform.routerRoot=app&unstable_transformProfile=hermes-stable:123565:3)
    at InnerScreen (http://hsrnekw-sharehost-8081.exp.direct/node_modules/expo-router/entry.bundle//&platform=ios&dev=true&hot=false&lazy=true&transform.engine=hermes&transform.bytecode=1&transform.routerRoot=app&unstable_transformProfile=hermes-stable:123302:40)
    at Screen (http://hsrnekw-sharehost-8081.exp.direct/node_modules/expo-router/entry.bundle//&platform=ios&dev=true&hot=false&lazy=true&transform.engine=hermes&transform.bytecode=1&transform.routerRoot=app&unstable_transformProfile=hermes-stable:123501:49)
    at ScreenStackItem (http://hsrnekw-sharehost-8081.exp.direct/node_modules/expo-router/entry.bundle//&platform=ios&dev=true&hot=false&lazy=true&transform.engine=hermes&transform.bytecode=1&transform.routerRoot=app&unstable_transformProfile=hermes-stable:125330:3)
    at NavigationProvider (http://hsrnekw-sharehost-8081.exp.direct/node_modules/expo-router/entry.bundle//&platform=ios&dev=true&hot=false&lazy=true&transform.engine=hermes&transform.bytecode=1&transform.routerRoot=app&unstable_transformProfile=hermes-stable:105391:3)
    at SceneView (http://hsrnekw-sharehost-8081.exp.direct/node_modules/expo-router/entry.bundle//&platform=ios&dev=true&hot=false&lazy=true&transform.engine=hermes&transform.bytecode=1&transform.routerRoot=app&unstable_transformProfile=hermes-stable:133177:19)
    at RNSScreenStack (<anonymous>)
    at anonymous (http://hsrnekw-sharehost-8081.exp.direct/node_modules/expo-router/entry.bundle//&platform=ios&dev=true&hot=false&lazy=true&transform.engine=hermes&transform.bytecode=1&transform.routerRoot=app&unstable_transformProfile=hermes-stable:125217:20)
    at ScreenStack (http://hsrnekw-sharehost-8081.exp.direct/node_modules/expo-router/entry.bundle//&platform=ios&dev=true&hot=false&lazy=true&transform.engine=hermes&transform.bytecode=1&transform.routerRoot=app&unstable_transformProfile=hermes-stable:125150:7)
    at RCTView (<anonymous>)
    at View (http://hsrnekw-sharehost-8081.exp.direct/node_modules/expo-router/entry.bundle//&platform=ios&dev=true&hot=false&lazy=true&transform.engine=hermes&transform.bytecode=1&transform.routerRoot=app&unstable_transformProfile=hermes-stable:58373:3)
    at FrameSizeProvider (http://hsrnekw-sharehost-8081.exp.direct/node_modules/expo-router/entry.bundle//&platform=ios&dev=true&hot=false&lazy=true&transform.engine=hermes&transform.bytecode=1&transform.routerRoot=app&unstable_transformProfile=hermes-stable:120446:3)
    at SafeAreaProviderCompat (http://hsrnekw-sharehost-8081.exp.direct/node_modules/expo-router/entry.bundle//&platform=ios&dev=true&hot=false&lazy=true&transform.engine=hermes&transform.bytecode=1&transform.routerRoot=app&unstable_transformProfile=hermes-stable:121892:3)
    at NativeStackView (http://hsrnekw-sharehost-8081.exp.direct/node_modules/expo-router/entry.bundle//&platform=ios&dev=true&hot=false&lazy=true&transform.engine=hermes&transform.bytecode=1&transform.routerRoot=app&unstable_transformProfile=hermes-stable:133492:3)
    at PreventRemoveProvider (http://hsrnekw-sharehost-8081.exp.direct/node_modules/expo-router/entry.bundle//&platform=ios&dev=true&hot=false&lazy=true&transform.engine=hermes&transform.bytecode=1&transform.routerRoot=app&unstable_transformProfile=hermes-stable:105716:3)
    at NavigationStateListenerProvider (http://hsrnekw-sharehost-8081.exp.direct/node_modules/expo-router/entry.bundle//&platform=ios&dev=true&hot=false&lazy=true&transform.engine=hermes&transform.bytecode=1&transform.routerRoot=app&unstable_transformProfile=hermes-stable:108392:3)
    at NavigationContent (http://hsrnekw-sharehost-8081.exp.direct/node_modules/expo-router/entry.bundle//&platform=ios&dev=true&hot=false&lazy=true&transform.engine=hermes&transform.bytecode=1&transform.routerRoot=app&unstable_transformProfile=hermes-stable:107144:27)
    at anonymous (http://hsrnekw-sharehost-8081.exp.direct/node_modules/expo-router/entry.bundle//&platform=ios&dev=true&hot=false&lazy=true&transform.engine=hermes&transform.bytecode=1&transform.routerRoot=app&unstable_transformProfile=hermes-stable:107159:25)
    at NativeStackNavigator (http://hsrnekw-sharehost-8081.exp.direct/node_modules/expo-router/entry.bundle//&platform=ios&dev=true&hot=false&lazy=true&transform.engine=hermes&transform.bytecode=1&transform.routerRoot=app&unstable_transformProfile=hermes-stable:132537:3)
    at anonymous (http://hsrnekw-sharehost-8081.exp.direct/node_modules/expo-router/entry.bundle//&platform=ios&dev=true&hot=false&lazy=true&transform.engine=hermes&transform.bytecode=1&transform.routerRoot=app&unstable_transformProfile=hermes-stable:99318:50)
    at anonymous (http://hsrnekw-sharehost-8081.exp.direct/node_modules/expo-router/entry.bundle//&platform=ios&dev=true&hot=false&lazy=true&transform.engine=hermes&transform.bytecode=1&transform.routerRoot=app&unstable_transformProfile=hermes-stable:99073:56)
    at LiveLayout(./(tabs)/live/_layout.tsx) (<anonymous>)
    at WrappedScreenComponent (http://hsrnekw-sharehost-8081.exp.direct/node_modules/expo-router/entry.bundle//&platform=ios&dev=true&hot=false&lazy=true&transform.engine=hermes&transform.bytecode=1&transform.routerRoot=app&unstable_transformProfile=hermes-stable:115922:49)
    at Suspense (<anonymous>)
    at ZoomTransitionTargetContextProvider (http://hsrnekw-sharehost-8081.exp.direct/node_modules/expo-router/entry.bundle//&platform=ios&dev=true&hot=false&lazy=true&transform.engine=hermes&transform.bytecode=1&transform.routerRoot=app&unstable_transformProfile=hermes-stable:116528:3)
    at Route (http://hsrnekw-sharehost-8081.exp.direct/node_modules/expo-router/entry.bundle//&platform=ios&dev=true&hot=false&lazy=true&transform.engine=hermes&transform.bytecode=1&transform.routerRoot=app&unstable_transformProfile=hermes-stable:98503:3)
    at Route(live) (http://hsrnekw-sharehost-8081.exp.direct/node_modules/expo-router/entry.bundle//&platform=ios&dev=true&hot=false&lazy=true&transform.engine=hermes&transform.bytecode=1&transform.routerRoot=app&unstable_transformProfile=hermes-stable:115927:5)
    at StaticContainer (http://hsrnekw-sharehost-8081.exp.direct/node_modules/expo-router/entry.bundle//&platform=ios&dev=true&hot=false&lazy=true&transform.engine=hermes&transform.bytecode=1&transform.routerRoot=app&unstable_transformProfile=hermes-stable:107713:17)
    at EnsureSingleNavigator (http://hsrnekw-sharehost-8081.exp.direct/node_modules/expo-router/entry.bundle//&platform=ios&dev=true&hot=false&lazy=true&transform.engine=hermes&transform.bytecode=1&transform.routerRoot=app&unstable_transformProfile=hermes-stable:102113:3)
    at SceneView (http://hsrnekw-sharehost-8081.exp.direct/node_modules/expo-router/entry.bundle//&platform=ios&dev=true&hot=false&lazy=true&transform.engine=hermes&transform.bytecode=1&transform.routerRoot=app&unstable_transformProfile=hermes-stable:107491:3)
    at NavigationProvider (http://hsrnekw-sharehost-8081.exp.direct/node_modules/expo-router/entry.bundle//&platform=ios&dev=true&hot=false&lazy=true&transform.engine=hermes&transform.bytecode=1&transform.routerRoot=app&unstable_transformProfile=hermes-stable:105391:3)
    at RCTView (<anonymous>)
    at View (http://hsrnekw-sharehost-8081.exp.direct/node_modules/expo-router/entry.bundle//&platform=ios&dev=true&hot=false&lazy=true&transform.engine=hermes&transform.bytecode=1&transform.routerRoot=app&unstable_transformProfile=hermes-stable:58373:3)
    at RCTView (<anonymous>)
    at View (http://hsrnekw-sharehost-8081.exp.direct/node_modules/expo-router/entry.bundle//&platform=ios&dev=true&hot=false&lazy=true&transform.engine=hermes&transform.bytecode=1&transform.routerRoot=app&unstable_transformProfile=hermes-stable:58373:3)
    at Animated(View) (http://hsrnekw-sharehost-8081.exp.direct/node_modules/expo-router/entry.bundle//&platform=ios&dev=true&hot=false&lazy=true&transform.engine=hermes&transform.bytecode=1&transform.routerRoot=app&unstable_transformProfile=hermes-stable:68399:29)
    at Background (http://hsrnekw-sharehost-8081.exp.direct/node_modules/expo-router/entry.bundle//&platform=ios&dev=true&hot=false&lazy=true&transform.engine=hermes&transform.bytecode=1&transform.routerRoot=app&unstable_transformProfile=hermes-stable:117701:3)
    at Screen (http://hsrnekw-sharehost-8081.exp.direct/node_modules/expo-router/entry.bundle//&platform=ios&dev=true&hot=false&lazy=true&transform.engine=hermes&transform.bytecode=1&transform.routerRoot=app&unstable_transformProfile=hermes-stable:121993:73)
    at RNSScreen (<anonymous>)
    at Animated(Anonymous) (http://hsrnekw-sharehost-8081.exp.direct/node_modules/expo-router/entry.bundle//&platform=ios&dev=true&hot=false&lazy=true&transform.engine=hermes&transform.bytecode=1&transform.routerRoot=app&unstable_transformProfile=hermes-stable:68399:29)
    at Suspender (http://hsrnekw-sharehost-8081.exp.direct/node_modules/expo-router/entry.bundle//&platform=ios&dev=true&hot=false&lazy=true&transform.engine=hermes&transform.bytecode=1&transform.routerRoot=app&unstable_transformProfile=hermes-stable:123598:3)
    at Suspense (<anonymous>)
    at Freeze (http://hsrnekw-sharehost-8081.exp.direct/node_modules/expo-router/entry.bundle//&platform=ios&dev=true&hot=false&lazy=true&transform.engine=hermes&transform.bytecode=1&transform.routerRoot=app&unstable_transformProfile=hermes-stable:123609:3)
    at DelayedFreeze (http://hsrnekw-sharehost-8081.exp.direct/node_modules/expo-router/entry.bundle//&platform=ios&dev=true&hot=false&lazy=true&transform.engine=hermes&transform.bytecode=1&transform.routerRoot=app&unstable_transformProfile=hermes-stable:123565:3)
    at InnerScreen (http://hsrnekw-sharehost-8081.exp.direct/node_modules/expo-router/entry.bundle//&platform=ios&dev=true&hot=false&lazy=true&transform.engine=hermes&transform.bytecode=1&transform.routerRoot=app&unstable_transformProfile=hermes-stable:123302:40)
    at Screen (http://hsrnekw-sharehost-8081.exp.direct/node_modules/expo-router/entry.bundle//&platform=ios&dev=true&hot=false&lazy=true&transform.engine=hermes&transform.bytecode=1&transform.routerRoot=app&unstable_transformProfile=hermes-stable:123501:49)
    at MaybeScreen (http://hsrnekw-sharehost-8081.exp.direct/node_modules/expo-router/entry.bundle//&platform=ios&dev=true&hot=false&lazy=true&transform.engine=hermes&transform.bytecode=1&transform.routerRoot=app&unstable_transformProfile=hermes-stable:122967:3)
    at RNSScreenNavigationContainer (<anonymous>)
    at ScreenContainer (http://hsrnekw-sharehost-8081.exp.direct/node_modules/expo-router/entry.bundle//&platform=ios&dev=true&hot=false&lazy=true&transform.engine=hermes&transform.bytecode=1&transform.routerRoot=app&unstable_transformProfile=hermes-stable:125028:7)
    at MaybeScreenContainer (http://hsrnekw-sharehost-8081.exp.direct/node_modules/expo-router/entry.bundle//&platform=ios&dev=true&hot=false&lazy=true&transform.engine=hermes&transform.bytecode=1&transform.routerRoot=app&unstable_transformProfile=hermes-stable:122952:30)
    at RCTView (<anonymous>)
    at View (http://hsrnekw-sharehost-8081.exp.direct/node_modules/expo-router/entry.bundle//&platform=ios&dev=true&hot=false&lazy=true&transform.engine=hermes&transform.bytecode=1&transform.routerRoot=app&unstable_transformProfile=hermes-stable:58373:3)
    at FrameSizeProvider (http://hsrnekw-sharehost-8081.exp.direct/node_modules/expo-router/entry.bundle//&platform=ios&dev=true&hot=false&lazy=true&transform.engine=hermes&transform.bytecode=1&transform.routerRoot=app&unstable_transformProfile=hermes-stable:120446:3)
    at SafeAreaProviderCompat (http://hsrnekw-sharehost-8081.exp.direct/node_modules/expo-router/entry.bundle//&platform=ios&dev=true&hot=false&lazy=true&transform.engine=hermes&transform.bytecode=1&transform.routerRoot=app&unstable_transformProfile=hermes-stable:121892:3)
    at BottomTabView (http://hsrnekw-sharehost-8081.exp.direct/node_modules/expo-router/entry.bundle//&platform=ios&dev=true&hot=false&lazy=true&transform.engine=hermes&transform.bytecode=1&transform.routerRoot=app&unstable_transformProfile=hermes-stable:117108:7)
    at PreventRemoveProvider (http://hsrnekw-sharehost-8081.exp.direct/node_modules/expo-router/entry.bundle//&platform=ios&dev=true&hot=false&lazy=true&transform.engine=hermes&transform.bytecode=1&transform.routerRoot=app&unstable_transformProfile=hermes-stable:105716:3)
    at NavigationStateListenerProvider (http://hsrnekw-sharehost-8081.exp.direct/node_modules/expo-router/entry.bundle//&platform=ios&dev=true&hot=false&lazy=true&transform.engine=hermes&transform.bytecode=1&transform.routerRoot=app&unstable_transformProfile=hermes-stable:108392:3)
    at NavigationContent (http://hsrnekw-sharehost-8081.exp.direct/node_modules/expo-router/entry.bundle//&platform=ios&dev=true&hot=false&lazy=true&transform.engine=hermes&transform.bytecode=1&transform.routerRoot=app&unstable_transformProfile=hermes-stable:107144:27)
    at anonymous (http://hsrnekw-sharehost-8081.exp.direct/node_modules/expo-router/entry.bundle//&platform=ios&dev=true&hot=false&lazy=true&transform.engine=hermes&transform.bytecode=1&transform.routerRoot=app&unstable_transformProfile=hermes-stable:107159:25)
    at BottomTabNavigator (http://hsrnekw-sharehost-8081.exp.direct/node_modules/expo-router/entry.bundle//&platform=ios&dev=true&hot=false&lazy=true&transform.engine=hermes&transform.bytecode=1&transform.routerRoot=app&unstable_transformProfile=hermes-stable:116965:3)
    at anonymous (http://hsrnekw-sharehost-8081.exp.direct/node_modules/expo-router/entry.bundle//&platform=ios&dev=true&hot=false&lazy=true&transform.engine=hermes&transform.bytecode=1&transform.routerRoot=app&unstable_transformProfile=hermes-stable:99318:50)
    at TabLayout(./(tabs)/_layout.tsx) (http://hsrnekw-sharehost-8081.exp.direct/node_modules/expo-router/entry.bundle//&platform=ios&dev=true&hot=false&lazy=true&transform.engine=hermes&transform.bytecode=1&transform.routerRoot=app&unstable_transformProfile=hermes-stable:308670:44)
    at WrappedScreenComponent (http://hsrnekw-sharehost-8081.exp.direct/node_modules/expo-router/entry.bundle//&platform=ios&dev=true&hot=false&lazy=true&transform.engine=hermes&transform.bytecode=1&transform.routerRoot=app&unstable_transformProfile=hermes-stable:115922:49)
    at Suspense (<anonymous>)
    at ZoomTransitionTargetContextProvider (http://hsrnekw-sharehost-8081.exp.direct/node_modules/expo-router/entry.bundle//&platform=ios&dev=true&hot=false&lazy=true&transform.engine=hermes&transform.bytecode=1&transform.routerRoot=app&unstable_transformProfile=hermes-stable:116528:3)
    at Route (http://hsrnekw-sharehost-8081.exp.direct/node_modules/expo-router/entry.bundle//&platform=ios&dev=true&hot=false&lazy=true&transform.engine=hermes&transform.bytecode=1&transform.routerRoot=app&unstable_transformProfile=hermes-stable:98503:3)
    at Route((tabs)) (http://hsrnekw-sharehost-8081.exp.direct/node_modules/expo-router/entry.bundle//&platform=ios&dev=true&hot=false&lazy=true&transform.engine=hermes&transform.bytecode=1&transform.routerRoot=app&unstable_transformProfile=hermes-stable:115927:5)
    at StaticContainer (http://hsrnekw-sharehost-8081.exp.direct/node_modules/expo-router/entry.bundle//&platform=ios&dev=true&hot=false&lazy=true&transform.engine=hermes&transform.bytecode=1&transform.routerRoot=app&unstable_transformProfile=hermes-stable:107713:17)
    at EnsureSingleNavigator (http://hsrnekw-sharehost-8081.exp.direct/node_modules/expo-router/entry.bundle//&platform=ios&dev=true&hot=false&lazy=true&transform.engine=hermes&transform.bytecode=1&transform.routerRoot=app&unstable_transformProfile=hermes-stable:102113:3)
    at SceneView (http://hsrnekw-sharehost-8081.exp.direct/node_modules/expo-router/entry.bundle//&platform=ios&dev=true&hot=false&lazy=true&transform.engine=hermes&transform.bytecode=1&transform.routerRoot=app&unstable_transformProfile=hermes-stable:107491:3)
    at NavigationProvider (http://hsrnekw-sharehost-8081.exp.direct/node_modules/expo-router/entry.bundle//&platform=ios&dev=true&hot=false&lazy=true&transform.engine=hermes&transform.bytecode=1&transform.routerRoot=app&unstable_transformProfile=hermes-stable:105391:3)
    at RNSScreenContentWrapper (<anonymous>)
    at ScreenContentWrapper (<anonymous>)
    at DebugContainer (http://hsrnekw-sharehost-8081.exp.direct/node_modules/expo-router/entry.bundle//&platform=ios&dev=true&hot=false&lazy=true&transform.engine=hermes&transform.bytecode=1&transform.routerRoot=app&unstable_transformProfile=hermes-stable:125563:9)
    at RNSScreen (<anonymous>)
    at Animated(Anonymous) (http://hsrnekw-sharehost-8081.exp.direct/node_modules/expo-router/entry.bundle//&platform=ios&dev=true&hot=false&lazy=true&transform.engine=hermes&transform.bytecode=1&transform.routerRoot=app&unstable_transformProfile=hermes-stable:68399:29)
    at Suspender (http://hsrnekw-sharehost-8081.exp.direct/node_modules/expo-router/entry.bundle//&platform=ios&dev=true&hot=false&lazy=true&transform.engine=hermes&transform.bytecode=1&transform.routerRoot=app&unstable_transformProfile=hermes-stable:123598:3)
    at Suspense (<anonymous>)
    at Freeze (http://hsrnekw-sharehost-8081.exp.direct/node_modules/expo-router/entry.bundle//&platform=ios&dev=true&hot=false&lazy=true&transform.engine=hermes&transform.bytecode=1&transform.routerRoot=app&unstable_transformProfile=hermes-stable:123609:3)
    at DelayedFreeze (http://hsrnekw-sharehost-8081.exp.direct/node_modules/expo-router/entry.bundle//&platform=ios&dev=true&hot=false&lazy=true&transform.engine=hermes&transform.bytecode=1&transform.routerRoot=app&unstable_transformProfile=hermes-stable:123565:3)
    at InnerScreen (http://hsrnekw-sharehost-8081.exp.direct/node_modules/expo-router/entry.bundle//&platform=ios&dev=true&hot=false&lazy=true&transform.engine=hermes&transform.bytecode=1&transform.routerRoot=app&unstable_transformProfile=hermes-stable:123302:40)
    at Screen (http://hsrnekw-sharehost-8081.exp.direct/node_modules/expo-router/entry.bundle//&platform=ios&dev=true&hot=false&lazy=true&transform.engine=hermes&transform.bytecode=1&transform.routerRoot=app&unstable_transformProfile=hermes-stable:123501:49)
    at ScreenStackItem (http://hsrnekw-sharehost-8081.exp.direct/node_modules/expo-router/entry.bundle//&platform=ios&dev=true&hot=false&lazy=true&transform.engine=hermes&transform.bytecode=1&transform.routerRoot=app&unstable_transformProfile=hermes-stable:125330:3)
    at NavigationProvider (http://hsrnekw-sharehost-8081.exp.direct/node_modules/expo-router/entry.bundle//&platform=ios&dev=true&hot=false&lazy=true&transform.engine=hermes&transform.bytecode=1&transform.routerRoot=app&unstable_transformProfile=hermes-stable:105391:3)
    at SceneView (http://hsrnekw-sharehost-8081.exp.direct/node_modules/expo-router/entry.bundle//&platform=ios&dev=true&hot=false&lazy=true&transform.engine=hermes&transform.bytecode=1&transform.routerRoot=app&unstable_transformProfile=hermes-stable:133177:19)
    at RNSScreenStack (<anonymous>)
    at anonymous (http://hsrnekw-sharehost-8081.exp.direct/node_modules/expo-router/entry.bundle//&platform=ios&dev=true&hot=false&lazy=true&transform.engine=hermes&transform.bytecode=1&transform.routerRoot=app&unstable_transformProfile=hermes-stable:125217:20)
    at ScreenStack (http://hsrnekw-sharehost-8081.exp.direct/node_modules/expo-router/entry.bundle//&platform=ios&dev=true&hot=false&lazy=true&transform.engine=hermes&transform.bytecode=1&transform.routerRoot=app&unstable_transformProfile=hermes-stable:125150:7)
    at RCTView (<anonymous>)
    at View (http://hsrnekw-sharehost-8081.exp.direct/node_modules/expo-router/entry.bundle//&platform=ios&dev=true&hot=false&lazy=true&transform.engine=hermes&transform.bytecode=1&transform.routerRoot=app&unstable_transformProfile=hermes-stable:58373:3)
    at FrameSizeProvider (http://hsrnekw-sharehost-8081.exp.direct/node_modules/expo-router/entry.bundle//&platform=ios&dev=true&hot=false&lazy=true&transform.engine=hermes&transform.bytecode=1&transform.routerRoot=app&unstable_transformProfile=hermes-stable:120446:3)
    at SafeAreaProviderCompat (http://hsrnekw-sharehost-8081.exp.direct/node_modules/expo-router/entry.bundle//&platform=ios&dev=true&hot=false&lazy=true&transform.engine=hermes&transform.bytecode=1&transform.routerRoot=app&unstable_transformProfile=hermes-stable:121892:3)
    at NativeStackView (http://hsrnekw-sharehost-8081.exp.direct/node_modules/expo-router/entry.bundle//&platform=ios&dev=true&hot=false&lazy=true&transform.engine=hermes&transform.bytecode=1&transform.routerRoot=app&unstable_transformProfile=hermes-stable:133492:3)
    at PreventRemoveProvider (http://hsrnekw-sharehost-8081.exp.direct/node_modules/expo-router/entry.bundle//&platform=ios&dev=true&hot=false&lazy=true&transform.engine=hermes&transform.bytecode=1&transform.routerRoot=app&unstable_transformProfile=hermes-stable:105716:3)
    at NavigationStateListenerProvider (http://hsrnekw-sharehost-8081.exp.direct/node_modules/expo-router/entry.bundle//&platform=ios&dev=true&hot=false&lazy=true&transform.engine=hermes&transform.bytecode=1&transform.routerRoot=app&unstable_transformProfile=hermes-stable:108392:3)
    at NavigationContent (http://hsrnekw-sharehost-8081.exp.direct/node_modules/expo-router/entry.bundle//&platform=ios&dev=true&hot=false&lazy=true&transform.engine=hermes&transform.bytecode=1&transform.routerRoot=app&unstable_transformProfile=hermes-stable:107144:27)
    at anonymous (http://hsrnekw-sharehost-8081.exp.direct/node_modules/expo-router/entry.bundle//&platform=ios&dev=true&hot=false&lazy=true&transform.engine=hermes&transform.bytecode=1&transform.routerRoot=app&unstable_transformProfile=hermes-stable:107159:25)
    at NativeStackNavigator (http://hsrnekw-sharehost-8081.exp.direct/node_modules/expo-router/entry.bundle//&platform=ios&dev=true&hot=false&lazy=true&transform.engine=hermes&transform.bytecode=1&transform.routerRoot=app&unstable_transformProfile=hermes-stable:132537:3)
    at anonymous (http://hsrnekw-sharehost-8081.exp.direct/node_modules/expo-router/entry.bundle//&platform=ios&dev=true&hot=false&lazy=true&transform.engine=hermes&transform.bytecode=1&transform.routerRoot=app&unstable_transformProfile=hermes-stable:99318:50)
    at anonymous (http://hsrnekw-sharehost-8081.exp.direct/node_modules/expo-router/entry.bundle//&platform=ios&dev=true&hot=false&lazy=true&transform.engine=hermes&transform.bytecode=1&transform.routerRoot=app&unstable_transformProfile=hermes-stable:99073:56)
    at RootLayoutNav (http://hsrnekw-sharehost-8081.exp.direct/node_modules/expo-router/entry.bundle//&platform=ios&dev=true&hot=false&lazy=true&transform.engine=hermes&transform.bytecode=1&transform.routerRoot=app&unstable_transformProfile=hermes-stable:345526:48)
    at RCTView (<anonymous>)
    at View (http://hsrnekw-sharehost-8081.exp.direct/node_modules/expo-router/entry.bundle//&platform=ios&dev=true&hot=false&lazy=true&transform.engine=hermes&transform.bytecode=1&transform.routerRoot=app&unstable_transformProfile=hermes-stable:58373:3)
    at KeyboardAvoidingView (http://hsrnekw-sharehost-8081.exp.direct/node_modules/expo-router/entry.bundle//&platform=ios&dev=true&hot=false&lazy=true&transform.engine=hermes&transform.bytecode=1&transform.routerRoot=app&unstable_transformProfile=hermes-stable:74629:12)
    at RCTView (<anonymous>)
    at View (http://hsrnekw-sharehost-8081.exp.direct/node_modules/expo-router/entry.bundle//&platform=ios&dev=true&hot=false&lazy=true&transform.engine=hermes&transform.bytecode=1&transform.routerRoot=app&unstable_transformProfile=hermes-stable:58373:3)
    at RootLayoutNavWithTheme (http://hsrnekw-sharehost-8081.exp.direct/node_modules/expo-router/entry.bundle//&platform=ios&dev=true&hot=false&lazy=true&transform.engine=hermes&transform.bytecode=1&transform.routerRoot=app&unstable_transformProfile=hermes-stable:345638:44)
    at AppErrorBoundary (http://hsrnekw-sharehost-8081.exp.direct/node_modules/expo-router/entry.bundle//&platform=ios&dev=true&hot=false&lazy=true&transform.engine=hermes&transform.bytecode=1&transform.routerRoot=app&unstable_transformProfile=hermes-stable:400550:3)
    at anonymous (http://hsrnekw-sharehost-8081.exp.direct/node_modules/expo-router/entry.bundle//&platform=ios&dev=true&hot=false&lazy=true&transform.engine=hermes&transform.bytecode=1&transform.routerRoot=app&unstable_transformProfile=hermes-stable:267995:13)
    at OrdersProvider (http://hsrnekw-sharehost-8081.exp.direct/node_modules/expo-router/entry.bundle//&platform=ios&dev=true&hot=false&lazy=true&transform.engine=hermes&transform.bytecode=1&transform.routerRoot=app&unstable_transformProfile=hermes-stable:337372:3)
    at anonymous (http://hsrnekw-sharehost-8081.exp.direct/node_modules/expo-router/entry.bundle//&platform=ios&dev=true&hot=false&lazy=true&transform.engine=hermes&transform.bytecode=1&transform.routerRoot=app&unstable_transformProfile=hermes-stable:267995:13)
    at anonymous (http://hsrnekw-sharehost-8081.exp.direct/node_modules/expo-router/entry.bundle//&platform=ios&dev=true&hot=false&lazy=true&transform.engine=hermes&transform.bytecode=1&transform.routerRoot=app&unstable_transformProfile=hermes-stable:267995:13)
    at anonymous (http://hsrnekw-sharehost-8081.exp.direct/node_modules/expo-router/entry.bundle//&platform=ios&dev=true&hot=false&lazy=true&transform.engine=hermes&transform.bytecode=1&transform.routerRoot=app&unstable_transformProfile=hermes-stable:267995:13)
    at anonymous (http://hsrnekw-sharehost-8081.exp.direct/node_modules/expo-router/entry.bundle//&platform=ios&dev=true&hot=false&lazy=true&transform.engine=hermes&transform.bytecode=1&transform.routerRoot=app&unstable_transformProfile=hermes-stable:267995:13)
    at PlanProvider (http://hsrnekw-sharehost-8081.exp.direct/node_modules/expo-router/entry.bundle//&platform=ios&dev=true&hot=false&lazy=true&transform.engine=hermes&transform.bytecode=1&transform.routerRoot=app&unstable_transformProfile=hermes-stable:325073:3)
    at RoomProvider (http://hsrnekw-sharehost-8081.exp.direct/node_modules/expo-router/entry.bundle//&platform=ios&dev=true&hot=false&lazy=true&transform.engine=hermes&transform.bytecode=1&transform.routerRoot=app&unstable_transformProfile=hermes-stable:321550:3)
    at ServiceRequestProvider (http://hsrnekw-sharehost-8081.exp.direct/node_modules/expo-router/entry.bundle//&platform=ios&dev=true&hot=false&lazy=true&transform.engine=hermes&transform.bytecode=1&transform.routerRoot=app&unstable_transformProfile=hermes-stable:308294:3)
    at SkillProvider (http://hsrnekw-sharehost-8081.exp.direct/node_modules/expo-router/entry.bundle//&platform=ios&dev=true&hot=false&lazy=true&transform.engine=hermes&transform.bytecode=1&transform.routerRoot=app&unstable_transformProfile=hermes-stable:307902:3)
    at BundleProvider (http://hsrnekw-sharehost-8081.exp.direct/node_modules/expo-router/entry.bundle//&platform=ios&dev=true&hot=false&lazy=true&transform.engine=hermes&transform.bytecode=1&transform.routerRoot=app&unstable_transformProfile=hermes-stable:294771:3)
    at anonymous (http://hsrnekw-sharehost-8081.exp.direct/node_modules/expo-router/entry.bundle//&platform=ios&dev=true&hot=false&lazy=true&transform.engine=hermes&transform.bytecode=1&transform.routerRoot=app&unstable_transformProfile=hermes-stable:267995:13)
    at anonymous (http://hsrnekw-sharehost-8081.exp.direct/node_modules/expo-router/entry.bundle//&platform=ios&dev=true&hot=false&lazy=true&transform.engine=hermes&transform.bytecode=1&transform.routerRoot=app&unstable_transformProfile=hermes-stable:267995:13)
    at UserPostsProvider (http://hsrnekw-sharehost-8081.exp.direct/node_modules/expo-router/entry.bundle//&platform=ios&dev=true&hot=false&lazy=true&transform.engine=hermes&transform.bytecode=1&transform.routerRoot=app&unstable_transformProfile=hermes-stable:317249:3)
    at anonymous (http://hsrnekw-sharehost-8081.exp.direct/node_modules/expo-router/entry.bundle//&platform=ios&dev=true&hot=false&lazy=true&transform.engine=hermes&transform.bytecode=1&transform.routerRoot=app&unstable_transformProfile=hermes-stable:267995:13)
    at anonymous (http://hsrnekw-sharehost-8081.exp.direct/node_modules/expo-router/entry.bundle//&platform=ios&dev=true&hot=false&lazy=true&transform.engine=hermes&transform.bytecode=1&transform.routerRoot=app&unstable_transformProfile=hermes-stable:267995:13)
    at anonymous (http://hsrnekw-sharehost-8081.exp.direct/node_modules/expo-router/entry.bundle//&platform=ios&dev=true&hot=false&lazy=true&transform.engine=hermes&transform.bytecode=1&transform.routerRoot=app&unstable_transformProfile=hermes-stable:267995:13)
    at RNCSafeAreaProvider (<anonymous>)
    at SafeAreaProvider (http://hsrnekw-sharehost-8081.exp.direct/node_modules/expo-router/entry.bundle//&platform=ios&dev=true&hot=false&lazy=true&transform.engine=hermes&transform.bytecode=1&transform.routerRoot=app&unstable_transformProfile=hermes-stable:98116:3)
    at RCTView (<anonymous>)
    at View (http://hsrnekw-sharehost-8081.exp.direct/node_modules/expo-router/entry.bundle//&platform=ios&dev=true&hot=false&lazy=true&transform.engine=hermes&transform.bytecode=1&transform.routerRoot=app&unstable_transformProfile=hermes-stable:58373:3)
    at GestureHandlerRootView (http://hsrnekw-sharehost-8081.exp.direct/node_modules/expo-router/entry.bundle//&platform=ios&dev=true&hot=false&lazy=true&transform.engine=hermes&transform.bytecode=1&transform.routerRoot=app&unstable_transformProfile=hermes-stable:390702:3)
    at QueryClientProvider (http://hsrnekw-sharehost-8081.exp.direct/node_modules/expo-router/entry.bundle//&platform=ios&dev=true&hot=false&lazy=true&transform.engine=hermes&transform.bytecode=1&transform.routerRoot=app&unstable_transformProfile=hermes-stable:272922:29)
    at TRPCProvider (http://hsrnekw-sharehost-8081.exp.direct/node_modules/expo-router/entry.bundle//&platform=ios&dev=true&hot=false&lazy=true&transform.engine=hermes&transform.bytecode=1&transform.routerRoot=app&unstable_transformProfile=hermes-stable:300481:9)
    at ProviderErrorBoundary (http://hsrnekw-sharehost-8081.exp.direct/node_modules/expo-router/entry.bundle//&platform=ios&dev=true&hot=false&lazy=true&transform.engine=hermes&transform.bytecode=1&transform.routerRoot=app&unstable_transformProfile=hermes-stable:345671:12)
    at RootLayout(./_layout.tsx) (http://hsrnekw-sharehost-8081.exp.direct/node_modules/expo-router/entry.bundle//&platform=ios&dev=true&hot=false&lazy=true&transform.engine=hermes&transform.bytecode=1&transform.routerRoot=app&unstable_transformProfile=hermes-stable:345740:26)
    at WrappedScreenComponent (http://hsrnekw-sharehost-8081.exp.direct/node_modules/expo-router/entry.bundle//&platform=ios&dev=true&hot=false&lazy=true&transform.engine=hermes&transform.bytecode=1&transform.routerRoot=app&unstable_transformProfile=hermes-stable:115922:49)
    at Suspense (<anonymous>)
    at ZoomTransitionTargetContextProvider (http://hsrnekw-sharehost-8081.exp.direct/node_modules/expo-router/entry.bundle//&platform=ios&dev=true&hot=false&lazy=true&transform.engine=hermes&transform.bytecode=1&transform.routerRoot=app&unstable_transformProfile=hermes-stable:116528:3)
    at Route (http://hsrnekw-sharehost-8081.exp.direct/node_modules/expo-router/entry.bundle//&platform=ios&dev=true&hot=false&lazy=true&transform.engine=hermes&transform.bytecode=1&transform.routerRoot=app&unstable_transformProfile=hermes-stable:98503:3)
    at Route() (http://hsrnekw-sharehost-8081.exp.direct/node_modules/expo-router/entry.bundle//&platform=ios&dev=true&hot=false&lazy=true&transform.engine=hermes&transform.bytecode=1&transform.routerRoot=app&unstable_transformProfile=hermes-stable:115927:5)
    at StaticContainer (http://hsrnekw-sharehost-8081.exp.direct/node_modules/expo-router/entry.bundle//&platform=ios&dev=true&hot=false&lazy=true&transform.engine=hermes&transform.bytecode=1&transform.routerRoot=app&unstable_transformProfile=hermes-stable:107713:17)
    at EnsureSingleNavigator (http://hsrnekw-sharehost-8081.exp.direct/node_modules/expo-router/entry.bundle//&platform=ios&dev=true&hot=false&lazy=true&transform.engine=hermes&transform.bytecode=1&transform.routerRoot=app&unstable_transformProfile=hermes-stable:102113:3)
    at SceneView (http://hsrnekw-sharehost-8081.exp.direct/node_modules/expo-router/entry.bundle//&platform=ios&dev=true&hot=false&lazy=true&transform.engine=hermes&transform.bytecode=1&transform.routerRoot=app&unstable_transformProfile=hermes-stable:107491:3)
    at NavigationProvider (http://hsrnekw-sharehost-8081.exp.direct/node_modules/expo-router/entry.bundle//&platform=ios&dev=true&hot=false&lazy=true&transform.engine=hermes&transform.bytecode=1&transform.routerRoot=app&unstable_transformProfile=hermes-stable:105391:3)
    at PreventRemoveProvider (http://hsrnekw-sharehost-8081.exp.direct/node_modules/expo-router/entry.bundle//&platform=ios&dev=true&hot=false&lazy=true&transform.engine=hermes&transform.bytecode=1&transform.routerRoot=app&unstable_transformProfile=hermes-stable:105716:3)
    at NavigationStateListenerProvider (http://hsrnekw-sharehost-8081.exp.direct/node_modules/expo-router/entry.bundle//&platform=ios&dev=true&hot=false&lazy=true&transform.engine=hermes&transform.bytecode=1&transform.routerRoot=app&unstable_transformProfile=hermes-stable:108392:3)
    at NavigationContent (http://hsrnekw-sharehost-8081.exp.direct/node_modules/expo-router/entry.bundle//&platform=ios&dev=true&hot=false&lazy=true&transform.engine=hermes&transform.bytecode=1&transform.routerRoot=app&unstable_transformProfile=hermes-stable:107144:27)
    at anonymous (http://hsrnekw-sharehost-8081.exp.direct/node_modules/expo-router/entry.bundle//&platform=ios&dev=true&hot=false&lazy=true&transform.engine=hermes&transform.bytecode=1&transform.routerRoot=app&unstable_transformProfile=hermes-stable:107159:25)
    at Content (http://hsrnekw-sharehost-8081.exp.direct/node_modules/expo-router/entry.bundle//&platform=ios&dev=true&hot=false&lazy=true&transform.engine=hermes&transform.bytecode=1&transform.routerRoot=app&unstable_transformProfile=hermes-stable:136774:43)
    at RNCSafeAreaProvider (<anonymous>)
    at SafeAreaProvider (http://hsrnekw-sharehost-8081.exp.direct/node_modules/expo-router/entry.bundle//&platform=ios&dev=true&hot=false&lazy=true&transform.engine=hermes&transform.bytecode=1&transform.routerRoot=app&unstable_transformProfile=hermes-stable:98116:3)
    at LinkPreviewContextProvider (http://hsrnekw-sharehost-8081.exp.direct/node_modules/expo-router/entry.bundle//&platform=ios&dev=true&hot=false&lazy=true&transform.engine=hermes&transform.bytecode=1&transform.routerRoot=app&unstable_transformProfile=hermes-stable:130350:3)
    at anonymous (http://hsrnekw-sharehost-8081.exp.direct/node_modules/expo-router/entry.bundle//&platform=ios&dev=true&hot=false&lazy=true&transform.engine=hermes&transform.bytecode=1&transform.routerRoot=app&unstable_transformProfile=hermes-stable:136666:46)
    at ThemeProvider (http://hsrnekw-sharehost-8081.exp.direct/node_modules/expo-router/entry.bundle//&platform=ios&dev=true&hot=false&lazy=true&transform.engine=hermes&transform.bytecode=1&transform.routerRoot=app&unstable_transformProfile=hermes-stable:102608:3)
    at EnsureSingleNavigator (http://hsrnekw-sharehost-8081.exp.direct/node_modules/expo-router/entry.bundle//&platform=ios&dev=true&hot=false&lazy=true&transform.engine=hermes&transform.bytecode=1&transform.routerRoot=app&unstable_transformProfile=hermes-stable:102113:3)
    at BaseNavigationContainer (http://hsrnekw-sharehost-8081.exp.direct/node_modules/expo-router/entry.bundle//&platform=ios&dev=true&hot=false&lazy=true&transform.engine=hermes&transform.bytecode=1&transform.routerRoot=app&unstable_transformProfile=hermes-stable:100309:3)
    at NavigationContainerInner (http://hsrnekw-sharehost-8081.exp.direct/node_modules/expo-router/entry.bundle//&platform=ios&dev=true&hot=false&lazy=true&transform.engine=hermes&transform.bytecode=1&transform.routerRoot=app&unstable_transformProfile=hermes-stable:136946:3)
    at ContextNavigator (http://hsrnekw-sharehost-8081.exp.direct/node_modules/expo-router/entry.bundle//&platform=ios&dev=true&hot=false&lazy=true&transform.engine=hermes&transform.bytecode=1&transform.routerRoot=app&unstable_transformProfile=hermes-stable:136692:3)
    at ExpoRoot (http://hsrnekw-sharehost-8081.exp.direct/node_modules/expo-router/entry.bundle//&platform=ios&dev=true&hot=false&lazy=true&transform.engine=hermes&transform.bytecode=1&transform.routerRoot=app&unstable_transformProfile=hermes-stable:136656:3)
    at App (<anonymous>)
    at withDevTools(App) (http://hsrnekw-sharehost-8081.exp.direct/node_modules/expo-router/entry.bundle//&platform=ios&dev=true&hot=false&lazy=true&transform.engine=hermes&transform.bytecode=1&transform.routerRoot=app&unstable_transformProfile=hermes-stable:92579:27)
    at RCTView (<anonymous>)
    at View (http://hsrnekw-sharehost-8081.exp.direct/node_modules/expo-router/entry.bundle//&platform=ios&dev=true&hot=false&lazy=true&transform.engine=hermes&transform.bytecode=1&transform.routerRoot=app&unstable_transformProfile=hermes-stable:58373:3)
    at RCTView (<anonymous>)
    at View (http://hsrnekw-sharehost-8081.exp.direct/node_modules/expo-router/entry.bundle//&platform=ios&dev=true&hot=false&lazy=true&transform.engine=hermes&transform.bytecode=1&transform.routerRoot=app&unstable_transformProfile=hermes-stable:58373:3)
    at AppContainer (http://hsrnekw-sharehost-8081.exp.direct/node_modules/expo-router/entry.bundle//&platform=ios&dev=true&hot=false&lazy=true&transform.engine=hermes&transform.bytecode=1&transform.routerRoot=app&unstable_transformProfile=hermes-stable:58182:22)
    at main(RootComponent) (http://hsrnekw-sharehost-8081.exp.direct/node_modules/expo-router/entry.bundle//&platform=ios&dev=true&hot=false&lazy=true&transform.engine=hermes&transform.bytecode=1&transform.routerRoot=app&unstable_transformProfile=hermes-stable:81696:34)"}}
 ERROR  [TypeError: Cannot read property 'ErrorBoundary' of undefined] 

Code: _layout.tsx
[0m [90m 3 |[39m [36mexport[39m [36mdefault[39m [36mfunction[39m [33mLiveLayout[39m() {
 [90m 4 |[39m   [36mreturn[39m (
[31m[1m>[22m[39m[90m 5 |[39m     [33m<[39m[33mStack[39m screenOptions[33m=[39m{{ headerShown[33m:[39m [36mfalse[39m }}[33m>[39m
 [90m   |[39m     [31m[1m^[22m[39m
 [90m 6 |[39m       [33m<[39m[33mStack[39m[33m.[39m[33mScreen[39m name[33m=[39m[32m"index"[39m [33m/[39m[33m>[39m
 [90m 7 |[39m       [33m<[39m[33mStack[39m[33m.[39m[33mScreen[39m name[33m=[39m[32m"room/[roomId]"[39m [33m/[39m[33m>[39m
 [90m 8 |[39m     [33m<[39m[33m/[39m[33mStack[39m[33m>[39m[0m
Call Stack
  LiveLayout (app/(tabs)/live/_layout.tsx:5:5)
  TabLayout (app/(tabs)/_layout.tsx:19:5)
  RootLayoutNav (app/_layout.tsx:108:5)
  RootLayoutNavWithTheme (app/_layout.tsx:146:11)
  RootLayout (app/_layout.tsx:231:47)
 INFO  [2026-09-09T10:18:13.919Z] [INFO] [RootLayout] Navigation check {"currentSegment": "", "hasInitialized": false, "isAuthenticated": true, "onboardingCompleted": true}
 INFO  [2026-09-09T10:18:13.920Z] [INFO] [RootLayout] Navigating to {"targetRoute": "/(tabs)/(home)"}
 INFO  [2026-09-09T10:18:13.924Z] [INFO] [RootLayout] Navigation check {"currentSegment": "welcome", "hasInitialized": false, "isAuthenticated": true, "onboardingCompleted": true}
 INFO  [2026-09-09T10:18:13.924Z] [INFO] [RootLayout] Navigating to {"targetRoute": "/(tabs)/(home)"}
 LOG  Grid load: ["grabbedBundles"]
 LOG  Grid load: {"bundles": "recommend", "grabbedCount": 0}
 INFO  [2026-09-09T10:18:14.030Z] [INFO] [RootLayout] Navigation check {"currentSegment": "(tabs)", "hasInitialized": true, "isAuthenticated": true, "onboardingCompleted": true}
 ERROR  Grabbed bundles error: {"code": "42703", "details": null, "hint": null, "message": "column job_requests.proposed_budget does not exist"} 

Code: index.tsx
[0m [90m 1342 |[39m             [36mreturn[39m [][33m;[39m
 [90m 1343 |[39m           }
[31m[1m>[22m[39m[90m 1344 |[39m           console[33m.[39merror([32m'Grabbed bundles error:'[39m[33m,[39m error)[33m;[39m
 [90m      |[39m                        [31m[1m^[22m[39m
 [90m 1345 |[39m           [36mreturn[39m [][33m;[39m
 [90m 1346 |[39m         }
 [90m 1347 |[39m[0m
Call Stack
  useQuery$argument_0.queryFn (app/(tabs)/(home)/index.tsx:1344:24)
 ERROR  [Error: Uncaught (in promise, id: 4) Object {
  "code": "PGRST204",
  "details": null,
  "hint": null,
  "message": "Could not find the 'view' column of 'bundles' in the schema cache",
}] Uncaught (in promise, id: 4) Object {
  "code": "PGRST204",
  "details": null,
  "hint": null,
  "message": "Could not find the 'view' column of 'bundles' in the schema cache",
}
 ERROR  [Error: Uncaught (in promise, id: 5) Object {
  "code": "PGRST204",
  "details": null,
  "hint": null,
  "message": "Could not find the 'view' column of 'skill_deals' in the schema cache",
}] Uncaught (in promise, id: 5) Object {
  "code": "PGRST204",
  "details": null,
  "hint": null,
  "message": "Could not find the 'view' column of 'skill_deals' in the schema cache",
}
 LOG  Card action: skip_request 3cb2fc51-9146-4dba-b938-d78c8bf16837
 LOG  Card action: skip_request 9d585fa6-4cff-4aeb-a54c-8cdd2db34e83
 LOG  Card action: skip_request 9d585fa6-4cff-4aeb-a54c-8cdd2db34e83
 LOG  Card action: skip_request bc4835bf-1234-4230-8f33-fd7aed5c1529
 LOG  Card action: skip_request bc4835bf-1234-4230-8f33-fd7aed5c1529
 LOG  Card action: skip_request 1b13f3b6-d136-4cfb-aad7-3cc41cb72e55
 LOG  Card action: skip_request 1b13f3b6-d136-4cfb-aad7-3cc41cb72e55
 LOG  Card action: skip_request dc715a17-2904-4b82-b58d-9d8ecac613f4
 LOG  Card action: skip_request dc715a17-2904-4b82-b58d-9d8ecac613f4
 INFO  [2026-09-09T10:18:47.199Z] [INFO] [RootLayout] Navigation check {"currentSegment": "(tabs)", "hasInitialized": true, "isAuthenticated": true, "onboardingCompleted": true}
 INFO  [2026-09-09T10:19:24.483Z] [INFO] [RootLayout] Navigation check {"currentSegment": "(tabs)", "hasInitialized": true, "isAuthenticated": true, "onboardingCompleted": true}
iOS Bundled 73ms node_modules/expo-router/entry.js (1 module)
 INFO  [2026-09-09T10:25:39.566Z] [INFO] [SocialContext] Built default state for {"length": 0}
 WARN  Route "./(tabs)/live/room/[roomId].tsx" is missing the required default export. Ensure a React component is exported as default.
 WARN  Route "./(tabs)/live/room/plan-constants.ts" is missing the required default export. Ensure a React component is exported as default.
 WARN  Route "./call/[roomId].tsx" is missing the required default export. Ensure a React component is exported as default.
 WARN  Route "./inbox/[notificationId].tsx" is missing the required default export. Ensure a React component is exported as default.
 WARN  Route "./inbox/conversation/[participantId].tsx" is missing the required default export. Ensure a React component is exported as default.
 ERROR  [Error: Cannot find native module 'ExponentAV'] 

Code: audio-relay.ts
[0m [90m 12 |[39m [90m */[39m
 [90m 13 |[39m
[31m[1m>[22m[39m[90m 14 |[39m [36mimport[39m { [33mAudio[39m } [36mfrom[39m [32m'expo-av'[39m[33m;[39m
 [90m    |[39m [31m[1m^[22m[39m
 [90m 15 |[39m [36mimport[39m { [33mPlatform[39m } [36mfrom[39m [32m'react-native'[39m[33m;[39m
 [90m 16 |[39m
 [90m 17 |[39m [90m// ── Types ──[39m[0m
Call Stack
  <global> (lib/audio-relay.ts:14)
  <global> (hooks/useLiveAudio.ts:10)
  <global> (app/(tabs)/live/room/[roomId].tsx:25)
 ERROR  [Error: Cannot find native module 'ExponentAV'] 

Code: audio-relay.ts
[0m [90m 12 |[39m [90m */[39m
 [90m 13 |[39m
[31m[1m>[22m[39m[90m 14 |[39m [36mimport[39m { [33mAudio[39m } [36mfrom[39m [32m'expo-av'[39m[33m;[39m
 [90m    |[39m [31m[1m^[22m[39m
 [90m 15 |[39m [36mimport[39m { [33mPlatform[39m } [36mfrom[39m [32m'react-native'[39m[33m;[39m
 [90m 16 |[39m
 [90m 17 |[39m [90m// ── Types ──[39m[0m
Call Stack
  <global> (lib/audio-relay.ts:14)
  <global> (hooks/useLiveAudio.ts:10)
  <global> (app/(tabs)/live/room/[roomId].tsx:25)
 ERROR  [Error: Cannot find native module 'ExponentAV'] 

Code: audio-relay.ts
[0m [90m 12 |[39m [90m */[39m
 [90m 13 |[39m
[31m[1m>[22m[39m[90m 14 |[39m [36mimport[39m { [33mAudio[39m } [36mfrom[39m [32m'expo-av'[39m[33m;[39m
 [90m    |[39m [31m[1m^[22m[39m
 [90m 15 |[39m [36mimport[39m { [33mPlatform[39m } [36mfrom[39m [32m'react-native'[39m[33m;[39m
 [90m 16 |[39m
 [90m 17 |[39m [90m// ── Types ──[39m[0m
Call Stack
  <global> (lib/audio-relay.ts:14)
  <global> (hooks/useLiveAudio.ts:10)
  <global> (app/(tabs)/live/room/[roomId].tsx:25)
 ERROR  [Error: Cannot find native module 'ExponentAV'] 

Code: audio-relay.ts
[0m [90m 12 |[39m [90m */[39m
 [90m 13 |[39m
[31m[1m>[22m[39m[90m 14 |[39m [36mimport[39m { [33mAudio[39m } [36mfrom[39m [32m'expo-av'[39m[33m;[39m
 [90m    |[39m [31m[1m^[22m[39m
 [90m 15 |[39m [36mimport[39m { [33mPlatform[39m } [36mfrom[39m [32m'react-native'[39m[33m;[39m
 [90m 16 |[39m
 [90m 17 |[39m [90m// ── Types ──[39m[0m
Call Stack
  <global> (lib/audio-relay.ts:14)
  <global> (hooks/useLiveAudio.ts:10)
  <global> (app/(tabs)/live/room/[roomId].tsx:25)
 INFO  [2026-09-09T10:25:40.010Z] [INFO] [RootLayout] Still loading... {"authLoading": true, "onboardingLoading": true}
 INFO  [2026-09-09T10:25:40.020Z] [INFO] [BookingsContext] Starting to fetch all listings from Supabase...
 LOG  [DB] Fetching listings from Supabase... 
 LOG  [DB] Fetching products... 
 INFO  [2026-09-09T10:25:40.032Z] [INFO] [MarketplaceContext] Saved products are backend-only (no local state)
 LOG  [DB] Fetching posts...
 LOG  [DB] Fetching stories...
 INFO  [2026-09-09T10:25:40.050Z] [INFO] [SocialContext] Social interaction state is in-memory only
 INFO  [2026-09-09T10:25:40.051Z] [INFO] [SocialContext] Story interaction state is in-memory only
 INFO  [2026-09-09T10:25:40.051Z] [INFO] [SocialContext] User posts are loaded from Supabase posts table
 INFO  [2026-09-09T10:25:40.051Z] [INFO] [SocialContext] User stories are loaded from Supabase stories table
 INFO  [2026-09-09T10:25:40.058Z] [INFO] [Root] App mounted
 WARN  [DB] No authenticated user available — returning null
 INFO  [2026-09-09T10:25:40.075Z] [INFO] [BookingsContext] Fetching my listings for host {"hostId": ""}
 INFO  [2026-09-09T10:25:40.078Z] [INFO] [Auth] Auth state changed {"event": "INITIAL_SESSION", "hasSession": false}
 INFO  [2026-09-09T10:25:40.094Z] [INFO] [RootLayout] Still loading... {"authLoading": false, "onboardingLoading": true}
 INFO  [2026-09-09T10:25:40.096Z] [INFO] [BookingsContext] Hydrated favorites {"length": 0}
 INFO  [2026-09-09T10:25:40.096Z] [INFO] [BookingsContext] Hydrated rental submissions {"length": 0}
 INFO  [2026-09-09T10:25:40.097Z] [INFO] [MessagingContext] Hydrated messaging state from storage
 INFO  [2026-09-09T10:25:40.097Z] [INFO] [ConnectionsContext] Building connections from Supabase users
 LOG  [DB] Fetching users...
 INFO  [2026-09-09T10:25:40.099Z] [INFO] [Theme] Loaded saved theme {"savedTheme": "dark"}
 INFO  [2026-09-09T10:25:40.099Z] [INFO] [BookingsContext] Hydrated bookings from local {"length": 0}
 INFO  [2026-09-09T10:25:40.140Z] [INFO] [RootLayout] Navigation check {"currentSegment": "", "hasInitialized": false, "isAuthenticated": false, "onboardingCompleted": true}
 INFO  [2026-09-09T10:25:40.141Z] [INFO] [RootLayout] Navigating to {"targetRoute": "/welcome"}
 INFO  [2026-09-09T10:25:40.290Z] [INFO] [RootLayout] Navigation check {"currentSegment": "welcome", "hasInitialized": true, "isAuthenticated": false, "onboardingCompleted": true}
 LOG  [DB] Fetched users: 10
 LOG  [DB] Fetched posts: 22
 INFO  [2026-09-09T10:25:40.492Z] [INFO] [SocialContext] Fetched posts from Supabase {"length": 22}
 LOG  [DB] Fetching users...
 LOG  [DB] Fetched stories: 0
 INFO  [2026-09-09T10:25:40.536Z] [INFO] [SocialContext] No Supabase stories
 LOG  [DB] Fetched listings from Supabase: 0
 INFO  [2026-09-09T10:25:40.538Z] [INFO] [BookingsContext] Listings query result {"value": 0}
 INFO  [2026-09-09T10:25:40.538Z] [INFO] [BookingsContext] No listings found in Supabase
 LOG  [DB] Fetched products: 0
 LOG  [DB] Fetched users: 10
 INFO  [2026-09-09T10:25:40.761Z] [INFO] [SocialContext] Built default state for {"length": 22}
 INFO  [2026-09-09T10:25:40.766Z] [INFO] [SocialContext] Merged persisted interactions {"merged": 24}
 INFO  [2026-09-09T10:25:40.823Z] [INFO] [SocialContext] Loaded {"length": 22}
 INFO  [2026-09-09T10:25:40.823Z] [INFO] [SocialContext] Built default state for {"length": 22}
 LOG  [Welcome] handleLogin
 INFO  [2026-09-09T10:25:45.185Z] [INFO] [Auth] Sign in with {"trimmedInput": "doseofitllc@gmail.com", "value": "email"}
 INFO  [2026-09-09T10:25:45.683Z] [INFO] [Auth] Auth state changed {"event": "SIGNED_IN", "hasSession": true}
 INFO  [2026-09-09T10:25:45.983Z] [INFO] [Auth] Built profile {"hasName": true, "phone": null, "userId": "d8694830-980e-43e7-9763-979eae54e1da"}
 INFO  [2026-09-09T10:25:46.035Z] [INFO] [RootLayout] Navigation check {"currentSegment": "welcome", "hasInitialized": true, "isAuthenticated": true, "onboardingCompleted": true}
 INFO  [2026-09-09T10:25:46.036Z] [INFO] [RootLayout] Navigating to {"targetRoute": "/(tabs)/(home)"}
 INFO  [2026-09-09T10:25:46.045Z] [INFO] [Planner] Fetching plans...
 INFO  [2026-09-09T10:25:46.064Z] [INFO] [Auth] Sign in successful
 LOG  [Welcome] signIn result: {"success": true}
 INFO  [2026-09-09T10:25:46.065Z] [INFO] [MessagingContext] Hydrated messaging state from storage
 LOG  Grid load: ["grabbedBundles"]
 LOG  Grid load: {"bundles": "recommend", "grabbedCount": 0}
 INFO  [2026-09-09T10:25:46.314Z] [INFO] [RootLayout] Navigation check {"currentSegment": "(tabs)", "hasInitialized": true, "isAuthenticated": true, "onboardingCompleted": true}
 ERROR  Grabbed bundles error: {"code": "42703", "details": null, "hint": null, "message": "column job_requests.proposed_budget does not exist"} 

Code: index.tsx
[0m [90m 1342 |[39m             [36mreturn[39m [][33m;[39m
 [90m 1343 |[39m           }
[31m[1m>[22m[39m[90m 1344 |[39m           console[33m.[39merror([32m'Grabbed bundles error:'[39m[33m,[39m error)[33m;[39m
 [90m      |[39m                        [31m[1m^[22m[39m
 [90m 1345 |[39m           [36mreturn[39m [][33m;[39m
 [90m 1346 |[39m         }
 [90m 1347 |[39m[0m
Call Stack
  useQuery$argument_0.queryFn (app/(tabs)/(home)/index.tsx:1344:24)
 LOG  Grid load: {"bundles": "recommend", "grabbedCount": 0}
 INFO  [2026-09-09T10:25:46.507Z] [INFO] [Planner] Fetched plans from Supabase {"length": 9}
 INFO  [2026-09-09T10:25:46.599Z] [INFO] [MessagingContext] Synced Supabase conversations {"added": 1}
 ERROR  [Error: Uncaught (in promise, id: 0) Object {
  "code": "PGRST204",
  "details": null,
  "hint": null,
  "message": "Could not find the 'view' column of 'bundles' in the schema cache",
}] Uncaught (in promise, id: 0) Object {
  "code": "PGRST204",
  "details": null,
  "hint": null,
  "message": "Could not find the 'view' column of 'bundles' in the schema cache",
}
 ERROR  [Error: Uncaught (in promise, id: 1) Object {
  "code": "PGRST204",
  "details": null,
  "hint": null,
  "message": "Could not find the 'view' column of 'skill_deals' in the schema cache",
}] Uncaught (in promise, id: 1) Object {
  "code": "PGRST204",
  "details": null,
  "hint": null,
  "message": "Could not find the 'view' column of 'skill_deals' in the schema cache",
}
 INFO  [2026-09-09T10:25:52.691Z] [INFO] [RootLayout] Navigation check {"currentSegment": "(tabs)", "hasInitialized": true, "isAuthenticated": true, "onboardingCompleted": true}
 INFO  [2026-09-09T10:25:53.995Z] [INFO] [RootLayout] Navigation check {"currentSegment": "(tabs)", "hasInitialized": true, "isAuthenticated": true, "onboardingCompleted": true}
 ERROR  [Error: Cannot find native module 'ExponentAV'] 

Code: audio-relay.ts
[0m [90m 12 |[39m [90m */[39m
 [90m 13 |[39m
[31m[1m>[22m[39m[90m 14 |[39m [36mimport[39m { [33mAudio[39m } [36mfrom[39m [32m'expo-av'[39m[33m;[39m
 [90m    |[39m [31m[1m^[22m[39m
 [90m 15 |[39m [36mimport[39m { [33mPlatform[39m } [36mfrom[39m [32m'react-native'[39m[33m;[39m
 [90m 16 |[39m
 [90m 17 |[39m [90m// ── Types ──[39m[0m
Call Stack
  <global> (lib/audio-relay.ts:14)
  <global> (hooks/useLiveAudio.ts:10)
  <global> (app/(tabs)/live/room/[roomId].tsx:25) 

Code: _layout.tsx
[0m [90m 3 |[39m [36mexport[39m [36mdefault[39m [36mfunction[39m [33mLiveLayout[39m() {
 [90m 4 |[39m   [36mreturn[39m (
[31m[1m>[22m[39m[90m 5 |[39m     [33m<[39m[33mStack[39m screenOptions[33m=[39m{{ headerShown[33m:[39m [36mfalse[39m }}[33m>[39m
 [90m   |[39m     [31m[1m^[22m[39m
 [90m 6 |[39m       [33m<[39m[33mStack[39m[33m.[39m[33mScreen[39m name[33m=[39m[32m"index"[39m [33m/[39m[33m>[39m
 [90m 7 |[39m       [33m<[39m[33mStack[39m[33m.[39m[33mScreen[39m name[33m=[39m[32m"room/[roomId]"[39m [33m/[39m[33m>[39m
 [90m 8 |[39m     [33m<[39m[33m/[39m[33mStack[39m[33m>[39m[0m
Call Stack
  LiveLayout (app/(tabs)/live/_layout.tsx:5:5)
  TabLayout (app/(tabs)/_layout.tsx:19:5)
  RootLayoutNav (app/_layout.tsx:108:5)
  RootLayoutNavWithTheme (app/_layout.tsx:146:11)
  RootLayout (app/_layout.tsx:231:47)
 ERROR  [Error: Cannot find native module 'ExponentAV'] 

Code: audio-relay.ts
[0m [90m 12 |[39m [90m */[39m
 [90m 13 |[39m
[31m[1m>[22m[39m[90m 14 |[39m [36mimport[39m { [33mAudio[39m } [36mfrom[39m [32m'expo-av'[39m[33m;[39m
 [90m    |[39m [31m[1m^[22m[39m
 [90m 15 |[39m [36mimport[39m { [33mPlatform[39m } [36mfrom[39m [32m'react-native'[39m[33m;[39m
 [90m 16 |[39m
 [90m 17 |[39m [90m// ── Types ──[39m[0m
Call Stack
  <global> (lib/audio-relay.ts:14)
  <global> (hooks/useLiveAudio.ts:10)
  <global> (app/(tabs)/live/room/[roomId].tsx:25) 

Code: _layout.tsx
[0m [90m 3 |[39m [36mexport[39m [36mdefault[39m [36mfunction[39m [33mLiveLayout[39m() {
 [90m 4 |[39m   [36mreturn[39m (
[31m[1m>[22m[39m[90m 5 |[39m     [33m<[39m[33mStack[39m screenOptions[33m=[39m{{ headerShown[33m:[39m [36mfalse[39m }}[33m>[39m
 [90m   |[39m     [31m[1m^[22m[39m
 [90m 6 |[39m       [33m<[39m[33mStack[39m[33m.[39m[33mScreen[39m name[33m=[39m[32m"index"[39m [33m/[39m[33m>[39m
 [90m 7 |[39m       [33m<[39m[33mStack[39m[33m.[39m[33mScreen[39m name[33m=[39m[32m"room/[roomId]"[39m [33m/[39m[33m>[39m
 [90m 8 |[39m     [33m<[39m[33m/[39m[33mStack[39m[33m>[39m[0m
Call Stack
  LiveLayout (app/(tabs)/live/_layout.tsx:5:5)
  TabLayout (app/(tabs)/_layout.tsx:19:5)
  RootLayoutNav (app/_layout.tsx:108:5)
  RootLayoutNavWithTheme (app/_layout.tsx:146:11)
  RootLayout (app/_layout.tsx:231:47)
 LOG  [AppErrorBoundary] Caught error {"error": [TypeError: Cannot read property 'ErrorBoundary' of undefined], "errorInfo": {"componentStack": "
    at SceneView (http://hsrnekw-sharehost-8081.exp.direct/node_modules/expo-router/entry.bundle//&platform=ios&dev=true&hot=false&lazy=true&transform.engine=hermes&transform.bytecode=1&transform.routerRoot=app&unstable_transformProfile=hermes-stable:107491:3)
    at NavigationProvider (http://hsrnekw-sharehost-8081.exp.direct/node_modules/expo-router/entry.bundle//&platform=ios&dev=true&hot=false&lazy=true&transform.engine=hermes&transform.bytecode=1&transform.routerRoot=app&unstable_transformProfile=hermes-stable:105391:3)
    at RNSScreenContentWrapper (<anonymous>)
    at ScreenContentWrapper (<anonymous>)
    at DebugContainer (http://hsrnekw-sharehost-8081.exp.direct/node_modules/expo-router/entry.bundle//&platform=ios&dev=true&hot=false&lazy=true&transform.engine=hermes&transform.bytecode=1&transform.routerRoot=app&unstable_transformProfile=hermes-stable:125563:9)
    at RNSScreen (<anonymous>)
    at Animated(Anonymous) (http://hsrnekw-sharehost-8081.exp.direct/node_modules/expo-router/entry.bundle//&platform=ios&dev=true&hot=false&lazy=true&transform.engine=hermes&transform.bytecode=1&transform.routerRoot=app&unstable_transformProfile=hermes-stable:68399:29)
    at Suspender (http://hsrnekw-sharehost-8081.exp.direct/node_modules/expo-router/entry.bundle//&platform=ios&dev=true&hot=false&lazy=true&transform.engine=hermes&transform.bytecode=1&transform.routerRoot=app&unstable_transformProfile=hermes-stable:123598:3)
    at Suspense (<anonymous>)
    at Freeze (http://hsrnekw-sharehost-8081.exp.direct/node_modules/expo-router/entry.bundle//&platform=ios&dev=true&hot=false&lazy=true&transform.engine=hermes&transform.bytecode=1&transform.routerRoot=app&unstable_transformProfile=hermes-stable:123609:3)
    at DelayedFreeze (http://hsrnekw-sharehost-8081.exp.direct/node_modules/expo-router/entry.bundle//&platform=ios&dev=true&hot=false&lazy=true&transform.engine=hermes&transform.bytecode=1&transform.routerRoot=app&unstable_transformProfile=hermes-stable:123565:3)
    at InnerScreen (http://hsrnekw-sharehost-8081.exp.direct/node_modules/expo-router/entry.bundle//&platform=ios&dev=true&hot=false&lazy=true&transform.engine=hermes&transform.bytecode=1&transform.routerRoot=app&unstable_transformProfile=hermes-stable:123302:40)
    at Screen (http://hsrnekw-sharehost-8081.exp.direct/node_modules/expo-router/entry.bundle//&platform=ios&dev=true&hot=false&lazy=true&transform.engine=hermes&transform.bytecode=1&transform.routerRoot=app&unstable_transformProfile=hermes-stable:123501:49)
    at ScreenStackItem (http://hsrnekw-sharehost-8081.exp.direct/node_modules/expo-router/entry.bundle//&platform=ios&dev=true&hot=false&lazy=true&transform.engine=hermes&transform.bytecode=1&transform.routerRoot=app&unstable_transformProfile=hermes-stable:125330:3)
    at NavigationProvider (http://hsrnekw-sharehost-8081.exp.direct/node_modules/expo-router/entry.bundle//&platform=ios&dev=true&hot=false&lazy=true&transform.engine=hermes&transform.bytecode=1&transform.routerRoot=app&unstable_transformProfile=hermes-stable:105391:3)
    at SceneView (http://hsrnekw-sharehost-8081.exp.direct/node_modules/expo-router/entry.bundle//&platform=ios&dev=true&hot=false&lazy=true&transform.engine=hermes&transform.bytecode=1&transform.routerRoot=app&unstable_transformProfile=hermes-stable:133177:19)
    at RNSScreenStack (<anonymous>)
    at anonymous (http://hsrnekw-sharehost-8081.exp.direct/node_modules/expo-router/entry.bundle//&platform=ios&dev=true&hot=false&lazy=true&transform.engine=hermes&transform.bytecode=1&transform.routerRoot=app&unstable_transformProfile=hermes-stable:125217:20)
    at ScreenStack (http://hsrnekw-sharehost-8081.exp.direct/node_modules/expo-router/entry.bundle//&platform=ios&dev=true&hot=false&lazy=true&transform.engine=hermes&transform.bytecode=1&transform.routerRoot=app&unstable_transformProfile=hermes-stable:125150:7)
    at RCTView (<anonymous>)
    at View (http://hsrnekw-sharehost-8081.exp.direct/node_modules/expo-router/entry.bundle//&platform=ios&dev=true&hot=false&lazy=true&transform.engine=hermes&transform.bytecode=1&transform.routerRoot=app&unstable_transformProfile=hermes-stable:58373:3)
    at FrameSizeProvider (http://hsrnekw-sharehost-8081.exp.direct/node_modules/expo-router/entry.bundle//&platform=ios&dev=true&hot=false&lazy=true&transform.engine=hermes&transform.bytecode=1&transform.routerRoot=app&unstable_transformProfile=hermes-stable:120446:3)
    at SafeAreaProviderCompat (http://hsrnekw-sharehost-8081.exp.direct/node_modules/expo-router/entry.bundle//&platform=ios&dev=true&hot=false&lazy=true&transform.engine=hermes&transform.bytecode=1&transform.routerRoot=app&unstable_transformProfile=hermes-stable:121892:3)
    at NativeStackView (http://hsrnekw-sharehost-8081.exp.direct/node_modules/expo-router/entry.bundle//&platform=ios&dev=true&hot=false&lazy=true&transform.engine=hermes&transform.bytecode=1&transform.routerRoot=app&unstable_transformProfile=hermes-stable:133492:3)
    at PreventRemoveProvider (http://hsrnekw-sharehost-8081.exp.direct/node_modules/expo-router/entry.bundle//&platform=ios&dev=true&hot=false&lazy=true&transform.engine=hermes&transform.bytecode=1&transform.routerRoot=app&unstable_transformProfile=hermes-stable:105716:3)
    at NavigationStateListenerProvider (http://hsrnekw-sharehost-8081.exp.direct/node_modules/expo-router/entry.bundle//&platform=ios&dev=true&hot=false&lazy=true&transform.engine=hermes&transform.bytecode=1&transform.routerRoot=app&unstable_transformProfile=hermes-stable:108392:3)
    at NavigationContent (http://hsrnekw-sharehost-8081.exp.direct/node_modules/expo-router/entry.bundle//&platform=ios&dev=true&hot=false&lazy=true&transform.engine=hermes&transform.bytecode=1&transform.routerRoot=app&unstable_transformProfile=hermes-stable:107144:27)
    at anonymous (http://hsrnekw-sharehost-8081.exp.direct/node_modules/expo-router/entry.bundle//&platform=ios&dev=true&hot=false&lazy=true&transform.engine=hermes&transform.bytecode=1&transform.routerRoot=app&unstable_transformProfile=hermes-stable:107159:25)
    at NativeStackNavigator (http://hsrnekw-sharehost-8081.exp.direct/node_modules/expo-router/entry.bundle//&platform=ios&dev=true&hot=false&lazy=true&transform.engine=hermes&transform.bytecode=1&transform.routerRoot=app&unstable_transformProfile=hermes-stable:132537:3)
    at anonymous (http://hsrnekw-sharehost-8081.exp.direct/node_modules/expo-router/entry.bundle//&platform=ios&dev=true&hot=false&lazy=true&transform.engine=hermes&transform.bytecode=1&transform.routerRoot=app&unstable_transformProfile=hermes-stable:99318:50)
    at anonymous (http://hsrnekw-sharehost-8081.exp.direct/node_modules/expo-router/entry.bundle//&platform=ios&dev=true&hot=false&lazy=true&transform.engine=hermes&transform.bytecode=1&transform.routerRoot=app&unstable_transformProfile=hermes-stable:99073:56)
    at LiveLayout(./(tabs)/live/_layout.tsx) (<anonymous>)
    at WrappedScreenComponent (http://hsrnekw-sharehost-8081.exp.direct/node_modules/expo-router/entry.bundle//&platform=ios&dev=true&hot=false&lazy=true&transform.engine=hermes&transform.bytecode=1&transform.routerRoot=app&unstable_transformProfile=hermes-stable:115922:49)
    at Suspense (<anonymous>)
    at ZoomTransitionTargetContextProvider (http://hsrnekw-sharehost-8081.exp.direct/node_modules/expo-router/entry.bundle//&platform=ios&dev=true&hot=false&lazy=true&transform.engine=hermes&transform.bytecode=1&transform.routerRoot=app&unstable_transformProfile=hermes-stable:116528:3)
    at Route (http://hsrnekw-sharehost-8081.exp.direct/node_modules/expo-router/entry.bundle//&platform=ios&dev=true&hot=false&lazy=true&transform.engine=hermes&transform.bytecode=1&transform.routerRoot=app&unstable_transformProfile=hermes-stable:98503:3)
    at Route(live) (http://hsrnekw-sharehost-8081.exp.direct/node_modules/expo-router/entry.bundle//&platform=ios&dev=true&hot=false&lazy=true&transform.engine=hermes&transform.bytecode=1&transform.routerRoot=app&unstable_transformProfile=hermes-stable:115927:5)
    at StaticContainer (http://hsrnekw-sharehost-8081.exp.direct/node_modules/expo-router/entry.bundle//&platform=ios&dev=true&hot=false&lazy=true&transform.engine=hermes&transform.bytecode=1&transform.routerRoot=app&unstable_transformProfile=hermes-stable:107713:17)
    at EnsureSingleNavigator (http://hsrnekw-sharehost-8081.exp.direct/node_modules/expo-router/entry.bundle//&platform=ios&dev=true&hot=false&lazy=true&transform.engine=hermes&transform.bytecode=1&transform.routerRoot=app&unstable_transformProfile=hermes-stable:102113:3)
    at SceneView (http://hsrnekw-sharehost-8081.exp.direct/node_modules/expo-router/entry.bundle//&platform=ios&dev=true&hot=false&lazy=true&transform.engine=hermes&transform.bytecode=1&transform.routerRoot=app&unstable_transformProfile=hermes-stable:107491:3)
    at NavigationProvider (http://hsrnekw-sharehost-8081.exp.direct/node_modules/expo-router/entry.bundle//&platform=ios&dev=true&hot=false&lazy=true&transform.engine=hermes&transform.bytecode=1&transform.routerRoot=app&unstable_transformProfile=hermes-stable:105391:3)
    at RCTView (<anonymous>)
    at View (http://hsrnekw-sharehost-8081.exp.direct/node_modules/expo-router/entry.bundle//&platform=ios&dev=true&hot=false&lazy=true&transform.engine=hermes&transform.bytecode=1&transform.routerRoot=app&unstable_transformProfile=hermes-stable:58373:3)
    at RCTView (<anonymous>)
    at View (http://hsrnekw-sharehost-8081.exp.direct/node_modules/expo-router/entry.bundle//&platform=ios&dev=true&hot=false&lazy=true&transform.engine=hermes&transform.bytecode=1&transform.routerRoot=app&unstable_transformProfile=hermes-stable:58373:3)
    at Animated(View) (http://hsrnekw-sharehost-8081.exp.direct/node_modules/expo-router/entry.bundle//&platform=ios&dev=true&hot=false&lazy=true&transform.engine=hermes&transform.bytecode=1&transform.routerRoot=app&unstable_transformProfile=hermes-stable:68399:29)
    at Background (http://hsrnekw-sharehost-8081.exp.direct/node_modules/expo-router/entry.bundle//&platform=ios&dev=true&hot=false&lazy=true&transform.engine=hermes&transform.bytecode=1&transform.routerRoot=app&unstable_transformProfile=hermes-stable:117701:3)
    at Screen (http://hsrnekw-sharehost-8081.exp.direct/node_modules/expo-router/entry.bundle//&platform=ios&dev=true&hot=false&lazy=true&transform.engine=hermes&transform.bytecode=1&transform.routerRoot=app&unstable_transformProfile=hermes-stable:121993:73)
    at RNSScreen (<anonymous>)
    at Animated(Anonymous) (http://hsrnekw-sharehost-8081.exp.direct/node_modules/expo-router/entry.bundle//&platform=ios&dev=true&hot=false&lazy=true&transform.engine=hermes&transform.bytecode=1&transform.routerRoot=app&unstable_transformProfile=hermes-stable:68399:29)
    at Suspender (http://hsrnekw-sharehost-8081.exp.direct/node_modules/expo-router/entry.bundle//&platform=ios&dev=true&hot=false&lazy=true&transform.engine=hermes&transform.bytecode=1&transform.routerRoot=app&unstable_transformProfile=hermes-stable:123598:3)
    at Suspense (<anonymous>)
    at Freeze (http://hsrnekw-sharehost-8081.exp.direct/node_modules/expo-router/entry.bundle//&platform=ios&dev=true&hot=false&lazy=true&transform.engine=hermes&transform.bytecode=1&transform.routerRoot=app&unstable_transformProfile=hermes-stable:123609:3)
    at DelayedFreeze (http://hsrnekw-sharehost-8081.exp.direct/node_modules/expo-router/entry.bundle//&platform=ios&dev=true&hot=false&lazy=true&transform.engine=hermes&transform.bytecode=1&transform.routerRoot=app&unstable_transformProfile=hermes-stable:123565:3)
    at InnerScreen (http://hsrnekw-sharehost-8081.exp.direct/node_modules/expo-router/entry.bundle//&platform=ios&dev=true&hot=false&lazy=true&transform.engine=hermes&transform.bytecode=1&transform.routerRoot=app&unstable_transformProfile=hermes-stable:123302:40)
    at Screen (http://hsrnekw-sharehost-8081.exp.direct/node_modules/expo-router/entry.bundle//&platform=ios&dev=true&hot=false&lazy=true&transform.engine=hermes&transform.bytecode=1&transform.routerRoot=app&unstable_transformProfile=hermes-stable:123501:49)
    at MaybeScreen (http://hsrnekw-sharehost-8081.exp.direct/node_modules/expo-router/entry.bundle//&platform=ios&dev=true&hot=false&lazy=true&transform.engine=hermes&transform.bytecode=1&transform.routerRoot=app&unstable_transformProfile=hermes-stable:122967:3)
    at RNSScreenNavigationContainer (<anonymous>)
    at ScreenContainer (http://hsrnekw-sharehost-8081.exp.direct/node_modules/expo-router/entry.bundle//&platform=ios&dev=true&hot=false&lazy=true&transform.engine=hermes&transform.bytecode=1&transform.routerRoot=app&unstable_transformProfile=hermes-stable:125028:7)
    at MaybeScreenContainer (http://hsrnekw-sharehost-8081.exp.direct/node_modules/expo-router/entry.bundle//&platform=ios&dev=true&hot=false&lazy=true&transform.engine=hermes&transform.bytecode=1&transform.routerRoot=app&unstable_transformProfile=hermes-stable:122952:30)
    at RCTView (<anonymous>)
    at View (http://hsrnekw-sharehost-8081.exp.direct/node_modules/expo-router/entry.bundle//&platform=ios&dev=true&hot=false&lazy=true&transform.engine=hermes&transform.bytecode=1&transform.routerRoot=app&unstable_transformProfile=hermes-stable:58373:3)
    at FrameSizeProvider (http://hsrnekw-sharehost-8081.exp.direct/node_modules/expo-router/entry.bundle//&platform=ios&dev=true&hot=false&lazy=true&transform.engine=hermes&transform.bytecode=1&transform.routerRoot=app&unstable_transformProfile=hermes-stable:120446:3)
    at SafeAreaProviderCompat (http://hsrnekw-sharehost-8081.exp.direct/node_modules/expo-router/entry.bundle//&platform=ios&dev=true&hot=false&lazy=true&transform.engine=hermes&transform.bytecode=1&transform.routerRoot=app&unstable_transformProfile=hermes-stable:121892:3)
    at BottomTabView (http://hsrnekw-sharehost-8081.exp.direct/node_modules/expo-router/entry.bundle//&platform=ios&dev=true&hot=false&lazy=true&transform.engine=hermes&transform.bytecode=1&transform.routerRoot=app&unstable_transformProfile=hermes-stable:117108:7)
    at PreventRemoveProvider (http://hsrnekw-sharehost-8081.exp.direct/node_modules/expo-router/entry.bundle//&platform=ios&dev=true&hot=false&lazy=true&transform.engine=hermes&transform.bytecode=1&transform.routerRoot=app&unstable_transformProfile=hermes-stable:105716:3)
    at NavigationStateListenerProvider (http://hsrnekw-sharehost-8081.exp.direct/node_modules/expo-router/entry.bundle//&platform=ios&dev=true&hot=false&lazy=true&transform.engine=hermes&transform.bytecode=1&transform.routerRoot=app&unstable_transformProfile=hermes-stable:108392:3)
    at NavigationContent (http://hsrnekw-sharehost-8081.exp.direct/node_modules/expo-router/entry.bundle//&platform=ios&dev=true&hot=false&lazy=true&transform.engine=hermes&transform.bytecode=1&transform.routerRoot=app&unstable_transformProfile=hermes-stable:107144:27)
    at anonymous (http://hsrnekw-sharehost-8081.exp.direct/node_modules/expo-router/entry.bundle//&platform=ios&dev=true&hot=false&lazy=true&transform.engine=hermes&transform.bytecode=1&transform.routerRoot=app&unstable_transformProfile=hermes-stable:107159:25)
    at BottomTabNavigator (http://hsrnekw-sharehost-8081.exp.direct/node_modules/expo-router/entry.bundle//&platform=ios&dev=true&hot=false&lazy=true&transform.engine=hermes&transform.bytecode=1&transform.routerRoot=app&unstable_transformProfile=hermes-stable:116965:3)
    at anonymous (http://hsrnekw-sharehost-8081.exp.direct/node_modules/expo-router/entry.bundle//&platform=ios&dev=true&hot=false&lazy=true&transform.engine=hermes&transform.bytecode=1&transform.routerRoot=app&unstable_transformProfile=hermes-stable:99318:50)
    at TabLayout(./(tabs)/_layout.tsx) (http://hsrnekw-sharehost-8081.exp.direct/node_modules/expo-router/entry.bundle//&platform=ios&dev=true&hot=false&lazy=true&transform.engine=hermes&transform.bytecode=1&transform.routerRoot=app&unstable_transformProfile=hermes-stable:308670:44)
    at WrappedScreenComponent (http://hsrnekw-sharehost-8081.exp.direct/node_modules/expo-router/entry.bundle//&platform=ios&dev=true&hot=false&lazy=true&transform.engine=hermes&transform.bytecode=1&transform.routerRoot=app&unstable_transformProfile=hermes-stable:115922:49)
    at Suspense (<anonymous>)
    at ZoomTransitionTargetContextProvider (http://hsrnekw-sharehost-8081.exp.direct/node_modules/expo-router/entry.bundle//&platform=ios&dev=true&hot=false&lazy=true&transform.engine=hermes&transform.bytecode=1&transform.routerRoot=app&unstable_transformProfile=hermes-stable:116528:3)
    at Route (http://hsrnekw-sharehost-8081.exp.direct/node_modules/expo-router/entry.bundle//&platform=ios&dev=true&hot=false&lazy=true&transform.engine=hermes&transform.bytecode=1&transform.routerRoot=app&unstable_transformProfile=hermes-stable:98503:3)
    at Route((tabs)) (http://hsrnekw-sharehost-8081.exp.direct/node_modules/expo-router/entry.bundle//&platform=ios&dev=true&hot=false&lazy=true&transform.engine=hermes&transform.bytecode=1&transform.routerRoot=app&unstable_transformProfile=hermes-stable:115927:5)
    at StaticContainer (http://hsrnekw-sharehost-8081.exp.direct/node_modules/expo-router/entry.bundle//&platform=ios&dev=true&hot=false&lazy=true&transform.engine=hermes&transform.bytecode=1&transform.routerRoot=app&unstable_transformProfile=hermes-stable:107713:17)
    at EnsureSingleNavigator (http://hsrnekw-sharehost-8081.exp.direct/node_modules/expo-router/entry.bundle//&platform=ios&dev=true&hot=false&lazy=true&transform.engine=hermes&transform.bytecode=1&transform.routerRoot=app&unstable_transformProfile=hermes-stable:102113:3)
    at SceneView (http://hsrnekw-sharehost-8081.exp.direct/node_modules/expo-router/entry.bundle//&platform=ios&dev=true&hot=false&lazy=true&transform.engine=hermes&transform.bytecode=1&transform.routerRoot=app&unstable_transformProfile=hermes-stable:107491:3)
    at NavigationProvider (http://hsrnekw-sharehost-8081.exp.direct/node_modules/expo-router/entry.bundle//&platform=ios&dev=true&hot=false&lazy=true&transform.engine=hermes&transform.bytecode=1&transform.routerRoot=app&unstable_transformProfile=hermes-stable:105391:3)
    at RNSScreenContentWrapper (<anonymous>)
    at ScreenContentWrapper (<anonymous>)
    at DebugContainer (http://hsrnekw-sharehost-8081.exp.direct/node_modules/expo-router/entry.bundle//&platform=ios&dev=true&hot=false&lazy=true&transform.engine=hermes&transform.bytecode=1&transform.routerRoot=app&unstable_transformProfile=hermes-stable:125563:9)
    at RNSScreen (<anonymous>)
    at Animated(Anonymous) (http://hsrnekw-sharehost-8081.exp.direct/node_modules/expo-router/entry.bundle//&platform=ios&dev=true&hot=false&lazy=true&transform.engine=hermes&transform.bytecode=1&transform.routerRoot=app&unstable_transformProfile=hermes-stable:68399:29)
    at Suspender (http://hsrnekw-sharehost-8081.exp.direct/node_modules/expo-router/entry.bundle//&platform=ios&dev=true&hot=false&lazy=true&transform.engine=hermes&transform.bytecode=1&transform.routerRoot=app&unstable_transformProfile=hermes-stable:123598:3)
    at Suspense (<anonymous>)
    at Freeze (http://hsrnekw-sharehost-8081.exp.direct/node_modules/expo-router/entry.bundle//&platform=ios&dev=true&hot=false&lazy=true&transform.engine=hermes&transform.bytecode=1&transform.routerRoot=app&unstable_transformProfile=hermes-stable:123609:3)
    at DelayedFreeze (http://hsrnekw-sharehost-8081.exp.direct/node_modules/expo-router/entry.bundle//&platform=ios&dev=true&hot=false&lazy=true&transform.engine=hermes&transform.bytecode=1&transform.routerRoot=app&unstable_transformProfile=hermes-stable:123565:3)
    at InnerScreen (http://hsrnekw-sharehost-8081.exp.direct/node_modules/expo-router/entry.bundle//&platform=ios&dev=true&hot=false&lazy=true&transform.engine=hermes&transform.bytecode=1&transform.routerRoot=app&unstable_transformProfile=hermes-stable:123302:40)
    at Screen (http://hsrnekw-sharehost-8081.exp.direct/node_modules/expo-router/entry.bundle//&platform=ios&dev=true&hot=false&lazy=true&transform.engine=hermes&transform.bytecode=1&transform.routerRoot=app&unstable_transformProfile=hermes-stable:123501:49)
    at ScreenStackItem (http://hsrnekw-sharehost-8081.exp.direct/node_modules/expo-router/entry.bundle//&platform=ios&dev=true&hot=false&lazy=true&transform.engine=hermes&transform.bytecode=1&transform.routerRoot=app&unstable_transformProfile=hermes-stable:125330:3)
    at NavigationProvider (http://hsrnekw-sharehost-8081.exp.direct/node_modules/expo-router/entry.bundle//&platform=ios&dev=true&hot=false&lazy=true&transform.engine=hermes&transform.bytecode=1&transform.routerRoot=app&unstable_transformProfile=hermes-stable:105391:3)
    at SceneView (http://hsrnekw-sharehost-8081.exp.direct/node_modules/expo-router/entry.bundle//&platform=ios&dev=true&hot=false&lazy=true&transform.engine=hermes&transform.bytecode=1&transform.routerRoot=app&unstable_transformProfile=hermes-stable:133177:19)
    at RNSScreenStack (<anonymous>)
    at anonymous (http://hsrnekw-sharehost-8081.exp.direct/node_modules/expo-router/entry.bundle//&platform=ios&dev=true&hot=false&lazy=true&transform.engine=hermes&transform.bytecode=1&transform.routerRoot=app&unstable_transformProfile=hermes-stable:125217:20)
    at ScreenStack (http://hsrnekw-sharehost-8081.exp.direct/node_modules/expo-router/entry.bundle//&platform=ios&dev=true&hot=false&lazy=true&transform.engine=hermes&transform.bytecode=1&transform.routerRoot=app&unstable_transformProfile=hermes-stable:125150:7)
    at RCTView (<anonymous>)
    at View (http://hsrnekw-sharehost-8081.exp.direct/node_modules/expo-router/entry.bundle//&platform=ios&dev=true&hot=false&lazy=true&transform.engine=hermes&transform.bytecode=1&transform.routerRoot=app&unstable_transformProfile=hermes-stable:58373:3)
    at FrameSizeProvider (http://hsrnekw-sharehost-8081.exp.direct/node_modules/expo-router/entry.bundle//&platform=ios&dev=true&hot=false&lazy=true&transform.engine=hermes&transform.bytecode=1&transform.routerRoot=app&unstable_transformProfile=hermes-stable:120446:3)
    at SafeAreaProviderCompat (http://hsrnekw-sharehost-8081.exp.direct/node_modules/expo-router/entry.bundle//&platform=ios&dev=true&hot=false&lazy=true&transform.engine=hermes&transform.bytecode=1&transform.routerRoot=app&unstable_transformProfile=hermes-stable:121892:3)
    at NativeStackView (http://hsrnekw-sharehost-8081.exp.direct/node_modules/expo-router/entry.bundle//&platform=ios&dev=true&hot=false&lazy=true&transform.engine=hermes&transform.bytecode=1&transform.routerRoot=app&unstable_transformProfile=hermes-stable:133492:3)
    at PreventRemoveProvider (http://hsrnekw-sharehost-8081.exp.direct/node_modules/expo-router/entry.bundle//&platform=ios&dev=true&hot=false&lazy=true&transform.engine=hermes&transform.bytecode=1&transform.routerRoot=app&unstable_transformProfile=hermes-stable:105716:3)
    at NavigationStateListenerProvider (http://hsrnekw-sharehost-8081.exp.direct/node_modules/expo-router/entry.bundle//&platform=ios&dev=true&hot=false&lazy=true&transform.engine=hermes&transform.bytecode=1&transform.routerRoot=app&unstable_transformProfile=hermes-stable:108392:3)
    at NavigationContent (http://hsrnekw-sharehost-8081.exp.direct/node_modules/expo-router/entry.bundle//&platform=ios&dev=true&hot=false&lazy=true&transform.engine=hermes&transform.bytecode=1&transform.routerRoot=app&unstable_transformProfile=hermes-stable:107144:27)
    at anonymous (http://hsrnekw-sharehost-8081.exp.direct/node_modules/expo-router/entry.bundle//&platform=ios&dev=true&hot=false&lazy=true&transform.engine=hermes&transform.bytecode=1&transform.routerRoot=app&unstable_transformProfile=hermes-stable:107159:25)
    at NativeStackNavigator (http://hsrnekw-sharehost-8081.exp.direct/node_modules/expo-router/entry.bundle//&platform=ios&dev=true&hot=false&lazy=true&transform.engine=hermes&transform.bytecode=1&transform.routerRoot=app&unstable_transformProfile=hermes-stable:132537:3)
    at anonymous (http://hsrnekw-sharehost-8081.exp.direct/node_modules/expo-router/entry.bundle//&platform=ios&dev=true&hot=false&lazy=true&transform.engine=hermes&transform.bytecode=1&transform.routerRoot=app&unstable_transformProfile=hermes-stable:99318:50)
    at anonymous (http://hsrnekw-sharehost-8081.exp.direct/node_modules/expo-router/entry.bundle//&platform=ios&dev=true&hot=false&lazy=true&transform.engine=hermes&transform.bytecode=1&transform.routerRoot=app&unstable_transformProfile=hermes-stable:99073:56)
    at RootLayoutNav (http://hsrnekw-sharehost-8081.exp.direct/node_modules/expo-router/entry.bundle//&platform=ios&dev=true&hot=false&lazy=true&transform.engine=hermes&transform.bytecode=1&transform.routerRoot=app&unstable_transformProfile=hermes-stable:345526:48)
    at RCTView (<anonymous>)
    at View (http://hsrnekw-sharehost-8081.exp.direct/node_modules/expo-router/entry.bundle//&platform=ios&dev=true&hot=false&lazy=true&transform.engine=hermes&transform.bytecode=1&transform.routerRoot=app&unstable_transformProfile=hermes-stable:58373:3)
    at KeyboardAvoidingView (http://hsrnekw-sharehost-8081.exp.direct/node_modules/expo-router/entry.bundle//&platform=ios&dev=true&hot=false&lazy=true&transform.engine=hermes&transform.bytecode=1&transform.routerRoot=app&unstable_transformProfile=hermes-stable:74629:12)
    at RCTView (<anonymous>)
    at View (http://hsrnekw-sharehost-8081.exp.direct/node_modules/expo-router/entry.bundle//&platform=ios&dev=true&hot=false&lazy=true&transform.engine=hermes&transform.bytecode=1&transform.routerRoot=app&unstable_transformProfile=hermes-stable:58373:3)
    at RootLayoutNavWithTheme (http://hsrnekw-sharehost-8081.exp.direct/node_modules/expo-router/entry.bundle//&platform=ios&dev=true&hot=false&lazy=true&transform.engine=hermes&transform.bytecode=1&transform.routerRoot=app&unstable_transformProfile=hermes-stable:345638:44)
    at AppErrorBoundary (http://hsrnekw-sharehost-8081.exp.direct/node_modules/expo-router/entry.bundle//&platform=ios&dev=true&hot=false&lazy=true&transform.engine=hermes&transform.bytecode=1&transform.routerRoot=app&unstable_transformProfile=hermes-stable:400550:3)
    at anonymous (http://hsrnekw-sharehost-8081.exp.direct/node_modules/expo-router/entry.bundle//&platform=ios&dev=true&hot=false&lazy=true&transform.engine=hermes&transform.bytecode=1&transform.routerRoot=app&unstable_transformProfile=hermes-stable:267995:13)
    at OrdersProvider (http://hsrnekw-sharehost-8081.exp.direct/node_modules/expo-router/entry.bundle//&platform=ios&dev=true&hot=false&lazy=true&transform.engine=hermes&transform.bytecode=1&transform.routerRoot=app&unstable_transformProfile=hermes-stable:337372:3)
    at anonymous (http://hsrnekw-sharehost-8081.exp.direct/node_modules/expo-router/entry.bundle//&platform=ios&dev=true&hot=false&lazy=true&transform.engine=hermes&transform.bytecode=1&transform.routerRoot=app&unstable_transformProfile=hermes-stable:267995:13)
    at anonymous (http://hsrnekw-sharehost-8081.exp.direct/node_modules/expo-router/entry.bundle//&platform=ios&dev=true&hot=false&lazy=true&transform.engine=hermes&transform.bytecode=1&transform.routerRoot=app&unstable_transformProfile=hermes-stable:267995:13)
    at anonymous (http://hsrnekw-sharehost-8081.exp.direct/node_modules/expo-router/entry.bundle//&platform=ios&dev=true&hot=false&lazy=true&transform.engine=hermes&transform.bytecode=1&transform.routerRoot=app&unstable_transformProfile=hermes-stable:267995:13)
    at anonymous (http://hsrnekw-sharehost-8081.exp.direct/node_modules/expo-router/entry.bundle//&platform=ios&dev=true&hot=false&lazy=true&transform.engine=hermes&transform.bytecode=1&transform.routerRoot=app&unstable_transformProfile=hermes-stable:267995:13)
    at PlanProvider (http://hsrnekw-sharehost-8081.exp.direct/node_modules/expo-router/entry.bundle//&platform=ios&dev=true&hot=false&lazy=true&transform.engine=hermes&transform.bytecode=1&transform.routerRoot=app&unstable_transformProfile=hermes-stable:325073:3)
    at RoomProvider (http://hsrnekw-sharehost-8081.exp.direct/node_modules/expo-router/entry.bundle//&platform=ios&dev=true&hot=false&lazy=true&transform.engine=hermes&transform.bytecode=1&transform.routerRoot=app&unstable_transformProfile=hermes-stable:321550:3)
    at ServiceRequestProvider (http://hsrnekw-sharehost-8081.exp.direct/node_modules/expo-router/entry.bundle//&platform=ios&dev=true&hot=false&lazy=true&transform.engine=hermes&transform.bytecode=1&transform.routerRoot=app&unstable_transformProfile=hermes-stable:308294:3)
    at SkillProvider (http://hsrnekw-sharehost-8081.exp.direct/node_modules/expo-router/entry.bundle//&platform=ios&dev=true&hot=false&lazy=true&transform.engine=hermes&transform.bytecode=1&transform.routerRoot=app&unstable_transformProfile=hermes-stable:307902:3)
    at BundleProvider (http://hsrnekw-sharehost-8081.exp.direct/node_modules/expo-router/entry.bundle//&platform=ios&dev=true&hot=false&lazy=true&transform.engine=hermes&transform.bytecode=1&transform.routerRoot=app&unstable_transformProfile=hermes-stable:294771:3)
    at anonymous (http://hsrnekw-sharehost-8081.exp.direct/node_modules/expo-router/entry.bundle//&platform=ios&dev=true&hot=false&lazy=true&transform.engine=hermes&transform.bytecode=1&transform.routerRoot=app&unstable_transformProfile=hermes-stable:267995:13)
    at anonymous (http://hsrnekw-sharehost-8081.exp.direct/node_modules/expo-router/entry.bundle//&platform=ios&dev=true&hot=false&lazy=true&transform.engine=hermes&transform.bytecode=1&transform.routerRoot=app&unstable_transformProfile=hermes-stable:267995:13)
    at UserPostsProvider (http://hsrnekw-sharehost-8081.exp.direct/node_modules/expo-router/entry.bundle//&platform=ios&dev=true&hot=false&lazy=true&transform.engine=hermes&transform.bytecode=1&transform.routerRoot=app&unstable_transformProfile=hermes-stable:317249:3)
    at anonymous (http://hsrnekw-sharehost-8081.exp.direct/node_modules/expo-router/entry.bundle//&platform=ios&dev=true&hot=false&lazy=true&transform.engine=hermes&transform.bytecode=1&transform.routerRoot=app&unstable_transformProfile=hermes-stable:267995:13)
    at anonymous (http://hsrnekw-sharehost-8081.exp.direct/node_modules/expo-router/entry.bundle//&platform=ios&dev=true&hot=false&lazy=true&transform.engine=hermes&transform.bytecode=1&transform.routerRoot=app&unstable_transformProfile=hermes-stable:267995:13)
    at anonymous (http://hsrnekw-sharehost-8081.exp.direct/node_modules/expo-router/entry.bundle//&platform=ios&dev=true&hot=false&lazy=true&transform.engine=hermes&transform.bytecode=1&transform.routerRoot=app&unstable_transformProfile=hermes-stable:267995:13)
    at RNCSafeAreaProvider (<anonymous>)
    at SafeAreaProvider (http://hsrnekw-sharehost-8081.exp.direct/node_modules/expo-router/entry.bundle//&platform=ios&dev=true&hot=false&lazy=true&transform.engine=hermes&transform.bytecode=1&transform.routerRoot=app&unstable_transformProfile=hermes-stable:98116:3)
    at RCTView (<anonymous>)
    at View (http://hsrnekw-sharehost-8081.exp.direct/node_modules/expo-router/entry.bundle//&platform=ios&dev=true&hot=false&lazy=true&transform.engine=hermes&transform.bytecode=1&transform.routerRoot=app&unstable_transformProfile=hermes-stable:58373:3)
    at GestureHandlerRootView (http://hsrnekw-sharehost-8081.exp.direct/node_modules/expo-router/entry.bundle//&platform=ios&dev=true&hot=false&lazy=true&transform.engine=hermes&transform.bytecode=1&transform.routerRoot=app&unstable_transformProfile=hermes-stable:390702:3)
    at QueryClientProvider (http://hsrnekw-sharehost-8081.exp.direct/node_modules/expo-router/entry.bundle//&platform=ios&dev=true&hot=false&lazy=true&transform.engine=hermes&transform.bytecode=1&transform.routerRoot=app&unstable_transformProfile=hermes-stable:272922:29)
    at TRPCProvider (http://hsrnekw-sharehost-8081.exp.direct/node_modules/expo-router/entry.bundle//&platform=ios&dev=true&hot=false&lazy=true&transform.engine=hermes&transform.bytecode=1&transform.routerRoot=app&unstable_transformProfile=hermes-stable:300481:9)
    at ProviderErrorBoundary (http://hsrnekw-sharehost-8081.exp.direct/node_modules/expo-router/entry.bundle//&platform=ios&dev=true&hot=false&lazy=true&transform.engine=hermes&transform.bytecode=1&transform.routerRoot=app&unstable_transformProfile=hermes-stable:345671:12)
    at RootLayout(./_layout.tsx) (http://hsrnekw-sharehost-8081.exp.direct/node_modules/expo-router/entry.bundle//&platform=ios&dev=true&hot=false&lazy=true&transform.engine=hermes&transform.bytecode=1&transform.routerRoot=app&unstable_transformProfile=hermes-stable:345740:26)
    at WrappedScreenComponent (http://hsrnekw-sharehost-8081.exp.direct/node_modules/expo-router/entry.bundle//&platform=ios&dev=true&hot=false&lazy=true&transform.engine=hermes&transform.bytecode=1&transform.routerRoot=app&unstable_transformProfile=hermes-stable:115922:49)
    at Suspense (<anonymous>)
    at ZoomTransitionTargetContextProvider (http://hsrnekw-sharehost-8081.exp.direct/node_modules/expo-router/entry.bundle//&platform=ios&dev=true&hot=false&lazy=true&transform.engine=hermes&transform.bytecode=1&transform.routerRoot=app&unstable_transformProfile=hermes-stable:116528:3)
    at Route (http://hsrnekw-sharehost-8081.exp.direct/node_modules/expo-router/entry.bundle//&platform=ios&dev=true&hot=false&lazy=true&transform.engine=hermes&transform.bytecode=1&transform.routerRoot=app&unstable_transformProfile=hermes-stable:98503:3)
    at Route() (http://hsrnekw-sharehost-8081.exp.direct/node_modules/expo-router/entry.bundle//&platform=ios&dev=true&hot=false&lazy=true&transform.engine=hermes&transform.bytecode=1&transform.routerRoot=app&unstable_transformProfile=hermes-stable:115927:5)
    at StaticContainer (http://hsrnekw-sharehost-8081.exp.direct/node_modules/expo-router/entry.bundle//&platform=ios&dev=true&hot=false&lazy=true&transform.engine=hermes&transform.bytecode=1&transform.routerRoot=app&unstable_transformProfile=hermes-stable:107713:17)
    at EnsureSingleNavigator (http://hsrnekw-sharehost-8081.exp.direct/node_modules/expo-router/entry.bundle//&platform=ios&dev=true&hot=false&lazy=true&transform.engine=hermes&transform.bytecode=1&transform.routerRoot=app&unstable_transformProfile=hermes-stable:102113:3)
    at SceneView (http://hsrnekw-sharehost-8081.exp.direct/node_modules/expo-router/entry.bundle//&platform=ios&dev=true&hot=false&lazy=true&transform.engine=hermes&transform.bytecode=1&transform.routerRoot=app&unstable_transformProfile=hermes-stable:107491:3)
    at NavigationProvider (http://hsrnekw-sharehost-8081.exp.direct/node_modules/expo-router/entry.bundle//&platform=ios&dev=true&hot=false&lazy=true&transform.engine=hermes&transform.bytecode=1&transform.routerRoot=app&unstable_transformProfile=hermes-stable:105391:3)
    at PreventRemoveProvider (http://hsrnekw-sharehost-8081.exp.direct/node_modules/expo-router/entry.bundle//&platform=ios&dev=true&hot=false&lazy=true&transform.engine=hermes&transform.bytecode=1&transform.routerRoot=app&unstable_transformProfile=hermes-stable:105716:3)
    at NavigationStateListenerProvider (http://hsrnekw-sharehost-8081.exp.direct/node_modules/expo-router/entry.bundle//&platform=ios&dev=true&hot=false&lazy=true&transform.engine=hermes&transform.bytecode=1&transform.routerRoot=app&unstable_transformProfile=hermes-stable:108392:3)
    at NavigationContent (http://hsrnekw-sharehost-8081.exp.direct/node_modules/expo-router/entry.bundle//&platform=ios&dev=true&hot=false&lazy=true&transform.engine=hermes&transform.bytecode=1&transform.routerRoot=app&unstable_transformProfile=hermes-stable:107144:27)
    at anonymous (http://hsrnekw-sharehost-8081.exp.direct/node_modules/expo-router/entry.bundle//&platform=ios&dev=true&hot=false&lazy=true&transform.engine=hermes&transform.bytecode=1&transform.routerRoot=app&unstable_transformProfile=hermes-stable:107159:25)
    at Content (http://hsrnekw-sharehost-8081.exp.direct/node_modules/expo-router/entry.bundle//&platform=ios&dev=true&hot=false&lazy=true&transform.engine=hermes&transform.bytecode=1&transform.routerRoot=app&unstable_transformProfile=hermes-stable:136774:43)
    at RNCSafeAreaProvider (<anonymous>)
    at SafeAreaProvider (http://hsrnekw-sharehost-8081.exp.direct/node_modules/expo-router/entry.bundle//&platform=ios&dev=true&hot=false&lazy=true&transform.engine=hermes&transform.bytecode=1&transform.routerRoot=app&unstable_transformProfile=hermes-stable:98116:3)
    at LinkPreviewContextProvider (http://hsrnekw-sharehost-8081.exp.direct/node_modules/expo-router/entry.bundle//&platform=ios&dev=true&hot=false&lazy=true&transform.engine=hermes&transform.bytecode=1&transform.routerRoot=app&unstable_transformProfile=hermes-stable:130350:3)
    at anonymous (http://hsrnekw-sharehost-8081.exp.direct/node_modules/expo-router/entry.bundle//&platform=ios&dev=true&hot=false&lazy=true&transform.engine=hermes&transform.bytecode=1&transform.routerRoot=app&unstable_transformProfile=hermes-stable:136666:46)
    at ThemeProvider (http://hsrnekw-sharehost-8081.exp.direct/node_modules/expo-router/entry.bundle//&platform=ios&dev=true&hot=false&lazy=true&transform.engine=hermes&transform.bytecode=1&transform.routerRoot=app&unstable_transformProfile=hermes-stable:102608:3)
    at EnsureSingleNavigator (http://hsrnekw-sharehost-8081.exp.direct/node_modules/expo-router/entry.bundle//&platform=ios&dev=true&hot=false&lazy=true&transform.engine=hermes&transform.bytecode=1&transform.routerRoot=app&unstable_transformProfile=hermes-stable:102113:3)
    at BaseNavigationContainer (http://hsrnekw-sharehost-8081.exp.direct/node_modules/expo-router/entry.bundle//&platform=ios&dev=true&hot=false&lazy=true&transform.engine=hermes&transform.bytecode=1&transform.routerRoot=app&unstable_transformProfile=hermes-stable:100309:3)
    at NavigationContainerInner (http://hsrnekw-sharehost-8081.exp.direct/node_modules/expo-router/entry.bundle//&platform=ios&dev=true&hot=false&lazy=true&transform.engine=hermes&transform.bytecode=1&transform.routerRoot=app&unstable_transformProfile=hermes-stable:136946:3)
    at ContextNavigator (http://hsrnekw-sharehost-8081.exp.direct/node_modules/expo-router/entry.bundle//&platform=ios&dev=true&hot=false&lazy=true&transform.engine=hermes&transform.bytecode=1&transform.routerRoot=app&unstable_transformProfile=hermes-stable:136692:3)
    at ExpoRoot (http://hsrnekw-sharehost-8081.exp.direct/node_modules/expo-router/entry.bundle//&platform=ios&dev=true&hot=false&lazy=true&transform.engine=hermes&transform.bytecode=1&transform.routerRoot=app&unstable_transformProfile=hermes-stable:136656:3)
    at App (<anonymous>)
    at withDevTools(App) (http://hsrnekw-sharehost-8081.exp.direct/node_modules/expo-router/entry.bundle//&platform=ios&dev=true&hot=false&lazy=true&transform.engine=hermes&transform.bytecode=1&transform.routerRoot=app&unstable_transformProfile=hermes-stable:92579:27)
    at RCTView (<anonymous>)
    at View (http://hsrnekw-sharehost-8081.exp.direct/node_modules/expo-router/entry.bundle//&platform=ios&dev=true&hot=false&lazy=true&transform.engine=hermes&transform.bytecode=1&transform.routerRoot=app&unstable_transformProfile=hermes-stable:58373:3)
    at RCTView (<anonymous>)
    at View (http://hsrnekw-sharehost-8081.exp.direct/node_modules/expo-router/entry.bundle//&platform=ios&dev=true&hot=false&lazy=true&transform.engine=hermes&transform.bytecode=1&transform.routerRoot=app&unstable_transformProfile=hermes-stable:58373:3)
    at AppContainer (http://hsrnekw-sharehost-8081.exp.direct/node_modules/expo-router/entry.bundle//&platform=ios&dev=true&hot=false&lazy=true&transform.engine=hermes&transform.bytecode=1&transform.routerRoot=app&unstable_transformProfile=hermes-stable:58182:22)
    at main(RootComponent) (http://hsrnekw-sharehost-8081.exp.direct/node_modules/expo-router/entry.bundle//&platform=ios&dev=true&hot=false&lazy=true&transform.engine=hermes&transform.bytecode=1&transform.routerRoot=app&unstable_transformProfile=hermes-stable:81696:34)"}}
 ERROR  [TypeError: Cannot read property 'ErrorBoundary' of undefined] 

Code: _layout.tsx
[0m [90m 3 |[39m [36mexport[39m [36mdefault[39m [36mfunction[39m [33mLiveLayout[39m() {
 [90m 4 |[39m   [36mreturn[39m (
[31m[1m>[22m[39m[90m 5 |[39m     [33m<[39m[33mStack[39m screenOptions[33m=[39m{{ headerShown[33m:[39m [36mfalse[39m }}[33m>[39m
 [90m   |[39m     [31m[1m^[22m[39m
 [90m 6 |[39m       [33m<[39m[33mStack[39m[33m.[39m[33mScreen[39m name[33m=[39m[32m"index"[39m [33m/[39m[33m>[39m
 [90m 7 |[39m       [33m<[39m[33mStack[39m[33m.[39m[33mScreen[39m name[33m=[39m[32m"room/[roomId]"[39m [33m/[39m[33m>[39m
 [90m 8 |[39m     [33m<[39m[33m/[39m[33mStack[39m[33m>[39m[0m
Call Stack
  LiveLayout (app/(tabs)/live/_layout.tsx:5:5)
  TabLayout (app/(tabs)/_layout.tsx:19:5)
  RootLayoutNav (app/_layout.tsx:108:5)
  RootLayoutNavWithTheme (app/_layout.tsx:146:11)
  RootLayout (app/_layout.tsx:231:47)
 INFO  [2026-09-09T10:25:57.633Z] [INFO] [RootLayout] Navigation check {"currentSegment": "", "hasInitialized": false, "isAuthenticated": true, "onboardingCompleted": true}
 INFO  [2026-09-09T10:25:57.635Z] [INFO] [RootLayout] Navigating to {"targetRoute": "/(tabs)/(home)"}
 INFO  [2026-09-09T10:25:57.645Z] [INFO] [RootLayout] Navigation check {"currentSegment": "welcome", "hasInitialized": false, "isAuthenticated": true, "onboardingCompleted": true}
 INFO  [2026-09-09T10:25:57.646Z] [INFO] [RootLayout] Navigating to {"targetRoute": "/(tabs)/(home)"}
 LOG  Grid load: ["grabbedBundles"]
 LOG  Grid load: {"bundles": "recommend", "grabbedCount": 0}
 INFO  [2026-09-09T10:25:57.741Z] [INFO] [RootLayout] Navigation check {"currentSegment": "(tabs)", "hasInitialized": true, "isAuthenticated": true, "onboardingCompleted": true}
 ERROR  Grabbed bundles error: {"code": "42703", "details": null, "hint": null, "message": "column job_requests.proposed_budget does not exist"} 

Code: index.tsx
[0m [90m 1342 |[39m             [36mreturn[39m [][33m;[39m
 [90m 1343 |[39m           }
[31m[1m>[22m[39m[90m 1344 |[39m           console[33m.[39merror([32m'Grabbed bundles error:'[39m[33m,[39m error)[33m;[39m
 [90m      |[39m                        [31m[1m^[22m[39m
 [90m 1345 |[39m           [36mreturn[39m [][33m;[39m
 [90m 1346 |[39m         }
 [90m 1347 |[39m[0m
Call Stack
  useQuery$argument_0.queryFn (app/(tabs)/(home)/index.tsx:1344:24)
 ERROR  [Error: Uncaught (in promise, id: 2) Object {
  "code": "PGRST204",
  "details": null,
  "hint": null,
  "message": "Could not find the 'view' column of 'skill_deals' in the schema cache",
}] Uncaught (in promise, id: 2) Object {
  "code": "PGRST204",
  "details": null,
  "hint": null,
  "message": "Could not find the 'view' column of 'skill_deals' in the schema cache",
}
 ERROR  [Error: Uncaught (in promise, id: 3) Object {
  "code": "PGRST204",
  "details": null,
  "hint": null,
  "message": "Could not find the 'view' column of 'bundles' in the schema cache",
}] Uncaught (in promise, id: 3) Object {
  "code": "PGRST204",
  "details": null,
  "hint": null,
  "message": "Could not find the 'view' column of 'bundles' in the schema cache",
}
 INFO  [2026-09-09T10:26:40.453Z] [INFO] [RootLayout] Navigation check {"currentSegment": "(tabs)", "hasInitialized": true, "isAuthenticated": true, "onboardingCompleted": true}
 LOG  [Profile] Error fetching grabbed bundles: column job_requests.proposed_budget does not exist
Web  LOG  [DB] Fetching posts...
Web  LOG  [DB] Fetching stories...
Web  INFO  [2026-09-09T10:42:01.775Z] [INFO] [SocialContext] Social interaction state is in-memory only
Web  INFO  [2026-09-09T10:42:01.775Z] [INFO] [SocialContext] Story interaction state is in-memory only
Web  INFO  [2026-09-09T10:42:01.775Z] [INFO] [SocialContext] User posts are loaded from Supabase posts table
Web  INFO  [2026-09-09T10:42:01.775Z] [INFO] [SocialContext] User stories are loaded from Supabase stories table
Web  LOG  [DB] Fetching products... 
Web  INFO  [2026-09-09T10:42:01.775Z] [INFO] [MarketplaceContext] Saved products are backend-only (no local state)
Web  INFO  [2026-09-09T10:42:01.775Z] [INFO] [BookingsContext] Starting to fetch all listings from Supabase...
Web  LOG  [DB] Fetching listings from Supabase... 
Web  INFO  [2026-09-09T10:42:01.776Z] [INFO] [Planner] Fetching plans...
Web  LOG  Grid load: ["grabbedBundles"]
Web  INFO  [2026-09-09T10:42:01.776Z] [INFO] [ConnectionsContext] Building connections from Supabase users
Web  INFO  [2026-09-09T10:42:01.776Z] [INFO] [BookingsContext] Hydrated favorites {"length": 0}
Web  INFO  [2026-09-09T10:42:01.777Z] [INFO] [BookingsContext] Hydrated rental submissions {"length": 0}
Web  INFO  [2026-09-09T10:42:01.777Z] [INFO] [MessagingContext] Hydrated messaging state from storage
Web  INFO  [2026-09-09T10:42:01.803Z] [INFO] [Auth] Auth state changed {"event": "SIGNED_IN", "hasSession": true}
Web  INFO  [2026-09-09T10:42:04.696Z] [INFO] [RootLayout] Navigation check {"currentSegment": "(tabs)", "hasInitialized": true, "isAuthenticated": true, "onboardingCompleted": true}
Web  INFO  [2026-09-09T10:42:05.909Z] [INFO] [RootLayout] Navigation check {"currentSegment": "(tabs)", "hasInitialized": true, "isAuthenticated": true, "onboardingCompleted": true}
Web  WARN  [AudioRelay] WS error: {"isTrusted": true}
Web  WARN  [useLiveAudio] Connect failed: [Error: WebSocket connection failed]
Web  ERROR  Unexpected text node: . A text node cannot be a child of a <View>. 

Code: [roomId].tsx
[0m [90m 544 |[39m
 [90m 545 |[39m       {[90m/* ── Header ── */[39m}
[31m[1m>[22m[39m[90m 546 |[39m       [33m<[39m[33mView[39m style[33m=[39m{[styles[33m.[39mheader[33m,[39m { paddingTop[33m:[39m insets[33m.[39mtop [33m+[39m [35m6[39m }]}[33m>[39m
 [90m     |[39m       [31m[1m^[22m[39m
 [90m 547 |[39m         [33m<[39m[33mView[39m style[33m=[39m{styles[33m.[39mheaderRow}[33m>[39m
 [90m 548 |[39m           [33m<[39m[33mView[39m style[33m=[39m{{ flex[33m:[39m [35m1[39m }}[33m>[39m
 [90m 549 |[39m             [33m<[39m[33mText[39m style[33m=[39m{styles[33m.[39mroomName}[33m>[39m{room[33m?[39m[33m.[39mname [33m||[39m [32m'Room'[39m}[33m<[39m[33m/[39m[33mText[39m[33m>[39m[0m
Call Stack
  RoomContent (app/(tabs)/live/room/[roomId].tsx:546:7)
  RoomScreen (app/(tabs)/live/room/[roomId].tsx:1106:7)
  LiveLayout (app/(tabs)/live/_layout.tsx:5:5)
  TabLayout (app/(tabs)/_layout.tsx:19:5)
  RootLayoutNav (app/_layout.tsx:108:5)
  RootLayoutNavWithTheme (app/_layout.tsx:146:11)
  RootLayout (app/_layout.tsx:231:47)
Web  INFO  [2026-09-09T10:42:11.777Z] [INFO] [BookingsContext] My listings fetch aborted (navigation)
Web  INFO  [2026-09-09T10:42:11.778Z] [INFO] [BookingsContext] Bookings fetch aborted (navigation)
Web  INFO  [2026-09-09T10:42:11.778Z] [INFO] [Planner] Supabase unavailable, trying local API...
Web  LOG  [DB][fetchPosts] Query aborted — normal on navigation
Web  INFO  [2026-09-09T10:42:11.779Z] [INFO] [SocialContext] No Supabase posts
Web  LOG  [DB][fetchStories] Query aborted — normal on navigation
Web  INFO  [2026-09-09T10:42:11.779Z] [INFO] [SocialContext] No Supabase stories
Web  INFO  [2026-09-09T10:42:11.780Z] [INFO] [ConnectionsContext] Supabase unavailable, trying local API...
Web  LOG  [DB][fetchProducts] Query aborted — normal on navigation
Web  LOG  [DB][fetchListings] Query aborted — normal on navigation
Web  INFO  [2026-09-09T10:42:11.780Z] [INFO] [BookingsContext] Listings query result {"value": 0}
Web  INFO  [2026-09-09T10:42:11.781Z] [INFO] [BookingsContext] No listings found in Supabase
Web  LOG  [GrabbedBundles] Query aborted — normal on navigation
Web  INFO  [2026-09-09T10:42:11.784Z] [INFO] [SocialContext] Built default state for {"length": 0}
Web Bundled 91ms node_modules/expo-router/entry.js (1 module)
Web  LOG  Running application "main" with appParams:
 {"hydrate": undefined, "rootTag": "#root"} 
Development-level warnings: ON.
Performance optimizations: OFF.
Web  INFO  [2026-09-09T10:42:36.607Z] [INFO] [SocialContext] Built default state for {"length": 0}
Web  WARN  "shadow*" style props are deprecated. Use "boxShadow".
Web  WARN  "textShadow*" style props are deprecated. Use "textShadow".
Web  WARN  [expo-av]: Expo AV has been deprecated and will be removed in SDK 54. Use the `expo-audio` and `expo-video` packages to replace the required functionality.
Web  WARN  Route "./(tabs)/live/room/plan-constants.ts" is missing the required default export. Ensure a React component is exported as default.
Web  WARN  Animated: `useNativeDriver` is not supported because the native animated module is missing. Falling back to JS-based animation. To resolve this, add `RCTAnimation` module to this app, or remove `useNativeDriver`. Make sure to run `bundle exec pod install` first. Read more about autolinking: https://github.com/react-native-community/cli/blob/master/docs/autolinking.md
Web  INFO  [2026-09-09T10:42:36.688Z] [INFO] [RootLayout] Still loading... {"authLoading": true, "onboardingLoading": true}
Web  INFO  [2026-09-09T10:42:36.689Z] [INFO] [BookingsContext] Starting to fetch all listings from Supabase...
Web  LOG  [DB] Fetching listings from Supabase... 
Web  LOG  [DB] Fetching products... 
Web  INFO  [2026-09-09T10:42:36.690Z] [INFO] [MarketplaceContext] Saved products are backend-only (no local state)
Web  LOG  [DB] Fetching posts...
Web  LOG  [DB] Fetching stories...
Web  INFO  [2026-09-09T10:42:36.691Z] [INFO] [SocialContext] Social interaction state is in-memory only
Web  INFO  [2026-09-09T10:42:36.691Z] [INFO] [SocialContext] Story interaction state is in-memory only
Web  INFO  [2026-09-09T10:42:36.691Z] [INFO] [SocialContext] User posts are loaded from Supabase posts table
Web  INFO  [2026-09-09T10:42:36.691Z] [INFO] [SocialContext] User stories are loaded from Supabase stories table
Web  INFO  [2026-09-09T10:42:36.693Z] [INFO] [Root] App mounted
Web  INFO  [2026-09-09T10:42:36.695Z] [INFO] [BookingsContext] Hydrated favorites {"length": 0}
Web  INFO  [2026-09-09T10:42:36.695Z] [INFO] [BookingsContext] Hydrated rental submissions {"length": 0}
Web  INFO  [2026-09-09T10:42:36.695Z] [INFO] [MessagingContext] Using default messaging state
Web  INFO  [2026-09-09T10:42:36.695Z] [INFO] [ConnectionsContext] Building connections from Supabase users
Web  INFO  [2026-09-09T10:42:36.706Z] [INFO] [RootLayout] Still loading... {"authLoading": true, "onboardingLoading": false}
Web  INFO  [2026-09-09T10:42:37.162Z] [INFO] [Auth] Auth state changed {"event": "SIGNED_OUT", "hasSession": false}
Web  ERROR  [AuthApiError: Invalid Refresh Token: Refresh Token Not Found] AuthError@https://hsrnekw-sharehost-8081.exp.direct/node_modules/expo-router/entry.bundle:302303:12
AuthApiError@https://hsrnekw-sharehost-8081.exp.direct/node_modules/expo-router/entry.bundle:302325:12
@https://hsrnekw-sharehost-8081.exp.direct/node_modules/expo-router/entry.bundle:301511:35
Web  INFO  [2026-09-09T10:42:37.164Z] [INFO] [Auth] Auth state changed {"event": "SIGNED_OUT", "hasSession": false}
Web  INFO  [2026-09-09T10:42:37.172Z] [INFO] [RootLayout] Navigation check {"currentSegment": "(tabs)", "hasInitialized": false, "isAuthenticated": false, "onboardingCompleted": true}
Web  INFO  [2026-09-09T10:42:37.172Z] [INFO] [RootLayout] Navigating to {"targetRoute": "/welcome"}
Web  WARN  props.pointerEvents is deprecated. Use style.pointerEvents
Web  INFO  [2026-09-09T10:42:37.198Z] [INFO] [RootLayout] Navigation check {"currentSegment": "welcome", "hasInitialized": true, "isAuthenticated": false, "onboardingCompleted": true}
Web  WARN  [DB] No authenticated user available — returning null
Web  INFO  [2026-09-09T10:42:37.210Z] [INFO] [BookingsContext] Fetching my listings for host {"hostId": ""}
Web  INFO  [2026-09-09T10:42:37.211Z] [INFO] [BookingsContext] Hydrated bookings from local {"length": 0}
Web  INFO  [2026-09-09T10:42:37.211Z] [INFO] [Auth] Auth state changed {"event": "INITIAL_SESSION", "hasSession": false}
Web  LOG  [DB] Fetching users...
Web  LOG  [DB] Fetched products: 0
Web  LOG  [DB] Fetched listings from Supabase: 0
Web  INFO  [2026-09-09T10:42:37.556Z] [INFO] [BookingsContext] Listings query result {"value": 0}
Web  INFO  [2026-09-09T10:42:37.556Z] [INFO] [BookingsContext] No listings found in Supabase
Web  LOG  [DB] Fetched stories: 0
Web  INFO  [2026-09-09T10:42:37.574Z] [INFO] [SocialContext] No Supabase stories
Web  LOG  [DB] Fetched posts: 22
Web  INFO  [2026-09-09T10:42:37.579Z] [INFO] [SocialContext] Fetched posts from Supabase {"length": 22}
Web  LOG  [DB] Fetching users...
Web  LOG  [DB] Fetched users: 10
Web  INFO  [2026-09-09T10:42:37.655Z] [INFO] [SocialContext] Loaded {"length": 22}
Web  INFO  [2026-09-09T10:42:37.655Z] [INFO] [SocialContext] Built default state for {"length": 22}
Web  LOG  [DB] Fetched users: 10
Web  INFO  [2026-09-09T10:42:37.806Z] [INFO] [SocialContext] Built default state for {"length": 22}
Web  LOG  [Welcome] handleLogin
Web  INFO  [2026-09-09T10:42:58.897Z] [INFO] [Auth] Sign in with {"trimmedInput": "doseofitllc@gmail.com", "value": "email"}
Web  INFO  [2026-09-09T10:42:59.260Z] [INFO] [Auth] Auth state changed {"event": "SIGNED_IN", "hasSession": true}
Web  INFO  [2026-09-09T10:42:59.411Z] [INFO] [Auth] Built profile {"hasName": true, "phone": null, "userId": "d8694830-980e-43e7-9763-979eae54e1da"}
Web  INFO  [2026-09-09T10:42:59.416Z] [INFO] [Auth] Sign in successful
Web  LOG  [Welcome] signIn result: {"success": true}
Web  INFO  [2026-09-09T10:42:59.429Z] [INFO] [RootLayout] Navigation check {"currentSegment": "welcome", "hasInitialized": true, "isAuthenticated": true, "onboardingCompleted": true}
Web  INFO  [2026-09-09T10:42:59.429Z] [INFO] [RootLayout] Navigating to {"targetRoute": "/(tabs)/(home)"}
Web  INFO  [2026-09-09T10:42:59.431Z] [INFO] [Planner] Fetching plans...
Web  INFO  [2026-09-09T10:42:59.433Z] [INFO] [MessagingContext] Using default messaging state
Web  LOG  Grid load: ["grabbedBundles"]
Web  LOG  Grid load: {"bundles": "recommend", "grabbedCount": 0}
Web  INFO  [2026-09-09T10:42:59.594Z] [INFO] [RootLayout] Navigation check {"currentSegment": "(tabs)", "hasInitialized": true, "isAuthenticated": true, "onboardingCompleted": true}
Web  ERROR  Grabbed bundles error: {"code": "42703", "details": null, "hint": null, "message": "column job_requests.proposed_budget does not exist"} NamelessError@
captureCurrentStack@https://hsrnekw-sharehost-8081.exp.direct/node_modules/expo-router/entry.bundle:287236:29
addErrorStacks@https://hsrnekw-sharehost-8081.exp.direct/node_modules/expo-router/entry.bundle:287218:40
@https://hsrnekw-sharehost-8081.exp.direct/node_modules/expo-router/entry.bundle:287183:72
consoleErrorMiddleware@https://hsrnekw-sharehost-8081.exp.direct/node_modules/expo-router/entry.bundle:8540:27
@https://hsrnekw-sharehost-8081.exp.direct/node_modules/expo-router/entry.bundle:8480:29
@https://hsrnekw-sharehost-8081.exp.direct/node_modules/expo-router/entry.bundle:47889:26
Web  LOG  Grid load: {"bundles": "recommend", "grabbedCount": 0}
Web  INFO  [2026-09-09T10:42:59.746Z] [INFO] [Planner] Fetched plans from Supabase {"length": 9}
Web  INFO  [2026-09-09T10:43:00.019Z] [INFO] [MessagingContext] Synced Supabase conversations {"added": 1}
Web  INFO  [2026-09-09T10:43:11.023Z] [INFO] [RootLayout] Navigation check {"currentSegment": "(tabs)", "hasInitialized": true, "isAuthenticated": true, "onboardingCompleted": true}
Web  INFO  [2026-09-09T10:43:16.172Z] [INFO] [RootLayout] Navigation check {"currentSegment": "(tabs)", "hasInitialized": true, "isAuthenticated": true, "onboardingCompleted": true}
Web  INFO  [2026-09-09T10:43:20.624Z] [INFO] [RootLayout] Navigation check {"currentSegment": "(tabs)", "hasInitialized": true, "isAuthenticated": true, "onboardingCompleted": true}
Web  WARN  Image: style.resizeMode is deprecated. Please use props.resizeMode.
Web  INFO  [2026-09-09T10:43:46.403Z] [INFO] [RootLayout] Navigation check {"currentSegment": "(tabs)", "hasInitialized": true, "isAuthenticated": true, "onboardingCompleted": true}
Web  ERROR  Unexpected text node: . A text node cannot be a child of a <View>. NamelessError@
captureCurrentStack@https://hsrnekw-sharehost-8081.exp.direct/node_modules/expo-router/entry.bundle:287236:29
addErrorStacks@https://hsrnekw-sharehost-8081.exp.direct/node_modules/expo-router/entry.bundle:287218:40
@https://hsrnekw-sharehost-8081.exp.direct/node_modules/expo-router/entry.bundle:287183:72
consoleErrorMiddleware@https://hsrnekw-sharehost-8081.exp.direct/node_modules/expo-router/entry.bundle:8540:27
@https://hsrnekw-sharehost-8081.exp.direct/node_modules/expo-router/entry.bundle:8480:29
@https://hsrnekw-sharehost-8081.exp.direct/node_modules/expo-router/entry.bundle:262491:24
forEach@[native code]
View@https://hsrnekw-sharehost-8081.exp.direct/node_modules/expo-router/entry.bundle:262489:53
react_stack_bottom_frame@https://hsrnekw-sharehost-8081.exp.direct/node_modules/expo-router/entry.bundle:254859:29
renderWithHooks@https://hsrnekw-sharehost-8081.exp.direct/node_modules/expo-router/entry.bundle:245732:40
updateForwardRef@https://hsrnekw-sharehost-8081.exp.direct/node_modules/expo-router/entry.bundle:246950:34
runWithFiberInDEV@https://hsrnekw-sharehost-8081.exp.direct/node_modules/expo-router/entry.bundle:242209:135
performUnitOfWork@https://hsrnekw-sharehost-8081.exp.direct/node_modules/expo-router/entry.bundle:250117:112
workLoopSync@https://hsrnekw-sharehost-8081.exp.direct/node_modules/expo-router/entry.bundle:250012:57
renderRootSync@https://hsrnekw-sharehost-8081.exp.direct/node_modules/expo-router/entry.bundle:249997:21
performWorkOnRoot@https://hsrnekw-sharehost-8081.exp.direct/node_modules/expo-router/entry.bundle:249634:198
performWorkOnRootViaSchedulerTask@https://hsrnekw-sharehost-8081.exp.direct/node_modules/expo-router/entry.bundle:250772:24
performWorkUntilDeadline@https://hsrnekw-sharehost-8081.exp.direct/node_modules/expo-router/entry.bundle:256711:56 
RoomContent@https://hsrnekw-sharehost-8081.exp.direct/node_modules/expo-router/entry.bundle:202888:46
RoomScreen(./(tabs)/live/room/[roomId].tsx)@https://hsrnekw-sharehost-8081.exp.direct/node_modules/expo-router/entry.bundle:203633:42
Route(room/[roomId])@https://hsrnekw-sharehost-8081.exp.direct/node_modules/expo-router/entry.bundle:29510:53
SceneView@https://hsrnekw-sharehost-8081.exp.direct/node_modules/expo-router/entry.bundle:21898:77
render@https://hsrnekw-sharehost-8081.exp.direct/node_modules/expo-router/entry.bundle:21660:43
@https://hsrnekw-sharehost-8081.exp.direct/node_modules/expo-router/entry.bundle:21692:29
reduce@[native code]
useDescriptors@https://hsrnekw-sharehost-8081.exp.direct/node_modules/expo-router/entry.bundle:21689:38
useNavigationBuilder@https://hsrnekw-sharehost-8081.exp.direct/node_modules/expo-router/entry.bundle:21259:45
NativeStackNavigator@https://hsrnekw-sharehost-8081.exp.direct/node_modules/expo-router/entry.bundle:41663:43
@https://hsrnekw-sharehost-8081.exp.direct/node_modules/expo-router/entry.bundle:13660:41
Route(live)@https://hsrnekw-sharehost-8081.exp.direct/node_modules/expo-router/entry.bundle:29510:53
SceneView@https://hsrnekw-sharehost-8081.exp.direct/node_modules/expo-router/entry.bundle:21898:77
render@https://hsrnekw-sharehost-8081.exp.direct/node_modules/expo-router/entry.bundle:21660:43
@https://hsrnekw-sharehost-8081.exp.direct/node_modules/expo-router/entry.bundle:21692:29
reduce@[native code]
useDescriptors@https://hsrnekw-sharehost-8081.exp.direct/node_modules/expo-router/entry.bundle:21689:38
useNavigationBuilder@https://hsrnekw-sharehost-8081.exp.direct/node_modules/expo-router/entry.bundle:21259:45
BottomTabNavigator@https://hsrnekw-sharehost-8081.exp.direct/node_modules/expo-router/entry.bundle:30311:43
@https://hsrnekw-sharehost-8081.exp.direct/node_modules/expo-router/entry.bundle:13660:41
Route((tabs))@https://hsrnekw-sharehost-8081.exp.direct/node_modules/expo-router/entry.bundle:29510:53
SceneView@https://hsrnekw-sharehost-8081.exp.direct/node_modules/expo-router/entry.bundle:21898:77
render@https://hsrnekw-sharehost-8081.exp.direct/node_modules/expo-router/entry.bundle:21660:43
@https://hsrnekw-sharehost-8081.exp.direct/node_modules/expo-router/entry.bundle:21692:29
reduce@[native code]
useDescriptors@https://hsrnekw-sharehost-8081.exp.direct/node_modules/expo-router/entry.bundle:21689:38
useNavigationBuilder@https://hsrnekw-sharehost-8081.exp.direct/node_modules/expo-router/entry.bundle:21259:45
NativeStackNavigator@https://hsrnekw-sharehost-8081.exp.direct/node_modules/expo-router/entry.bundle:41663:43
@https://hsrnekw-sharehost-8081.exp.direct/node_modules/expo-router/entry.bundle:13660:41
RootLayoutNavWithTheme@https://hsrnekw-sharehost-8081.exp.direct/node_modules/expo-router/entry.bundle:225671:46
RootLayout(./_layout.tsx)@https://hsrnekw-sharehost-8081.exp.direct/node_modules/expo-router/entry.bundle:225798:86
Route()@https://hsrnekw-sharehost-8081.exp.direct/node_modules/expo-router/entry.bundle:29510:53
SceneView@https://hsrnekw-sharehost-8081.exp.direct/node_modules/expo-router/entry.bundle:21898:77
render@https://hsrnekw-sharehost-8081.exp.direct/node_modules/expo-router/entry.bundle:21660:43
@https://hsrnekw-sharehost-8081.exp.direct/node_modules/expo-router/entry.bundle:21692:29
reduce@[native code]
useDescriptors@https://hsrnekw-sharehost-8081.exp.direct/node_modules/expo-router/entry.bundle:21689:38
useNavigationBuilder@https://hsrnekw-sharehost-8081.exp.direct/node_modules/expo-router/entry.bundle:21259:45
Content@https://hsrnekw-sharehost-8081.exp.direct/node_modules/expo-router/entry.bundle:44285:43
ContextNavigator@https://hsrnekw-sharehost-8081.exp.direct/node_modules/expo-router/entry.bundle:44258:45
App@https://hsrnekw-sharehost-8081.exp.direct/node_modules/expo-router/entry.bundle:12139:39
withDevTools(App)@https://hsrnekw-sharehost-8081.exp.direct/node_modules/expo-router/entry.bundle:287723:45
Web  WARN  [AudioRelay] WS error: {"isTrusted": true}
Web  WARN  [useLiveAudio] Connect failed: [Error: WebSocket connection failed]
Web  ERROR  Unexpected text node: . A text node cannot be a child of a <View>. NamelessError@
captureCurrentStack@https://hsrnekw-sharehost-8081.exp.direct/node_modules/expo-router/entry.bundle:287236:29
addErrorStacks@https://hsrnekw-sharehost-8081.exp.direct/node_modules/expo-router/entry.bundle:287218:40
@https://hsrnekw-sharehost-8081.exp.direct/node_modules/expo-router/entry.bundle:287183:72
consoleErrorMiddleware@https://hsrnekw-sharehost-8081.exp.direct/node_modules/expo-router/entry.bundle:8540:27
@https://hsrnekw-sharehost-8081.exp.direct/node_modules/expo-router/entry.bundle:8480:29
@https://hsrnekw-sharehost-8081.exp.direct/node_modules/expo-router/entry.bundle:262491:24
forEach@[native code]
View@https://hsrnekw-sharehost-8081.exp.direct/node_modules/expo-router/entry.bundle:262489:53
react_stack_bottom_frame@https://hsrnekw-sharehost-8081.exp.direct/node_modules/expo-router/entry.bundle:254859:29
renderWithHooks@https://hsrnekw-sharehost-8081.exp.direct/node_modules/expo-router/entry.bundle:245732:40
updateForwardRef@https://hsrnekw-sharehost-8081.exp.direct/node_modules/expo-router/entry.bundle:246950:34
runWithFiberInDEV@https://hsrnekw-sharehost-8081.exp.direct/node_modules/expo-router/entry.bundle:242209:135
performUnitOfWork@https://hsrnekw-sharehost-8081.exp.direct/node_modules/expo-router/entry.bundle:250117:112
workLoopSync@https://hsrnekw-sharehost-8081.exp.direct/node_modules/expo-router/entry.bundle:250012:57
renderRootSync@https://hsrnekw-sharehost-8081.exp.direct/node_modules/expo-router/entry.bundle:249997:21
performWorkOnRoot@https://hsrnekw-sharehost-8081.exp.direct/node_modules/expo-router/entry.bundle:249634:198
performSyncWorkOnRoot@https://hsrnekw-sharehost-8081.exp.direct/node_modules/expo-router/entry.bundle:250780:24
flushSyncWorkAcrossRoots_impl@https://hsrnekw-sharehost-8081.exp.direct/node_modules/expo-router/entry.bundle:250695:329
processRootScheduleInMicrotask@https://hsrnekw-sharehost-8081.exp.direct/node_modules/expo-router/entry.bundle:250716:133
@https://hsrnekw-sharehost-8081.exp.direct/node_modules/expo-router/entry.bundle:250791:184 
RoomContent@https://hsrnekw-sharehost-8081.exp.direct/node_modules/expo-router/entry.bundle:202888:46
RoomScreen(./(tabs)/live/room/[roomId].tsx)@https://hsrnekw-sharehost-8081.exp.direct/node_modules/expo-router/entry.bundle:203633:42
Route(room/[roomId])@https://hsrnekw-sharehost-8081.exp.direct/node_modules/expo-router/entry.bundle:29510:53
SceneView@https://hsrnekw-sharehost-8081.exp.direct/node_modules/expo-router/entry.bundle:21898:77
render@https://hsrnekw-sharehost-8081.exp.direct/node_modules/expo-router/entry.bundle:21660:43
@https://hsrnekw-sharehost-8081.exp.direct/node_modules/expo-router/entry.bundle:21692:29
reduce@[native code]
useDescriptors@https://hsrnekw-sharehost-8081.exp.direct/node_modules/expo-router/entry.bundle:21689:38
useNavigationBuilder@https://hsrnekw-sharehost-8081.exp.direct/node_modules/expo-router/entry.bundle:21259:45
NativeStackNavigator@https://hsrnekw-sharehost-8081.exp.direct/node_modules/expo-router/entry.bundle:41663:43
@https://hsrnekw-sharehost-8081.exp.direct/node_modules/expo-router/entry.bundle:13660:41
Route(live)@https://hsrnekw-sharehost-8081.exp.direct/node_modules/expo-router/entry.bundle:29510:53
SceneView@https://hsrnekw-sharehost-8081.exp.direct/node_modules/expo-router/entry.bundle:21898:77
render@https://hsrnekw-sharehost-8081.exp.direct/node_modules/expo-router/entry.bundle:21660:43
@https://hsrnekw-sharehost-8081.exp.direct/node_modules/expo-router/entry.bundle:21692:29
reduce@[native code]
useDescriptors@https://hsrnekw-sharehost-8081.exp.direct/node_modules/expo-router/entry.bundle:21689:38
useNavigationBuilder@https://hsrnekw-sharehost-8081.exp.direct/node_modules/expo-router/entry.bundle:21259:45
BottomTabNavigator@https://hsrnekw-sharehost-8081.exp.direct/node_modules/expo-router/entry.bundle:30311:43
@https://hsrnekw-sharehost-8081.exp.direct/node_modules/expo-router/entry.bundle:13660:41
Route((tabs))@https://hsrnekw-sharehost-8081.exp.direct/node_modules/expo-router/entry.bundle:29510:53
SceneView@https://hsrnekw-sharehost-8081.exp.direct/node_modules/expo-router/entry.bundle:21898:77
render@https://hsrnekw-sharehost-8081.exp.direct/node_modules/expo-router/entry.bundle:21660:43
@https://hsrnekw-sharehost-8081.exp.direct/node_modules/expo-router/entry.bundle:21692:29
reduce@[native code]
useDescriptors@https://hsrnekw-sharehost-8081.exp.direct/node_modules/expo-router/entry.bundle:21689:38
useNavigationBuilder@https://hsrnekw-sharehost-8081.exp.direct/node_modules/expo-router/entry.bundle:21259:45
NativeStackNavigator@https://hsrnekw-sharehost-8081.exp.direct/node_modules/expo-router/entry.bundle:41663:43
@https://hsrnekw-sharehost-8081.exp.direct/node_modules/expo-router/entry.bundle:13660:41
RootLayoutNavWithTheme@https://hsrnekw-sharehost-8081.exp.direct/node_modules/expo-router/entry.bundle:225671:46
RootLayout(./_layout.tsx)@https://hsrnekw-sharehost-8081.exp.direct/node_modules/expo-router/entry.bundle:225798:86
Route()@https://hsrnekw-sharehost-8081.exp.direct/node_modules/expo-router/entry.bundle:29510:53
SceneView@https://hsrnekw-sharehost-8081.exp.direct/node_modules/expo-router/entry.bundle:21898:77
render@https://hsrnekw-sharehost-8081.exp.direct/node_modules/expo-router/entry.bundle:21660:43
@https://hsrnekw-sharehost-8081.exp.direct/node_modules/expo-router/entry.bundle:21692:29
reduce@[native code]
useDescriptors@https://hsrnekw-sharehost-8081.exp.direct/node_modules/expo-router/entry.bundle:21689:38
useNavigationBuilder@https://hsrnekw-sharehost-8081.exp.direct/node_modules/expo-router/entry.bundle:21259:45
Content@https://hsrnekw-sharehost-8081.exp.direct/node_modules/expo-router/entry.bundle:44285:43
ContextNavigator@https://hsrnekw-sharehost-8081.exp.direct/node_modules/expo-router/entry.bundle:44258:45
App@https://hsrnekw-sharehost-8081.exp.direct/node_modules/expo-router/entry.bundle:12139:39
withDevTools(App)@https://hsrnekw-sharehost-8081.exp.direct/node_modules/expo-router/entry.bundle:287723:45
Web  ERROR  Unexpected text node: . A text node cannot be a child of a <View>. NamelessError@
captureCurrentStack@https://hsrnekw-sharehost-8081.exp.direct/node_modules/expo-router/entry.bundle:287236:29
addErrorStacks@https://hsrnekw-sharehost-8081.exp.direct/node_modules/expo-router/entry.bundle:287218:40
@https://hsrnekw-sharehost-8081.exp.direct/node_modules/expo-router/entry.bundle:287183:72
consoleErrorMiddleware@https://hsrnekw-sharehost-8081.exp.direct/node_modules/expo-router/entry.bundle:8540:27
@https://hsrnekw-sharehost-8081.exp.direct/node_modules/expo-router/entry.bundle:8480:29
@https://hsrnekw-sharehost-8081.exp.direct/node_modules/expo-router/entry.bundle:262491:24
forEach@[native code]
View@https://hsrnekw-sharehost-8081.exp.direct/node_modules/expo-router/entry.bundle:262489:53
react_stack_bottom_frame@https://hsrnekw-sharehost-8081.exp.direct/node_modules/expo-router/entry.bundle:254859:29
renderWithHooks@https://hsrnekw-sharehost-8081.exp.direct/node_modules/expo-router/entry.bundle:245732:40
updateForwardRef@https://hsrnekw-sharehost-8081.exp.direct/node_modules/expo-router/entry.bundle:246950:34
runWithFiberInDEV@https://hsrnekw-sharehost-8081.exp.direct/node_modules/expo-router/entry.bundle:242209:135
performUnitOfWork@https://hsrnekw-sharehost-8081.exp.direct/node_modules/expo-router/entry.bundle:250117:112
workLoopSync@https://hsrnekw-sharehost-8081.exp.direct/node_modules/expo-router/entry.bundle:250012:57
renderRootSync@https://hsrnekw-sharehost-8081.exp.direct/node_modules/expo-router/entry.bundle:249997:21
performWorkOnRoot@https://hsrnekw-sharehost-8081.exp.direct/node_modules/expo-router/entry.bundle:249634:198
performSyncWorkOnRoot@https://hsrnekw-sharehost-8081.exp.direct/node_modules/expo-router/entry.bundle:250780:24
flushSyncWorkAcrossRoots_impl@https://hsrnekw-sharehost-8081.exp.direct/node_modules/expo-router/entry.bundle:250695:329
processRootScheduleInMicrotask@https://hsrnekw-sharehost-8081.exp.direct/node_modules/expo-router/entry.bundle:250716:133
@https://hsrnekw-sharehost-8081.exp.direct/node_modules/expo-router/entry.bundle:250791:184 
RoomContent@https://hsrnekw-sharehost-8081.exp.direct/node_modules/expo-router/entry.bundle:202888:46
RoomScreen(./(tabs)/live/room/[roomId].tsx)@https://hsrnekw-sharehost-8081.exp.direct/node_modules/expo-router/entry.bundle:203633:42
Route(room/[roomId])@https://hsrnekw-sharehost-8081.exp.direct/node_modules/expo-router/entry.bundle:29510:53
SceneView@https://hsrnekw-sharehost-8081.exp.direct/node_modules/expo-router/entry.bundle:21898:77
render@https://hsrnekw-sharehost-8081.exp.direct/node_modules/expo-router/entry.bundle:21660:43
@https://hsrnekw-sharehost-8081.exp.direct/node_modules/expo-router/entry.bundle:21692:29
reduce@[native code]
useDescriptors@https://hsrnekw-sharehost-8081.exp.direct/node_modules/expo-router/entry.bundle:21689:38
useNavigationBuilder@https://hsrnekw-sharehost-8081.exp.direct/node_modules/expo-router/entry.bundle:21259:45
NativeStackNavigator@https://hsrnekw-sharehost-8081.exp.direct/node_modules/expo-router/entry.bundle:41663:43
@https://hsrnekw-sharehost-8081.exp.direct/node_modules/expo-router/entry.bundle:13660:41
Route(live)@https://hsrnekw-sharehost-8081.exp.direct/node_modules/expo-router/entry.bundle:29510:53
SceneView@https://hsrnekw-sharehost-8081.exp.direct/node_modules/expo-router/entry.bundle:21898:77
render@https://hsrnekw-sharehost-8081.exp.direct/node_modules/expo-router/entry.bundle:21660:43
@https://hsrnekw-sharehost-8081.exp.direct/node_modules/expo-router/entry.bundle:21692:29
reduce@[native code]
useDescriptors@https://hsrnekw-sharehost-8081.exp.direct/node_modules/expo-router/entry.bundle:21689:38
useNavigationBuilder@https://hsrnekw-sharehost-8081.exp.direct/node_modules/expo-router/entry.bundle:21259:45
BottomTabNavigator@https://hsrnekw-sharehost-8081.exp.direct/node_modules/expo-router/entry.bundle:30311:43
@https://hsrnekw-sharehost-8081.exp.direct/node_modules/expo-router/entry.bundle:13660:41
Route((tabs))@https://hsrnekw-sharehost-8081.exp.direct/node_modules/expo-router/entry.bundle:29510:53
SceneView@https://hsrnekw-sharehost-8081.exp.direct/node_modules/expo-router/entry.bundle:21898:77
render@https://hsrnekw-sharehost-8081.exp.direct/node_modules/expo-router/entry.bundle:21660:43
@https://hsrnekw-sharehost-8081.exp.direct/node_modules/expo-router/entry.bundle:21692:29
reduce@[native code]
useDescriptors@https://hsrnekw-sharehost-8081.exp.direct/node_modules/expo-router/entry.bundle:21689:38
useNavigationBuilder@https://hsrnekw-sharehost-8081.exp.direct/node_modules/expo-router/entry.bundle:21259:45
NativeStackNavigator@https://hsrnekw-sharehost-8081.exp.direct/node_modules/expo-router/entry.bundle:41663:43
@https://hsrnekw-sharehost-8081.exp.direct/node_modules/expo-router/entry.bundle:13660:41
RootLayoutNavWithTheme@https://hsrnekw-sharehost-8081.exp.direct/node_modules/expo-router/entry.bundle:225671:46
RootLayout(./_layout.tsx)@https://hsrnekw-sharehost-8081.exp.direct/node_modules/expo-router/entry.bundle:225798:86
Route()@https://hsrnekw-sharehost-8081.exp.direct/node_modules/expo-router/entry.bundle:29510:53
SceneView@https://hsrnekw-sharehost-8081.exp.direct/node_modules/expo-router/entry.bundle:21898:77
render@https://hsrnekw-sharehost-8081.exp.direct/node_modules/expo-router/entry.bundle:21660:43
@https://hsrnekw-sharehost-8081.exp.direct/node_modules/expo-router/entry.bundle:21692:29
reduce@[native code]
useDescriptors@https://hsrnekw-sharehost-8081.exp.direct/node_modules/expo-router/entry.bundle:21689:38
useNavigationBuilder@https://hsrnekw-sharehost-8081.exp.direct/node_modules/expo-router/entry.bundle:21259:45
Content@https://hsrnekw-sharehost-8081.exp.direct/node_modules/expo-router/entry.bundle:44285:43
ContextNavigator@https://hsrnekw-sharehost-8081.exp.direct/node_modules/expo-router/entry.bundle:44258:45
App@https://hsrnekw-sharehost-8081.exp.direct/node_modules/expo-router/entry.bundle:12139:39
withDevTools(App)@https://hsrnekw-sharehost-8081.exp.direct/node_modules/expo-router/entry.bundle:287723:45
Web  LOG  [DB] Fetching posts...
Web  LOG  [DB] Fetching stories...
Web  INFO  [2026-09-09T10:44:06.586Z] [INFO] [SocialContext] Social interaction state is in-memory only
Web  INFO  [2026-09-09T10:44:06.586Z] [INFO] [SocialContext] Story interaction state is in-memory only
Web  INFO  [2026-09-09T10:44:06.586Z] [INFO] [SocialContext] User posts are loaded from Supabase posts table
Web  INFO  [2026-09-09T10:44:06.586Z] [INFO] [SocialContext] User stories are loaded from Supabase stories table
Web  LOG  [DB] Fetching products... 
Web  INFO  [2026-09-09T10:44:06.587Z] [INFO] [MarketplaceContext] Saved products are backend-only (no local state)
Web  INFO  [2026-09-09T10:44:06.587Z] [INFO] [BookingsContext] Starting to fetch all listings from Supabase...
Web  LOG  [DB] Fetching listings from Supabase... 
Web  INFO  [2026-09-09T10:44:06.587Z] [INFO] [Planner] Fetching plans...
Web  LOG  Grid load: ["grabbedBundles"]
Web  INFO  [2026-09-09T10:44:06.589Z] [INFO] [BookingsContext] Hydrated favorites {"length": 0}
Web  INFO  [2026-09-09T10:44:06.589Z] [INFO] [BookingsContext] Hydrated rental submissions {"length": 0}
Web  INFO  [2026-09-09T10:44:06.589Z] [INFO] [MessagingContext] Hydrated messaging state from storage
Web  INFO  [2026-09-09T10:44:07.156Z] [INFO] [Auth] Auth state changed {"event": "SIGNED_IN", "hasSession": true}
Web  LOG  [DB] Fetched stories: 0
Web  INFO  [2026-09-09T10:44:07.669Z] [INFO] [SocialContext] No Supabase stories
Web  LOG  [DB] Fetched posts: 22
Web  INFO  [2026-09-09T10:44:07.672Z] [INFO] [SocialContext] Fetched posts from Supabase {"length": 22}
Web  LOG  [DB] Fetching users...
Web  ERROR  Grabbed bundles error: {"code": "42703", "details": null, "hint": null, "message": "column job_requests.proposed_budget does not exist"} NamelessError@
captureCurrentStack@https://hsrnekw-sharehost-8081.exp.direct/node_modules/expo-router/entry.bundle:287236:29
addErrorStacks@https://hsrnekw-sharehost-8081.exp.direct/node_modules/expo-router/entry.bundle:287218:40
@https://hsrnekw-sharehost-8081.exp.direct/node_modules/expo-router/entry.bundle:287183:72
consoleErrorMiddleware@https://hsrnekw-sharehost-8081.exp.direct/node_modules/expo-router/entry.bundle:8540:27
@https://hsrnekw-sharehost-8081.exp.direct/node_modules/expo-router/entry.bundle:8480:29
@https://hsrnekw-sharehost-8081.exp.direct/node_modules/expo-router/entry.bundle:47889:26
Web  LOG  [DB] Fetched listings from Supabase: 0
Web  INFO  [2026-09-09T10:44:07.674Z] [INFO] [BookingsContext] Listings query result {"value": 0}
Web  INFO  [2026-09-09T10:44:07.674Z] [INFO] [BookingsContext] No listings found in Supabase
Web  LOG  [DB] Fetched products: 0
Web  ERROR  Unexpected text node: . A text node cannot be a child of a <View>. NamelessError@
captureCurrentStack@https://hsrnekw-sharehost-8081.exp.direct/node_modules/expo-router/entry.bundle:287236:29
addErrorStacks@https://hsrnekw-sharehost-8081.exp.direct/node_modules/expo-router/entry.bundle:287218:40
@https://hsrnekw-sharehost-8081.exp.direct/node_modules/expo-router/entry.bundle:287183:72
consoleErrorMiddleware@https://hsrnekw-sharehost-8081.exp.direct/node_modules/expo-router/entry.bundle:8540:27
@https://hsrnekw-sharehost-8081.exp.direct/node_modules/expo-router/entry.bundle:8480:29
@https://hsrnekw-sharehost-8081.exp.direct/node_modules/expo-router/entry.bundle:262491:24
forEach@[native code]
View@https://hsrnekw-sharehost-8081.exp.direct/node_modules/expo-router/entry.bundle:262489:53
react_stack_bottom_frame@https://hsrnekw-sharehost-8081.exp.direct/node_modules/expo-router/entry.bundle:254859:29
renderWithHooks@https://hsrnekw-sharehost-8081.exp.direct/node_modules/expo-router/entry.bundle:245732:40
updateForwardRef@https://hsrnekw-sharehost-8081.exp.direct/node_modules/expo-router/entry.bundle:246950:34
runWithFiberInDEV@https://hsrnekw-sharehost-8081.exp.direct/node_modules/expo-router/entry.bundle:242209:135
performUnitOfWork@https://hsrnekw-sharehost-8081.exp.direct/node_modules/expo-router/entry.bundle:250117:112
workLoopSync@https://hsrnekw-sharehost-8081.exp.direct/node_modules/expo-router/entry.bundle:250012:57
renderRootSync@https://hsrnekw-sharehost-8081.exp.direct/node_modules/expo-router/entry.bundle:249997:21
performWorkOnRoot@https://hsrnekw-sharehost-8081.exp.direct/node_modules/expo-router/entry.bundle:249634:198
performWorkOnRootViaSchedulerTask@https://hsrnekw-sharehost-8081.exp.direct/node_modules/expo-router/entry.bundle:250772:24
performWorkUntilDeadline@https://hsrnekw-sharehost-8081.exp.direct/node_modules/expo-router/entry.bundle:256711:56 
RoomContent@https://hsrnekw-sharehost-8081.exp.direct/node_modules/expo-router/entry.bundle:202888:46
RoomScreen(./(tabs)/live/room/[roomId].tsx)@https://hsrnekw-sharehost-8081.exp.direct/node_modules/expo-router/entry.bundle:203633:42
Route(room/[roomId])@https://hsrnekw-sharehost-8081.exp.direct/node_modules/expo-router/entry.bundle:29510:53
SceneView@https://hsrnekw-sharehost-8081.exp.direct/node_modules/expo-router/entry.bundle:21898:77
render@https://hsrnekw-sharehost-8081.exp.direct/node_modules/expo-router/entry.bundle:21660:43
@https://hsrnekw-sharehost-8081.exp.direct/node_modules/expo-router/entry.bundle:21692:29
reduce@[native code]
useDescriptors@https://hsrnekw-sharehost-8081.exp.direct/node_modules/expo-router/entry.bundle:21689:38
useNavigationBuilder@https://hsrnekw-sharehost-8081.exp.direct/node_modules/expo-router/entry.bundle:21259:45
NativeStackNavigator@https://hsrnekw-sharehost-8081.exp.direct/node_modules/expo-router/entry.bundle:41663:43
@https://hsrnekw-sharehost-8081.exp.direct/node_modules/expo-router/entry.bundle:13660:41
Route(live)@https://hsrnekw-sharehost-8081.exp.direct/node_modules/expo-router/entry.bundle:29510:53
SceneView@https://hsrnekw-sharehost-8081.exp.direct/node_modules/expo-router/entry.bundle:21898:77
render@https://hsrnekw-sharehost-8081.exp.direct/node_modules/expo-router/entry.bundle:21660:43
@https://hsrnekw-sharehost-8081.exp.direct/node_modules/expo-router/entry.bundle:21692:29
reduce@[native code]
useDescriptors@https://hsrnekw-sharehost-8081.exp.direct/node_modules/expo-router/entry.bundle:21689:38
useNavigationBuilder@https://hsrnekw-sharehost-8081.exp.direct/node_modules/expo-router/entry.bundle:21259:45
BottomTabNavigator@https://hsrnekw-sharehost-8081.exp.direct/node_modules/expo-router/entry.bundle:30311:43
@https://hsrnekw-sharehost-8081.exp.direct/node_modules/expo-router/entry.bundle:13660:41
Route((tabs))@https://hsrnekw-sharehost-8081.exp.direct/node_modules/expo-router/entry.bundle:29510:53
SceneView@https://hsrnekw-sharehost-8081.exp.direct/node_modules/expo-router/entry.bundle:21898:77
render@https://hsrnekw-sharehost-8081.exp.direct/node_modules/expo-router/entry.bundle:21660:43
@https://hsrnekw-sharehost-8081.exp.direct/node_modules/expo-router/entry.bundle:21692:29
reduce@[native code]
useDescriptors@https://hsrnekw-sharehost-8081.exp.direct/node_modules/expo-router/entry.bundle:21689:38
useNavigationBuilder@https://hsrnekw-sharehost-8081.exp.direct/node_modules/expo-router/entry.bundle:21259:45
NativeStackNavigator@https://hsrnekw-sharehost-8081.exp.direct/node_modules/expo-router/entry.bundle:41663:43
@https://hsrnekw-sharehost-8081.exp.direct/node_modules/expo-router/entry.bundle:13660:41
RootLayoutNavWithTheme@https://hsrnekw-sharehost-8081.exp.direct/node_modules/expo-router/entry.bundle:225671:46
RootLayout(./_layout.tsx)@https://hsrnekw-sharehost-8081.exp.direct/node_modules/expo-router/entry.bundle:225798:86
Route()@https://hsrnekw-sharehost-8081.exp.direct/node_modules/expo-router/entry.bundle:29510:53
SceneView@https://hsrnekw-sharehost-8081.exp.direct/node_modules/expo-router/entry.bundle:21898:77
render@https://hsrnekw-sharehost-8081.exp.direct/node_modules/expo-router/entry.bundle:21660:43
@https://hsrnekw-sharehost-8081.exp.direct/node_modules/expo-router/entry.bundle:21692:29
reduce@[native code]
useDescriptors@https://hsrnekw-sharehost-8081.exp.direct/node_modules/expo-router/entry.bundle:21689:38
useNavigationBuilder@https://hsrnekw-sharehost-8081.exp.direct/node_modules/expo-router/entry.bundle:21259:45
Content@https://hsrnekw-sharehost-8081.exp.direct/node_modules/expo-router/entry.bundle:44285:43
ContextNavigator@https://hsrnekw-sharehost-8081.exp.direct/node_modules/expo-router/entry.bundle:44258:45
App@https://hsrnekw-sharehost-8081.exp.direct/node_modules/expo-router/entry.bundle:12139:39
withDevTools(App)@https://hsrnekw-sharehost-8081.exp.direct/node_modules/expo-router/entry.bundle:287723:45
Web  ERROR  Unexpected text node: . A text node cannot be a child of a <View>. NamelessError@
captureCurrentStack@https://hsrnekw-sharehost-8081.exp.direct/node_modules/expo-router/entry.bundle:287236:29
addErrorStacks@https://hsrnekw-sharehost-8081.exp.direct/node_modules/expo-router/entry.bundle:287218:40
@https://hsrnekw-sharehost-8081.exp.direct/node_modules/expo-router/entry.bundle:287183:72
consoleErrorMiddleware@https://hsrnekw-sharehost-8081.exp.direct/node_modules/expo-router/entry.bundle:8540:27
@https://hsrnekw-sharehost-8081.exp.direct/node_modules/expo-router/entry.bundle:8480:29
@https://hsrnekw-sharehost-8081.exp.direct/node_modules/expo-router/entry.bundle:262491:24
forEach@[native code]
View@https://hsrnekw-sharehost-8081.exp.direct/node_modules/expo-router/entry.bundle:262489:53
react_stack_bottom_frame@https://hsrnekw-sharehost-8081.exp.direct/node_modules/expo-router/entry.bundle:254859:29
renderWithHooks@https://hsrnekw-sharehost-8081.exp.direct/node_modules/expo-router/entry.bundle:245732:40
updateForwardRef@https://hsrnekw-sharehost-8081.exp.direct/node_modules/expo-router/entry.bundle:246950:34
runWithFiberInDEV@https://hsrnekw-sharehost-8081.exp.direct/node_modules/expo-router/entry.bundle:242209:135
performUnitOfWork@https://hsrnekw-sharehost-8081.exp.direct/node_modules/expo-router/entry.bundle:250117:112
workLoopSync@https://hsrnekw-sharehost-8081.exp.direct/node_modules/expo-router/entry.bundle:250012:57
renderRootSync@https://hsrnekw-sharehost-8081.exp.direct/node_modules/expo-router/entry.bundle:249997:21
performWorkOnRoot@https://hsrnekw-sharehost-8081.exp.direct/node_modules/expo-router/entry.bundle:249634:198
performSyncWorkOnRoot@https://hsrnekw-sharehost-8081.exp.direct/node_modules/expo-router/entry.bundle:250780:24
flushSyncWorkAcrossRoots_impl@https://hsrnekw-sharehost-8081.exp.direct/node_modules/expo-router/entry.bundle:250695:329
processRootScheduleInMicrotask@https://hsrnekw-sharehost-8081.exp.direct/node_modules/expo-router/entry.bundle:250716:133
@https://hsrnekw-sharehost-8081.exp.direct/node_modules/expo-router/entry.bundle:250791:184 
RoomContent@https://hsrnekw-sharehost-8081.exp.direct/node_modules/expo-router/entry.bundle:202888:46
RoomScreen(./(tabs)/live/room/[roomId].tsx)@https://hsrnekw-sharehost-8081.exp.direct/node_modules/expo-router/entry.bundle:203633:42
Route(room/[roomId])@https://hsrnekw-sharehost-8081.exp.direct/node_modules/expo-router/entry.bundle:29510:53
SceneView@https://hsrnekw-sharehost-8081.exp.direct/node_modules/expo-router/entry.bundle:21898:77
render@https://hsrnekw-sharehost-8081.exp.direct/node_modules/expo-router/entry.bundle:21660:43
@https://hsrnekw-sharehost-8081.exp.direct/node_modules/expo-router/entry.bundle:21692:29
reduce@[native code]
useDescriptors@https://hsrnekw-sharehost-8081.exp.direct/node_modules/expo-router/entry.bundle:21689:38
useNavigationBuilder@https://hsrnekw-sharehost-8081.exp.direct/node_modules/expo-router/entry.bundle:21259:45
NativeStackNavigator@https://hsrnekw-sharehost-8081.exp.direct/node_modules/expo-router/entry.bundle:41663:43
@https://hsrnekw-sharehost-8081.exp.direct/node_modules/expo-router/entry.bundle:13660:41
Route(live)@https://hsrnekw-sharehost-8081.exp.direct/node_modules/expo-router/entry.bundle:29510:53
SceneView@https://hsrnekw-sharehost-8081.exp.direct/node_modules/expo-router/entry.bundle:21898:77
render@https://hsrnekw-sharehost-8081.exp.direct/node_modules/expo-router/entry.bundle:21660:43
@https://hsrnekw-sharehost-8081.exp.direct/node_modules/expo-router/entry.bundle:21692:29
reduce@[native code]
useDescriptors@https://hsrnekw-sharehost-8081.exp.direct/node_modules/expo-router/entry.bundle:21689:38
useNavigationBuilder@https://hsrnekw-sharehost-8081.exp.direct/node_modules/expo-router/entry.bundle:21259:45
BottomTabNavigator@https://hsrnekw-sharehost-8081.exp.direct/node_modules/expo-router/entry.bundle:30311:43
@https://hsrnekw-sharehost-8081.exp.direct/node_modules/expo-router/entry.bundle:13660:41
Route((tabs))@https://hsrnekw-sharehost-8081.exp.direct/node_modules/expo-router/entry.bundle:29510:53
SceneView@https://hsrnekw-sharehost-8081.exp.direct/node_modules/expo-router/entry.bundle:21898:77
render@https://hsrnekw-sharehost-8081.exp.direct/node_modules/expo-router/entry.bundle:21660:43
@https://hsrnekw-sharehost-8081.exp.direct/node_modules/expo-router/entry.bundle:21692:29
reduce@[native code]
useDescriptors@https://hsrnekw-sharehost-8081.exp.direct/node_modules/expo-router/entry.bundle:21689:38
useNavigationBuilder@https://hsrnekw-sharehost-8081.exp.direct/node_modules/expo-router/entry.bundle:21259:45
NativeStackNavigator@https://hsrnekw-sharehost-8081.exp.direct/node_modules/expo-router/entry.bundle:41663:43
@https://hsrnekw-sharehost-8081.exp.direct/node_modules/expo-router/entry.bundle:13660:41
RootLayoutNavWithTheme@https://hsrnekw-sharehost-8081.exp.direct/node_modules/expo-router/entry.bundle:225671:46
RootLayout(./_layout.tsx)@https://hsrnekw-sharehost-8081.exp.direct/node_modules/expo-router/entry.bundle:225798:86
Route()@https://hsrnekw-sharehost-8081.exp.direct/node_modules/expo-router/entry.bundle:29510:53
SceneView@https://hsrnekw-sharehost-8081.exp.direct/node_modules/expo-router/entry.bundle:21898:77
render@https://hsrnekw-sharehost-8081.exp.direct/node_modules/expo-router/entry.bundle:21660:43
@https://hsrnekw-sharehost-8081.exp.direct/node_modules/expo-router/entry.bundle:21692:29
reduce@[native code]
useDescriptors@https://hsrnekw-sharehost-8081.exp.direct/node_modules/expo-router/entry.bundle:21689:38
useNavigationBuilder@https://hsrnekw-sharehost-8081.exp.direct/node_modules/expo-router/entry.bundle:21259:45
Content@https://hsrnekw-sharehost-8081.exp.direct/node_modules/expo-router/entry.bundle:44285:43
ContextNavigator@https://hsrnekw-sharehost-8081.exp.direct/node_modules/expo-router/entry.bundle:44258:45
App@https://hsrnekw-sharehost-8081.exp.direct/node_modules/expo-router/entry.bundle:12139:39
withDevTools(App)@https://hsrnekw-sharehost-8081.exp.direct/node_modules/expo-router/entry.bundle:287723:45
Web  ERROR  Unexpected text node: . A text node cannot be a child of a <View>. NamelessError@
captureCurrentStack@https://hsrnekw-sharehost-8081.exp.direct/node_modules/expo-router/entry.bundle:287236:29
addErrorStacks@https://hsrnekw-sharehost-8081.exp.direct/node_modules/expo-router/entry.bundle:287218:40
@https://hsrnekw-sharehost-8081.exp.direct/node_modules/expo-router/entry.bundle:287183:72
consoleErrorMiddleware@https://hsrnekw-sharehost-8081.exp.direct/node_modules/expo-router/entry.bundle:8540:27
@https://hsrnekw-sharehost-8081.exp.direct/node_modules/expo-router/entry.bundle:8480:29
@https://hsrnekw-sharehost-8081.exp.direct/node_modules/expo-router/entry.bundle:262491:24
forEach@[native code]
View@https://hsrnekw-sharehost-8081.exp.direct/node_modules/expo-router/entry.bundle:262489:53
react_stack_bottom_frame@https://hsrnekw-sharehost-8081.exp.direct/node_modules/expo-router/entry.bundle:254859:29
renderWithHooks@https://hsrnekw-sharehost-8081.exp.direct/node_modules/expo-router/entry.bundle:245732:40
updateForwardRef@https://hsrnekw-sharehost-8081.exp.direct/node_modules/expo-router/entry.bundle:246950:34
runWithFiberInDEV@https://hsrnekw-sharehost-8081.exp.direct/node_modules/expo-router/entry.bundle:242209:135
performUnitOfWork@https://hsrnekw-sharehost-8081.exp.direct/node_modules/expo-router/entry.bundle:250117:112
workLoopSync@https://hsrnekw-sharehost-8081.exp.direct/node_modules/expo-router/entry.bundle:250012:57
renderRootSync@https://hsrnekw-sharehost-8081.exp.direct/node_modules/expo-router/entry.bundle:249997:21
performWorkOnRoot@https://hsrnekw-sharehost-8081.exp.direct/node_modules/expo-router/entry.bundle:249634:198
performSyncWorkOnRoot@https://hsrnekw-sharehost-8081.exp.direct/node_modules/expo-router/entry.bundle:250780:24
flushSyncWorkAcrossRoots_impl@https://hsrnekw-sharehost-8081.exp.direct/node_modules/expo-router/entry.bundle:250695:329
processRootScheduleInMicrotask@https://hsrnekw-sharehost-8081.exp.direct/node_modules/expo-router/entry.bundle:250716:133
@https://hsrnekw-sharehost-8081.exp.direct/node_modules/expo-router/entry.bundle:250791:184 
RoomContent@https://hsrnekw-sharehost-8081.exp.direct/node_modules/expo-router/entry.bundle:202888:46
RoomScreen(./(tabs)/live/room/[roomId].tsx)@https://hsrnekw-sharehost-8081.exp.direct/node_modules/expo-router/entry.bundle:203633:42
Route(room/[roomId])@https://hsrnekw-sharehost-8081.exp.direct/node_modules/expo-router/entry.bundle:29510:53
SceneView@https://hsrnekw-sharehost-8081.exp.direct/node_modules/expo-router/entry.bundle:21898:77
render@https://hsrnekw-sharehost-8081.exp.direct/node_modules/expo-router/entry.bundle:21660:43
@https://hsrnekw-sharehost-8081.exp.direct/node_modules/expo-router/entry.bundle:21692:29
reduce@[native code]
useDescriptors@https://hsrnekw-sharehost-8081.exp.direct/node_modules/expo-router/entry.bundle:21689:38
useNavigationBuilder@https://hsrnekw-sharehost-8081.exp.direct/node_modules/expo-router/entry.bundle:21259:45
NativeStackNavigator@https://hsrnekw-sharehost-8081.exp.direct/node_modules/expo-router/entry.bundle:41663:43
@https://hsrnekw-sharehost-8081.exp.direct/node_modules/expo-router/entry.bundle:13660:41
Route(live)@https://hsrnekw-sharehost-8081.exp.direct/node_modules/expo-router/entry.bundle:29510:53
SceneView@https://hsrnekw-sharehost-8081.exp.direct/node_modules/expo-router/entry.bundle:21898:77
render@https://hsrnekw-sharehost-8081.exp.direct/node_modules/expo-router/entry.bundle:21660:43
@https://hsrnekw-sharehost-8081.exp.direct/node_modules/expo-router/entry.bundle:21692:29
reduce@[native code]
useDescriptors@https://hsrnekw-sharehost-8081.exp.direct/node_modules/expo-router/entry.bundle:21689:38
useNavigationBuilder@https://hsrnekw-sharehost-8081.exp.direct/node_modules/expo-router/entry.bundle:21259:45
BottomTabNavigator@https://hsrnekw-sharehost-8081.exp.direct/node_modules/expo-router/entry.bundle:30311:43
@https://hsrnekw-sharehost-8081.exp.direct/node_modules/expo-router/entry.bundle:13660:41
Route((tabs))@https://hsrnekw-sharehost-8081.exp.direct/node_modules/expo-router/entry.bundle:29510:53
SceneView@https://hsrnekw-sharehost-8081.exp.direct/node_modules/expo-router/entry.bundle:21898:77
render@https://hsrnekw-sharehost-8081.exp.direct/node_modules/expo-router/entry.bundle:21660:43
@https://hsrnekw-sharehost-8081.exp.direct/node_modules/expo-router/entry.bundle:21692:29
reduce@[native code]
useDescriptors@https://hsrnekw-sharehost-8081.exp.direct/node_modules/expo-router/entry.bundle:21689:38
useNavigationBuilder@https://hsrnekw-sharehost-8081.exp.direct/node_modules/expo-router/entry.bundle:21259:45
NativeStackNavigator@https://hsrnekw-sharehost-8081.exp.direct/node_modules/expo-router/entry.bundle:41663:43
@https://hsrnekw-sharehost-8081.exp.direct/node_modules/expo-router/entry.bundle:13660:41
RootLayoutNavWithTheme@https://hsrnekw-sharehost-8081.exp.direct/node_modules/expo-router/entry.bundle:225671:46
RootLayout(./_layout.tsx)@https://hsrnekw-sharehost-8081.exp.direct/node_modules/expo-router/entry.bundle:225798:86
Route()@https://hsrnekw-sharehost-8081.exp.direct/node_modules/expo-router/entry.bundle:29510:53
SceneView@https://hsrnekw-sharehost-8081.exp.direct/node_modules/expo-router/entry.bundle:21898:77
render@https://hsrnekw-sharehost-8081.exp.direct/node_modules/expo-router/entry.bundle:21660:43
@https://hsrnekw-sharehost-8081.exp.direct/node_modules/expo-router/entry.bundle:21692:29
reduce@[native code]
useDescriptors@https://hsrnekw-sharehost-8081.exp.direct/node_modules/expo-router/entry.bundle:21689:38
useNavigationBuilder@https://hsrnekw-sharehost-8081.exp.direct/node_modules/expo-router/entry.bundle:21259:45
Content@https://hsrnekw-sharehost-8081.exp.direct/node_modules/expo-router/entry.bundle:44285:43
ContextNavigator@https://hsrnekw-sharehost-8081.exp.direct/node_modules/expo-router/entry.bundle:44258:45
App@https://hsrnekw-sharehost-8081.exp.direct/node_modules/expo-router/entry.bundle:12139:39
withDevTools(App)@https://hsrnekw-sharehost-8081.exp.direct/node_modules/expo-router/entry.bundle:287723:45
Web  INFO  [2026-09-09T10:44:33.183Z] [INFO] [RootLayout] Navigation check {"currentSegment": "(tabs)", "hasInitialized": true, "isAuthenticated": true, "onboardingCompleted": true}
Web  ERROR  Unexpected text node: . A text node cannot be a child of a <View>. NamelessError@
captureCurrentStack@https://hsrnekw-sharehost-8081.exp.direct/node_modules/expo-router/entry.bundle:287236:29
addErrorStacks@https://hsrnekw-sharehost-8081.exp.direct/node_modules/expo-router/entry.bundle:287218:40
@https://hsrnekw-sharehost-8081.exp.direct/node_modules/expo-router/entry.bundle:287183:72
consoleErrorMiddleware@https://hsrnekw-sharehost-8081.exp.direct/node_modules/expo-router/entry.bundle:8540:27
@https://hsrnekw-sharehost-8081.exp.direct/node_modules/expo-router/entry.bundle:8480:29
@https://hsrnekw-sharehost-8081.exp.direct/node_modules/expo-router/entry.bundle:262491:24
forEach@[native code]
View@https://hsrnekw-sharehost-8081.exp.direct/node_modules/expo-router/entry.bundle:262489:53
react_stack_bottom_frame@https://hsrnekw-sharehost-8081.exp.direct/node_modules/expo-router/entry.bundle:254859:29
renderWithHooks@https://hsrnekw-sharehost-8081.exp.direct/node_modules/expo-router/entry.bundle:245732:40
updateForwardRef@https://hsrnekw-sharehost-8081.exp.direct/node_modules/expo-router/entry.bundle:246950:34
runWithFiberInDEV@https://hsrnekw-sharehost-8081.exp.direct/node_modules/expo-router/entry.bundle:242209:135
performUnitOfWork@https://hsrnekw-sharehost-8081.exp.direct/node_modules/expo-router/entry.bundle:250117:112
workLoopSync@https://hsrnekw-sharehost-8081.exp.direct/node_modules/expo-router/entry.bundle:250012:57
renderRootSync@https://hsrnekw-sharehost-8081.exp.direct/node_modules/expo-router/entry.bundle:249997:21
performWorkOnRoot@https://hsrnekw-sharehost-8081.exp.direct/node_modules/expo-router/entry.bundle:249634:198
performSyncWorkOnRoot@https://hsrnekw-sharehost-8081.exp.direct/node_modules/expo-router/entry.bundle:250780:24
flushSyncWorkAcrossRoots_impl@https://hsrnekw-sharehost-8081.exp.direct/node_modules/expo-router/entry.bundle:250695:329
processRootScheduleInMicrotask@https://hsrnekw-sharehost-8081.exp.direct/node_modules/expo-router/entry.bundle:250716:133
@https://hsrnekw-sharehost-8081.exp.direct/node_modules/expo-router/entry.bundle:250791:184 
PlanCard@https://hsrnekw-sharehost-8081.exp.direct/node_modules/expo-router/entry.bundle:215805:54
map@[native code]
PlannerScreen(./(tabs)/planner/index.tsx)@https://hsrnekw-sharehost-8081.exp.direct/node_modules/expo-router/entry.bundle:216743:28
Route(index)@https://hsrnekw-sharehost-8081.exp.direct/node_modules/expo-router/entry.bundle:29510:53
SceneView@https://hsrnekw-sharehost-8081.exp.direct/node_modules/expo-router/entry.bundle:21898:77
render@https://hsrnekw-sharehost-8081.exp.direct/node_modules/expo-router/entry.bundle:21660:43
@https://hsrnekw-sharehost-8081.exp.direct/node_modules/expo-router/entry.bundle:21692:29
reduce@[native code]
useDescriptors@https://hsrnekw-sharehost-8081.exp.direct/node_modules/expo-router/entry.bundle:21689:38
useNavigationBuilder@https://hsrnekw-sharehost-8081.exp.direct/node_modules/expo-router/entry.bundle:21259:45
NativeStackNavigator@https://hsrnekw-sharehost-8081.exp.direct/node_modules/expo-router/entry.bundle:41663:43
@https://hsrnekw-sharehost-8081.exp.direct/node_modules/expo-router/entry.bundle:13660:41
Route(planner)@https://hsrnekw-sharehost-8081.exp.direct/node_modules/expo-router/entry.bundle:29510:53
SceneView@https://hsrnekw-sharehost-8081.exp.direct/node_modules/expo-router/entry.bundle:21898:77
render@https://hsrnekw-sharehost-8081.exp.direct/node_modules/expo-router/entry.bundle:21660:43
@https://hsrnekw-sharehost-8081.exp.direct/node_modules/expo-router/entry.bundle:21692:29
reduce@[native code]
useDescriptors@https://hsrnekw-sharehost-8081.exp.direct/node_modules/expo-router/entry.bundle:21689:38
useNavigationBuilder@https://hsrnekw-sharehost-8081.exp.direct/node_modules/expo-router/entry.bundle:21259:45
BottomTabNavigator@https://hsrnekw-sharehost-8081.exp.direct/node_modules/expo-router/entry.bundle:30311:43
@https://hsrnekw-sharehost-8081.exp.direct/node_modules/expo-router/entry.bundle:13660:41
Route((tabs))@https://hsrnekw-sharehost-8081.exp.direct/node_modules/expo-router/entry.bundle:29510:53
SceneView@https://hsrnekw-sharehost-8081.exp.direct/node_modules/expo-router/entry.bundle:21898:77
render@https://hsrnekw-sharehost-8081.exp.direct/node_modules/expo-router/entry.bundle:21660:43
@https://hsrnekw-sharehost-8081.exp.direct/node_modules/expo-router/entry.bundle:21692:29
reduce@[native code]
useDescriptors@https://hsrnekw-sharehost-8081.exp.direct/node_modules/expo-router/entry.bundle:21689:38
useNavigationBuilder@https://hsrnekw-sharehost-8081.exp.direct/node_modules/expo-router/entry.bundle:21259:45
NativeStackNavigator@https://hsrnekw-sharehost-8081.exp.direct/node_modules/expo-router/entry.bundle:41663:43
@https://hsrnekw-sharehost-8081.exp.direct/node_modules/expo-router/entry.bundle:13660:41
RootLayoutNavWithTheme@https://hsrnekw-sharehost-8081.exp.direct/node_modules/expo-router/entry.bundle:225671:46
RootLayout(./_layout.tsx)@https://hsrnekw-sharehost-8081.exp.direct/node_modules/expo-router/entry.bundle:225798:86
Route()@https://hsrnekw-sharehost-8081.exp.direct/node_modules/expo-router/entry.bundle:29510:53
SceneView@https://hsrnekw-sharehost-8081.exp.direct/node_modules/expo-router/entry.bundle:21898:77
render@https://hsrnekw-sharehost-8081.exp.direct/node_modules/expo-router/entry.bundle:21660:43
@https://hsrnekw-sharehost-8081.exp.direct/node_modules/expo-router/entry.bundle:21692:29
reduce@[native code]
useDescriptors@https://hsrnekw-sharehost-8081.exp.direct/node_modules/expo-router/entry.bundle:21689:38
useNavigationBuilder@https://hsrnekw-sharehost-8081.exp.direct/node_modules/expo-router/entry.bundle:21259:45
Content@https://hsrnekw-sharehost-8081.exp.direct/node_modules/expo-router/entry.bundle:44285:43
ContextNavigator@https://hsrnekw-sharehost-8081.exp.direct/node_modules/expo-router/entry.bundle:44258:45
App@https://hsrnekw-sharehost-8081.exp.direct/node_modules/expo-router/entry.bundle:12139:39
withDevTools(App)@https://hsrnekw-sharehost-8081.exp.direct/node_modules/expo-router/entry.bundle:287723:45
Web  ERROR  Unexpected text node: . A text node cannot be a child of a <View>. NamelessError@
captureCurrentStack@https://hsrnekw-sharehost-8081.exp.direct/node_modules/expo-router/entry.bundle:287236:29
addErrorStacks@https://hsrnekw-sharehost-8081.exp.direct/node_modules/expo-router/entry.bundle:287218:40
@https://hsrnekw-sharehost-8081.exp.direct/node_modules/expo-router/entry.bundle:287183:72
consoleErrorMiddleware@https://hsrnekw-sharehost-8081.exp.direct/node_modules/expo-router/entry.bundle:8540:27
@https://hsrnekw-sharehost-8081.exp.direct/node_modules/expo-router/entry.bundle:8480:29
@https://hsrnekw-sharehost-8081.exp.direct/node_modules/expo-router/entry.bundle:262491:24
forEach@[native code]
View@https://hsrnekw-sharehost-8081.exp.direct/node_modules/expo-router/entry.bundle:262489:53
react_stack_bottom_frame@https://hsrnekw-sharehost-8081.exp.direct/node_modules/expo-router/entry.bundle:254859:29
renderWithHooks@https://hsrnekw-sharehost-8081.exp.direct/node_modules/expo-router/entry.bundle:245732:40
updateForwardRef@https://hsrnekw-sharehost-8081.exp.direct/node_modules/expo-router/entry.bundle:246950:34
runWithFiberInDEV@https://hsrnekw-sharehost-8081.exp.direct/node_modules/expo-router/entry.bundle:242209:135
performUnitOfWork@https://hsrnekw-sharehost-8081.exp.direct/node_modules/expo-router/entry.bundle:250117:112
workLoopSync@https://hsrnekw-sharehost-8081.exp.direct/node_modules/expo-router/entry.bundle:250012:57
renderRootSync@https://hsrnekw-sharehost-8081.exp.direct/node_modules/expo-router/entry.bundle:249997:21
performWorkOnRoot@https://hsrnekw-sharehost-8081.exp.direct/node_modules/expo-router/entry.bundle:249634:198
performSyncWorkOnRoot@https://hsrnekw-sharehost-8081.exp.direct/node_modules/expo-router/entry.bundle:250780:24
flushSyncWorkAcrossRoots_impl@https://hsrnekw-sharehost-8081.exp.direct/node_modules/expo-router/entry.bundle:250695:329
processRootScheduleInMicrotask@https://hsrnekw-sharehost-8081.exp.direct/node_modules/expo-router/entry.bundle:250716:133
@https://hsrnekw-sharehost-8081.exp.direct/node_modules/expo-router/entry.bundle:250791:184 
PlanCard@https://hsrnekw-sharehost-8081.exp.direct/node_modules/expo-router/entry.bundle:215805:54
map@[native code]
PlannerScreen(./(tabs)/planner/index.tsx)@https://hsrnekw-sharehost-8081.exp.direct/node_modules/expo-router/entry.bundle:216743:28
Route(index)@https://hsrnekw-sharehost-8081.exp.direct/node_modules/expo-router/entry.bundle:29510:53
SceneView@https://hsrnekw-sharehost-8081.exp.direct/node_modules/expo-router/entry.bundle:21898:77
render@https://hsrnekw-sharehost-8081.exp.direct/node_modules/expo-router/entry.bundle:21660:43
@https://hsrnekw-sharehost-8081.exp.direct/node_modules/expo-router/entry.bundle:21692:29
reduce@[native code]
useDescriptors@https://hsrnekw-sharehost-8081.exp.direct/node_modules/expo-router/entry.bundle:21689:38
useNavigationBuilder@https://hsrnekw-sharehost-8081.exp.direct/node_modules/expo-router/entry.bundle:21259:45
NativeStackNavigator@https://hsrnekw-sharehost-8081.exp.direct/node_modules/expo-router/entry.bundle:41663:43
@https://hsrnekw-sharehost-8081.exp.direct/node_modules/expo-router/entry.bundle:13660:41
Route(planner)@https://hsrnekw-sharehost-8081.exp.direct/node_modules/expo-router/entry.bundle:29510:53
SceneView@https://hsrnekw-sharehost-8081.exp.direct/node_modules/expo-router/entry.bundle:21898:77
render@https://hsrnekw-sharehost-8081.exp.direct/node_modules/expo-router/entry.bundle:21660:43
@https://hsrnekw-sharehost-8081.exp.direct/node_modules/expo-router/entry.bundle:21692:29
reduce@[native code]
useDescriptors@https://hsrnekw-sharehost-8081.exp.direct/node_modules/expo-router/entry.bundle:21689:38
useNavigationBuilder@https://hsrnekw-sharehost-8081.exp.direct/node_modules/expo-router/entry.bundle:21259:45
BottomTabNavigator@https://hsrnekw-sharehost-8081.exp.direct/node_modules/expo-router/entry.bundle:30311:43
@https://hsrnekw-sharehost-8081.exp.direct/node_modules/expo-router/entry.bundle:13660:41
Route((tabs))@https://hsrnekw-sharehost-8081.exp.direct/node_modules/expo-router/entry.bundle:29510:53
SceneView@https://hsrnekw-sharehost-8081.exp.direct/node_modules/expo-router/entry.bundle:21898:77
render@https://hsrnekw-sharehost-8081.exp.direct/node_modules/expo-router/entry.bundle:21660:43
@https://hsrnekw-sharehost-8081.exp.direct/node_modules/expo-router/entry.bundle:21692:29
reduce@[native code]
useDescriptors@https://hsrnekw-sharehost-8081.exp.direct/node_modules/expo-router/entry.bundle:21689:38
useNavigationBuilder@https://hsrnekw-sharehost-8081.exp.direct/node_modules/expo-router/entry.bundle:21259:45
NativeStackNavigator@https://hsrnekw-sharehost-8081.exp.direct/node_modules/expo-router/entry.bundle:41663:43
@https://hsrnekw-sharehost-8081.exp.direct/node_modules/expo-router/entry.bundle:13660:41
RootLayoutNavWithTheme@https://hsrnekw-sharehost-8081.exp.direct/node_modules/expo-router/entry.bundle:225671:46
RootLayout(./_layout.tsx)@https://hsrnekw-sharehost-8081.exp.direct/node_modules/expo-router/entry.bundle:225798:86
Route()@https://hsrnekw-sharehost-8081.exp.direct/node_modules/expo-router/entry.bundle:29510:53
SceneView@https://hsrnekw-sharehost-8081.exp.direct/node_modules/expo-router/entry.bundle:21898:77
render@https://hsrnekw-sharehost-8081.exp.direct/node_modules/expo-router/entry.bundle:21660:43
@https://hsrnekw-sharehost-8081.exp.direct/node_modules/expo-router/entry.bundle:21692:29
reduce@[native code]
useDescriptors@https://hsrnekw-sharehost-8081.exp.direct/node_modules/expo-router/entry.bundle:21689:38
useNavigationBuilder@https://hsrnekw-sharehost-8081.exp.direct/node_modules/expo-router/entry.bundle:21259:45
Content@https://hsrnekw-sharehost-8081.exp.direct/node_modules/expo-router/entry.bundle:44285:43
ContextNavigator@https://hsrnekw-sharehost-8081.exp.direct/node_modules/expo-router/entry.bundle:44258:45
App@https://hsrnekw-sharehost-8081.exp.direct/node_modules/expo-router/entry.bundle:12139:39
withDevTools(App)@https://hsrnekw-sharehost-8081.exp.direct/node_modules/expo-router/entry.bundle:287723:45
Web  INFO  [2026-09-09T10:44:36.409Z] [INFO] [RootLayout] Navigation check {"currentSegment": "(tabs)", "hasInitialized": true, "isAuthenticated": true, "onboardingCompleted": true}
Web  ERROR  Unexpected text node: . A text node cannot be a child of a <View>. NamelessError@
captureCurrentStack@https://hsrnekw-sharehost-8081.exp.direct/node_modules/expo-router/entry.bundle:287236:29
addErrorStacks@https://hsrnekw-sharehost-8081.exp.direct/node_modules/expo-router/entry.bundle:287218:40
@https://hsrnekw-sharehost-8081.exp.direct/node_modules/expo-router/entry.bundle:287183:72
consoleErrorMiddleware@https://hsrnekw-sharehost-8081.exp.direct/node_modules/expo-router/entry.bundle:8540:27
@https://hsrnekw-sharehost-8081.exp.direct/node_modules/expo-router/entry.bundle:8480:29
@https://hsrnekw-sharehost-8081.exp.direct/node_modules/expo-router/entry.bundle:262491:24
forEach@[native code]
View@https://hsrnekw-sharehost-8081.exp.direct/node_modules/expo-router/entry.bundle:262489:53
react_stack_bottom_frame@https://hsrnekw-sharehost-8081.exp.direct/node_modules/expo-router/entry.bundle:254859:29
renderWithHooks@https://hsrnekw-sharehost-8081.exp.direct/node_modules/expo-router/entry.bundle:245732:40
updateForwardRef@https://hsrnekw-sharehost-8081.exp.direct/node_modules/expo-router/entry.bundle:246950:34
runWithFiberInDEV@https://hsrnekw-sharehost-8081.exp.direct/node_modules/expo-router/entry.bundle:242209:135
performUnitOfWork@https://hsrnekw-sharehost-8081.exp.direct/node_modules/expo-router/entry.bundle:250117:112
workLoopSync@https://hsrnekw-sharehost-8081.exp.direct/node_modules/expo-router/entry.bundle:250012:57
renderRootSync@https://hsrnekw-sharehost-8081.exp.direct/node_modules/expo-router/entry.bundle:249997:21
performWorkOnRoot@https://hsrnekw-sharehost-8081.exp.direct/node_modules/expo-router/entry.bundle:249634:198
performSyncWorkOnRoot@https://hsrnekw-sharehost-8081.exp.direct/node_modules/expo-router/entry.bundle:250780:24
flushSyncWorkAcrossRoots_impl@https://hsrnekw-sharehost-8081.exp.direct/node_modules/expo-router/entry.bundle:250695:329
processRootScheduleInMicrotask@https://hsrnekw-sharehost-8081.exp.direct/node_modules/expo-router/entry.bundle:250716:133
@https://hsrnekw-sharehost-8081.exp.direct/node_modules/expo-router/entry.bundle:250791:184 
PlanCard@https://hsrnekw-sharehost-8081.exp.direct/node_modules/expo-router/entry.bundle:215805:54
map@[native code]
PlannerScreen(./(tabs)/planner/index.tsx)@https://hsrnekw-sharehost-8081.exp.direct/node_modules/expo-router/entry.bundle:216743:28
Route(index)@https://hsrnekw-sharehost-8081.exp.direct/node_modules/expo-router/entry.bundle:29510:53
SceneView@https://hsrnekw-sharehost-8081.exp.direct/node_modules/expo-router/entry.bundle:21898:77
render@https://hsrnekw-sharehost-8081.exp.direct/node_modules/expo-router/entry.bundle:21660:43
@https://hsrnekw-sharehost-8081.exp.direct/node_modules/expo-router/entry.bundle:21692:29
reduce@[native code]
useDescriptors@https://hsrnekw-sharehost-8081.exp.direct/node_modules/expo-router/entry.bundle:21689:38
useNavigationBuilder@https://hsrnekw-sharehost-8081.exp.direct/node_modules/expo-router/entry.bundle:21259:45
NativeStackNavigator@https://hsrnekw-sharehost-8081.exp.direct/node_modules/expo-router/entry.bundle:41663:43
@https://hsrnekw-sharehost-8081.exp.direct/node_modules/expo-router/entry.bundle:13660:41
Route(planner)@https://hsrnekw-sharehost-8081.exp.direct/node_modules/expo-router/entry.bundle:29510:53
SceneView@https://hsrnekw-sharehost-8081.exp.direct/node_modules/expo-router/entry.bundle:21898:77
render@https://hsrnekw-sharehost-8081.exp.direct/node_modules/expo-router/entry.bundle:21660:43
@https://hsrnekw-sharehost-8081.exp.direct/node_modules/expo-router/entry.bundle:21692:29
reduce@[native code]
useDescriptors@https://hsrnekw-sharehost-8081.exp.direct/node_modules/expo-router/entry.bundle:21689:38
useNavigationBuilder@https://hsrnekw-sharehost-8081.exp.direct/node_modules/expo-router/entry.bundle:21259:45
BottomTabNavigator@https://hsrnekw-sharehost-8081.exp.direct/node_modules/expo-router/entry.bundle:30311:43
@https://hsrnekw-sharehost-8081.exp.direct/node_modules/expo-router/entry.bundle:13660:41
Route((tabs))@https://hsrnekw-sharehost-8081.exp.direct/node_modules/expo-router/entry.bundle:29510:53
SceneView@https://hsrnekw-sharehost-8081.exp.direct/node_modules/expo-router/entry.bundle:21898:77
render@https://hsrnekw-sharehost-8081.exp.direct/node_modules/expo-router/entry.bundle:21660:43
@https://hsrnekw-sharehost-8081.exp.direct/node_modules/expo-router/entry.bundle:21692:29
reduce@[native code]
useDescriptors@https://hsrnekw-sharehost-8081.exp.direct/node_modules/expo-router/entry.bundle:21689:38
useNavigationBuilder@https://hsrnekw-sharehost-8081.exp.direct/node_modules/expo-router/entry.bundle:21259:45
NativeStackNavigator@https://hsrnekw-sharehost-8081.exp.direct/node_modules/expo-router/entry.bundle:41663:43
@https://hsrnekw-sharehost-8081.exp.direct/node_modules/expo-router/entry.bundle:13660:41
RootLayoutNavWithTheme@https://hsrnekw-sharehost-8081.exp.direct/node_modules/expo-router/entry.bundle:225671:46
RootLayout(./_layout.tsx)@https://hsrnekw-sharehost-8081.exp.direct/node_modules/expo-router/entry.bundle:225798:86
Route()@https://hsrnekw-sharehost-8081.exp.direct/node_modules/expo-router/entry.bundle:29510:53
SceneView@https://hsrnekw-sharehost-8081.exp.direct/node_modules/expo-router/entry.bundle:21898:77
render@https://hsrnekw-sharehost-8081.exp.direct/node_modules/expo-router/entry.bundle:21660:43
@https://hsrnekw-sharehost-8081.exp.direct/node_modules/expo-router/entry.bundle:21692:29
reduce@[native code]
useDescriptors@https://hsrnekw-sharehost-8081.exp.direct/node_modules/expo-router/entry.bundle:21689:38
useNavigationBuilder@https://hsrnekw-sharehost-8081.exp.direct/node_modules/expo-router/entry.bundle:21259:45
Content@https://hsrnekw-sharehost-8081.exp.direct/node_modules/expo-router/entry.bundle:44285:43
ContextNavigator@https://hsrnekw-sharehost-8081.exp.direct/node_modules/expo-router/entry.bundle:44258:45
App@https://hsrnekw-sharehost-8081.exp.direct/node_modules/expo-router/entry.bundle:12139:39
withDevTools(App)@https://hsrnekw-sharehost-8081.exp.direct/node_modules/expo-router/entry.bundle:287723:45
Web  ERROR  Unexpected text node: . A text node cannot be a child of a <View>. NamelessError@
captureCurrentStack@https://hsrnekw-sharehost-8081.exp.direct/node_modules/expo-router/entry.bundle:287236:29
addErrorStacks@https://hsrnekw-sharehost-8081.exp.direct/node_modules/expo-router/entry.bundle:287218:40
@https://hsrnekw-sharehost-8081.exp.direct/node_modules/expo-router/entry.bundle:287183:72
consoleErrorMiddleware@https://hsrnekw-sharehost-8081.exp.direct/node_modules/expo-router/entry.bundle:8540:27
@https://hsrnekw-sharehost-8081.exp.direct/node_modules/expo-router/entry.bundle:8480:29
@https://hsrnekw-sharehost-8081.exp.direct/node_modules/expo-router/entry.bundle:262491:24
forEach@[native code]
View@https://hsrnekw-sharehost-8081.exp.direct/node_modules/expo-router/entry.bundle:262489:53
react_stack_bottom_frame@https://hsrnekw-sharehost-8081.exp.direct/node_modules/expo-router/entry.bundle:254859:29
renderWithHooks@https://hsrnekw-sharehost-8081.exp.direct/node_modules/expo-router/entry.bundle:245732:40
updateForwardRef@https://hsrnekw-sharehost-8081.exp.direct/node_modules/expo-router/entry.bundle:246950:34
runWithFiberInDEV@https://hsrnekw-sharehost-8081.exp.direct/node_modules/expo-router/entry.bundle:242209:135
performUnitOfWork@https://hsrnekw-sharehost-8081.exp.direct/node_modules/expo-router/entry.bundle:250117:112
workLoopSync@https://hsrnekw-sharehost-8081.exp.direct/node_modules/expo-router/entry.bundle:250012:57
renderRootSync@https://hsrnekw-sharehost-8081.exp.direct/node_modules/expo-router/entry.bundle:249997:21
performWorkOnRoot@https://hsrnekw-sharehost-8081.exp.direct/node_modules/expo-router/entry.bundle:249634:198
performSyncWorkOnRoot@https://hsrnekw-sharehost-8081.exp.direct/node_modules/expo-router/entry.bundle:250780:24
flushSyncWorkAcrossRoots_impl@https://hsrnekw-sharehost-8081.exp.direct/node_modules/expo-router/entry.bundle:250695:329
processRootScheduleInMicrotask@https://hsrnekw-sharehost-8081.exp.direct/node_modules/expo-router/entry.bundle:250716:133
@https://hsrnekw-sharehost-8081.exp.direct/node_modules/expo-router/entry.bundle:250791:184 
PlanCard@https://hsrnekw-sharehost-8081.exp.direct/node_modules/expo-router/entry.bundle:215805:54
map@[native code]
PlannerScreen(./(tabs)/planner/index.tsx)@https://hsrnekw-sharehost-8081.exp.direct/node_modules/expo-router/entry.bundle:216743:28
Route(index)@https://hsrnekw-sharehost-8081.exp.direct/node_modules/expo-router/entry.bundle:29510:53
SceneView@https://hsrnekw-sharehost-8081.exp.direct/node_modules/expo-router/entry.bundle:21898:77
render@https://hsrnekw-sharehost-8081.exp.direct/node_modules/expo-router/entry.bundle:21660:43
@https://hsrnekw-sharehost-8081.exp.direct/node_modules/expo-router/entry.bundle:21692:29
reduce@[native code]
useDescriptors@https://hsrnekw-sharehost-8081.exp.direct/node_modules/expo-router/entry.bundle:21689:38
useNavigationBuilder@https://hsrnekw-sharehost-8081.exp.direct/node_modules/expo-router/entry.bundle:21259:45
NativeStackNavigator@https://hsrnekw-sharehost-8081.exp.direct/node_modules/expo-router/entry.bundle:41663:43
@https://hsrnekw-sharehost-8081.exp.direct/node_modules/expo-router/entry.bundle:13660:41
Route(planner)@https://hsrnekw-sharehost-8081.exp.direct/node_modules/expo-router/entry.bundle:29510:53
SceneView@https://hsrnekw-sharehost-8081.exp.direct/node_modules/expo-router/entry.bundle:21898:77
render@https://hsrnekw-sharehost-8081.exp.direct/node_modules/expo-router/entry.bundle:21660:43
@https://hsrnekw-sharehost-8081.exp.direct/node_modules/expo-router/entry.bundle:21692:29
reduce@[native code]
useDescriptors@https://hsrnekw-sharehost-8081.exp.direct/node_modules/expo-router/entry.bundle:21689:38
useNavigationBuilder@https://hsrnekw-sharehost-8081.exp.direct/node_modules/expo-router/entry.bundle:21259:45
BottomTabNavigator@https://hsrnekw-sharehost-8081.exp.direct/node_modules/expo-router/entry.bundle:30311:43
@https://hsrnekw-sharehost-8081.exp.direct/node_modules/expo-router/entry.bundle:13660:41
Route((tabs))@https://hsrnekw-sharehost-8081.exp.direct/node_modules/expo-router/entry.bundle:29510:53
SceneView@https://hsrnekw-sharehost-8081.exp.direct/node_modules/expo-router/entry.bundle:21898:77
render@https://hsrnekw-sharehost-8081.exp.direct/node_modules/expo-router/entry.bundle:21660:43
@https://hsrnekw-sharehost-8081.exp.direct/node_modules/expo-router/entry.bundle:21692:29
reduce@[native code]
useDescriptors@https://hsrnekw-sharehost-8081.exp.direct/node_modules/expo-router/entry.bundle:21689:38
useNavigationBuilder@https://hsrnekw-sharehost-8081.exp.direct/node_modules/expo-router/entry.bundle:21259:45
NativeStackNavigator@https://hsrnekw-sharehost-8081.exp.direct/node_modules/expo-router/entry.bundle:41663:43
@https://hsrnekw-sharehost-8081.exp.direct/node_modules/expo-router/entry.bundle:13660:41
RootLayoutNavWithTheme@https://hsrnekw-sharehost-8081.exp.direct/node_modules/expo-router/entry.bundle:225671:46
RootLayout(./_layout.tsx)@https://hsrnekw-sharehost-8081.exp.direct/node_modules/expo-router/entry.bundle:225798:86
Route()@https://hsrnekw-sharehost-8081.exp.direct/node_modules/expo-router/entry.bundle:29510:53
SceneView@https://hsrnekw-sharehost-8081.exp.direct/node_modules/expo-router/entry.bundle:21898:77
render@https://hsrnekw-sharehost-8081.exp.direct/node_modules/expo-router/entry.bundle:21660:43
@https://hsrnekw-sharehost-8081.exp.direct/node_modules/expo-router/entry.bundle:21692:29
reduce@[native code]
useDescriptors@https://hsrnekw-sharehost-8081.exp.direct/node_modules/expo-router/entry.bundle:21689:38
useNavigationBuilder@https://hsrnekw-sharehost-8081.exp.direct/node_modules/expo-router/entry.bundle:21259:45
Content@https://hsrnekw-sharehost-8081.exp.direct/node_modules/expo-router/entry.bundle:44285:43
ContextNavigator@https://hsrnekw-sharehost-8081.exp.direct/node_modules/expo-router/entry.bundle:44258:45
App@https://hsrnekw-sharehost-8081.exp.direct/node_modules/expo-router/entry.bundle:12139:39
withDevTools(App)@https://hsrnekw-sharehost-8081.exp.direct/node_modules/expo-router/entry.bundle:287723:45
Web  INFO  [2026-09-09T10:44:39.698Z] [INFO] [RootLayout] Navigation check {"currentSegment": "(tabs)", "hasInitialized": true, "isAuthenticated": true, "onboardingCompleted": true}
Web  INFO  [2026-09-09T10:44:54.038Z] [INFO] [RootLayout] Navigation check {"currentSegment": "(tabs)", "hasInitialized": true, "isAuthenticated": true, "onboardingCompleted": true}
Web  INFO  [2026-09-09T10:44:54.638Z] [INFO] [RootLayout] Navigation check {"currentSegment": "(tabs)", "hasInitialized": true, "isAuthenticated": true, "onboardingCompleted": true}
Web Bundled 69ms node_modules/expo-router/entry.js (1 module)
Web  LOG  Running application "main" with appParams:
 {"hydrate": undefined, "rootTag": "#root"} 
Development-level warnings: ON.
Performance optimizations: OFF.
Web  INFO  [2026-09-09T10:44:59.391Z] [INFO] [SocialContext] Built default state for {"length": 0}
Web  WARN  "shadow*" style props are deprecated. Use "boxShadow".
Web  WARN  "textShadow*" style props are deprecated. Use "textShadow".
Web  WARN  [expo-av]: Expo AV has been deprecated and will be removed in SDK 54. Use the `expo-audio` and `expo-video` packages to replace the required functionality.
Web  WARN  Route "./(tabs)/live/room/plan-constants.ts" is missing the required default export. Ensure a React component is exported as default.
Web  WARN  Animated: `useNativeDriver` is not supported because the native animated module is missing. Falling back to JS-based animation. To resolve this, add `RCTAnimation` module to this app, or remove `useNativeDriver`. Make sure to run `bundle exec pod install` first. Read more about autolinking: https://github.com/react-native-community/cli/blob/master/docs/autolinking.md
Web  INFO  [2026-09-09T10:44:59.480Z] [INFO] [RootLayout] Still loading... {"authLoading": true, "onboardingLoading": true}
Web  INFO  [2026-09-09T10:44:59.480Z] [INFO] [BookingsContext] Starting to fetch all listings from Supabase...
Web  LOG  [DB] Fetching listings from Supabase... 
Web  LOG  [DB] Fetching products... 
Web  INFO  [2026-09-09T10:44:59.481Z] [INFO] [MarketplaceContext] Saved products are backend-only (no local state)
Web  LOG  [DB] Fetching posts...
Web  LOG  [DB] Fetching stories...
Web  INFO  [2026-09-09T10:44:59.484Z] [INFO] [SocialContext] Social interaction state is in-memory only
Web  INFO  [2026-09-09T10:44:59.484Z] [INFO] [SocialContext] Story interaction state is in-memory only
Web  INFO  [2026-09-09T10:44:59.484Z] [INFO] [SocialContext] User posts are loaded from Supabase posts table
Web  INFO  [2026-09-09T10:44:59.484Z] [INFO] [SocialContext] User stories are loaded from Supabase stories table
Web  INFO  [2026-09-09T10:44:59.485Z] [INFO] [Root] App mounted
Web  INFO  [2026-09-09T10:44:59.487Z] [INFO] [BookingsContext] Hydrated favorites {"length": 0}
Web  INFO  [2026-09-09T10:44:59.487Z] [INFO] [BookingsContext] Hydrated rental submissions {"length": 0}
Web  INFO  [2026-09-09T10:44:59.487Z] [INFO] [MessagingContext] Using default messaging state
Web  INFO  [2026-09-09T10:44:59.487Z] [INFO] [ConnectionsContext] Building connections from Supabase users
Web  INFO  [2026-09-09T10:44:59.518Z] [INFO] [RootLayout] Still loading... {"authLoading": true, "onboardingLoading": false}
Web  LOG  [DB] Using authenticated user: d8694830-980e-43e7-9763-979eae54e1da
Web  INFO  [2026-09-09T10:44:59.521Z] [INFO] [BookingsContext] Fetching my listings for host {"hostId": "d8694830-980e-43e7-9763-979eae54e1da"}
Web  LOG  [DB] Fetching user listings for host: d8694830-980e-43e7-9763-979eae54e1da
Web  LOG  [DB] Fetching bookings for user: d8694830-980e-43e7-9763-979eae54e1da
Web  INFO  [2026-09-09T10:44:59.893Z] [INFO] [SocialContext] Got auth user ID {"userId": "d8694830-980e-43e7-9763-979eae54e1da"}
Web  INFO  [2026-09-09T10:44:59.901Z] [INFO] [Auth] Auth state changed {"event": "INITIAL_SESSION", "hasSession": true}
Web  LOG  [DB] Fetching users...
Web  LOG  [DB] Fetched posts: 22
Web  LOG  [DB] Fetched user listings from Supabase: 0
Web  LOG  [DB] Fetched users: 10
Web  LOG  [DB] Fetched products: 0
Web  INFO  [2026-09-09T10:45:00.508Z] [INFO] [SocialContext] Fetched posts from Supabase {"length": 22}
Web  LOG  [DB] Fetching users...
Web  INFO  [2026-09-09T10:45:00.509Z] [INFO] [BookingsContext] My listings query result {"value": 0}
Web  INFO  [2026-09-09T10:45:00.509Z] [INFO] [BookingsContext] No my listings found in Supabase
Web  LOG  [DB] Fetched listings from Supabase: 0
Web  INFO  [2026-09-09T10:45:00.553Z] [INFO] [BookingsContext] Listings query result {"value": 0}
Web  INFO  [2026-09-09T10:45:00.553Z] [INFO] [BookingsContext] No listings found in Supabase
Web  INFO  [2026-09-09T10:45:00.590Z] [INFO] [BookingsContext] Hydrated bookings from local {"length": 0}
Web  INFO  [2026-09-09T10:45:00.611Z] [INFO] [Auth] Built profile {"hasName": true, "phone": null, "userId": "d8694830-980e-43e7-9763-979eae54e1da"}
Web  INFO  [2026-09-09T10:45:00.639Z] [INFO] [RootLayout] Navigation check {"currentSegment": "(tabs)", "hasInitialized": false, "isAuthenticated": true, "onboardingCompleted": true}
Web  INFO  [2026-09-09T10:45:00.640Z] [INFO] [Planner] Fetching plans...
Web  INFO  [2026-09-09T10:45:00.643Z] [INFO] [MessagingContext] Hydrated messaging state from storage
Web  LOG  [DB] Fetched stories: 0
Web  INFO  [2026-09-09T10:45:00.654Z] [INFO] [SocialContext] No Supabase stories
Web  INFO  [2026-09-09T10:45:00.664Z] [INFO] [Auth] Built profile {"hasName": true, "phone": null, "userId": "d8694830-980e-43e7-9763-979eae54e1da"}
Web  INFO  [2026-09-09T10:45:00.866Z] [INFO] [SocialContext] Loaded {"length": 22}
Web  INFO  [2026-09-09T10:45:00.867Z] [INFO] [SocialContext] Built default state for {"length": 22}
Web  LOG  [DB] Fetched users: 10
Web  INFO  [2026-09-09T10:45:00.919Z] [INFO] [SocialContext] Built default state for {"length": 22}
Web  INFO  [2026-09-09T10:45:01.151Z] [INFO] [Planner] Fetched plans from Supabase {"length": 9}
Web  INFO  [2026-09-09T10:45:01.536Z] [INFO] [MessagingContext] Synced Supabase conversations {"added": 1}
Web  INFO  [2026-09-09T10:45:10.261Z] [INFO] [RootLayout] Navigation check {"currentSegment": "(tabs)", "hasInitialized": true, "isAuthenticated": true, "onboardingCompleted": true}
Web  INFO  [2026-09-09T10:45:11.265Z] [INFO] [RootLayout] Navigation check {"currentSegment": "(tabs)", "hasInitialized": true, "isAuthenticated": true, "onboardingCompleted": true}
Web  WARN  props.pointerEvents is deprecated. Use style.pointerEvents
Web  INFO  [2026-09-09T10:45:16.950Z] [INFO] [RootLayout] Navigation check {"currentSegment": "(tabs)", "hasInitialized": true, "isAuthenticated": true, "onboardingCompleted": true}
Web  ERROR  Unexpected text node: . A text node cannot be a child of a <View>. NamelessError@
captureCurrentStack@https://hsrnekw-sharehost-8081.exp.direct/node_modules/expo-router/entry.bundle:287236:29
addErrorStacks@https://hsrnekw-sharehost-8081.exp.direct/node_modules/expo-router/entry.bundle:287218:40
@https://hsrnekw-sharehost-8081.exp.direct/node_modules/expo-router/entry.bundle:287183:72
consoleErrorMiddleware@https://hsrnekw-sharehost-8081.exp.direct/node_modules/expo-router/entry.bundle:8540:27
@https://hsrnekw-sharehost-8081.exp.direct/node_modules/expo-router/entry.bundle:8480:29
@https://hsrnekw-sharehost-8081.exp.direct/node_modules/expo-router/entry.bundle:262491:24
forEach@[native code]
View@https://hsrnekw-sharehost-8081.exp.direct/node_modules/expo-router/entry.bundle:262489:53
react_stack_bottom_frame@https://hsrnekw-sharehost-8081.exp.direct/node_modules/expo-router/entry.bundle:254859:29
renderWithHooks@https://hsrnekw-sharehost-8081.exp.direct/node_modules/expo-router/entry.bundle:245732:40
updateForwardRef@https://hsrnekw-sharehost-8081.exp.direct/node_modules/expo-router/entry.bundle:246950:34
runWithFiberInDEV@https://hsrnekw-sharehost-8081.exp.direct/node_modules/expo-router/entry.bundle:242209:135
performUnitOfWork@https://hsrnekw-sharehost-8081.exp.direct/node_modules/expo-router/entry.bundle:250117:112
workLoopSync@https://hsrnekw-sharehost-8081.exp.direct/node_modules/expo-router/entry.bundle:250012:57
renderRootSync@https://hsrnekw-sharehost-8081.exp.direct/node_modules/expo-router/entry.bundle:249997:21
performWorkOnRoot@https://hsrnekw-sharehost-8081.exp.direct/node_modules/expo-router/entry.bundle:249634:198
performWorkOnRootViaSchedulerTask@https://hsrnekw-sharehost-8081.exp.direct/node_modules/expo-router/entry.bundle:250772:24
performWorkUntilDeadline@https://hsrnekw-sharehost-8081.exp.direct/node_modules/expo-router/entry.bundle:256711:56 
RoomContent@https://hsrnekw-sharehost-8081.exp.direct/node_modules/expo-router/entry.bundle:202888:46
RoomScreen(./(tabs)/live/room/[roomId].tsx)@https://hsrnekw-sharehost-8081.exp.direct/node_modules/expo-router/entry.bundle:203633:42
Route(room/[roomId])@https://hsrnekw-sharehost-8081.exp.direct/node_modules/expo-router/entry.bundle:29510:53
SceneView@https://hsrnekw-sharehost-8081.exp.direct/node_modules/expo-router/entry.bundle:21898:77
render@https://hsrnekw-sharehost-8081.exp.direct/node_modules/expo-router/entry.bundle:21660:43
@https://hsrnekw-sharehost-8081.exp.direct/node_modules/expo-router/entry.bundle:21692:29
reduce@[native code]
useDescriptors@https://hsrnekw-sharehost-8081.exp.direct/node_modules/expo-router/entry.bundle:21689:38
useNavigationBuilder@https://hsrnekw-sharehost-8081.exp.direct/node_modules/expo-router/entry.bundle:21259:45
NativeStackNavigator@https://hsrnekw-sharehost-8081.exp.direct/node_modules/expo-router/entry.bundle:41663:43
@https://hsrnekw-sharehost-8081.exp.direct/node_modules/expo-router/entry.bundle:13660:41
Route(live)@https://hsrnekw-sharehost-8081.exp.direct/node_modules/expo-router/entry.bundle:29510:53
SceneView@https://hsrnekw-sharehost-8081.exp.direct/node_modules/expo-router/entry.bundle:21898:77
render@https://hsrnekw-sharehost-8081.exp.direct/node_modules/expo-router/entry.bundle:21660:43
@https://hsrnekw-sharehost-8081.exp.direct/node_modules/expo-router/entry.bundle:21692:29
reduce@[native code]
useDescriptors@https://hsrnekw-sharehost-8081.exp.direct/node_modules/expo-router/entry.bundle:21689:38
useNavigationBuilder@https://hsrnekw-sharehost-8081.exp.direct/node_modules/expo-router/entry.bundle:21259:45
BottomTabNavigator@https://hsrnekw-sharehost-8081.exp.direct/node_modules/expo-router/entry.bundle:30311:43
@https://hsrnekw-sharehost-8081.exp.direct/node_modules/expo-router/entry.bundle:13660:41
Route((tabs))@https://hsrnekw-sharehost-8081.exp.direct/node_modules/expo-router/entry.bundle:29510:53
SceneView@https://hsrnekw-sharehost-8081.exp.direct/node_modules/expo-router/entry.bundle:21898:77
render@https://hsrnekw-sharehost-8081.exp.direct/node_modules/expo-router/entry.bundle:21660:43
@https://hsrnekw-sharehost-8081.exp.direct/node_modules/expo-router/entry.bundle:21692:29
reduce@[native code]
useDescriptors@https://hsrnekw-sharehost-8081.exp.direct/node_modules/expo-router/entry.bundle:21689:38
useNavigationBuilder@https://hsrnekw-sharehost-8081.exp.direct/node_modules/expo-router/entry.bundle:21259:45
NativeStackNavigator@https://hsrnekw-sharehost-8081.exp.direct/node_modules/expo-router/entry.bundle:41663:43
@https://hsrnekw-sharehost-8081.exp.direct/node_modules/expo-router/entry.bundle:13660:41
RootLayoutNavWithTheme@https://hsrnekw-sharehost-8081.exp.direct/node_modules/expo-router/entry.bundle:225671:46
RootLayout(./_layout.tsx)@https://hsrnekw-sharehost-8081.exp.direct/node_modules/expo-router/entry.bundle:225798:86
Route()@https://hsrnekw-sharehost-8081.exp.direct/node_modules/expo-router/entry.bundle:29510:53
SceneView@https://hsrnekw-sharehost-8081.exp.direct/node_modules/expo-router/entry.bundle:21898:77
render@https://hsrnekw-sharehost-8081.exp.direct/node_modules/expo-router/entry.bundle:21660:43
@https://hsrnekw-sharehost-8081.exp.direct/node_modules/expo-router/entry.bundle:21692:29
reduce@[native code]
useDescriptors@https://hsrnekw-sharehost-8081.exp.direct/node_modules/expo-router/entry.bundle:21689:38
useNavigationBuilder@https://hsrnekw-sharehost-8081.exp.direct/node_modules/expo-router/entry.bundle:21259:45
Content@https://hsrnekw-sharehost-8081.exp.direct/node_modules/expo-router/entry.bundle:44285:43
ContextNavigator@https://hsrnekw-sharehost-8081.exp.direct/node_modules/expo-router/entry.bundle:44258:45
App@https://hsrnekw-sharehost-8081.exp.direct/node_modules/expo-router/entry.bundle:12139:39
withDevTools(App)@https://hsrnekw-sharehost-8081.exp.direct/node_modules/expo-router/entry.bundle:287723:45
Web  WARN  [AudioRelay] WS error: {"isTrusted": true}
Web  WARN  [useLiveAudio] Connect failed: [Error: WebSocket connection failed]
Web  ERROR  Unexpected text node: . A text node cannot be a child of a <View>. NamelessError@
captureCurrentStack@https://hsrnekw-sharehost-8081.exp.direct/node_modules/expo-router/entry.bundle:287236:29
addErrorStacks@https://hsrnekw-sharehost-8081.exp.direct/node_modules/expo-router/entry.bundle:287218:40
@https://hsrnekw-sharehost-8081.exp.direct/node_modules/expo-router/entry.bundle:287183:72
consoleErrorMiddleware@https://hsrnekw-sharehost-8081.exp.direct/node_modules/expo-router/entry.bundle:8540:27
@https://hsrnekw-sharehost-8081.exp.direct/node_modules/expo-router/entry.bundle:8480:29
@https://hsrnekw-sharehost-8081.exp.direct/node_modules/expo-router/entry.bundle:262491:24
forEach@[native code]
View@https://hsrnekw-sharehost-8081.exp.direct/node_modules/expo-router/entry.bundle:262489:53
react_stack_bottom_frame@https://hsrnekw-sharehost-8081.exp.direct/node_modules/expo-router/entry.bundle:254859:29
renderWithHooks@https://hsrnekw-sharehost-8081.exp.direct/node_modules/expo-router/entry.bundle:245732:40
updateForwardRef@https://hsrnekw-sharehost-8081.exp.direct/node_modules/expo-router/entry.bundle:246950:34
runWithFiberInDEV@https://hsrnekw-sharehost-8081.exp.direct/node_modules/expo-router/entry.bundle:242209:135
performUnitOfWork@https://hsrnekw-sharehost-8081.exp.direct/node_modules/expo-router/entry.bundle:250117:112
workLoopSync@https://hsrnekw-sharehost-8081.exp.direct/node_modules/expo-router/entry.bundle:250012:57
renderRootSync@https://hsrnekw-sharehost-8081.exp.direct/node_modules/expo-router/entry.bundle:249997:21
performWorkOnRoot@https://hsrnekw-sharehost-8081.exp.direct/node_modules/expo-router/entry.bundle:249634:198
performSyncWorkOnRoot@https://hsrnekw-sharehost-8081.exp.direct/node_modules/expo-router/entry.bundle:250780:24
flushSyncWorkAcrossRoots_impl@https://hsrnekw-sharehost-8081.exp.direct/node_modules/expo-router/entry.bundle:250695:329
processRootScheduleInMicrotask@https://hsrnekw-sharehost-8081.exp.direct/node_modules/expo-router/entry.bundle:250716:133
@https://hsrnekw-sharehost-8081.exp.direct/node_modules/expo-router/entry.bundle:250791:184 
RoomContent@https://hsrnekw-sharehost-8081.exp.direct/node_modules/expo-router/entry.bundle:202888:46
RoomScreen(./(tabs)/live/room/[roomId].tsx)@https://hsrnekw-sharehost-8081.exp.direct/node_modules/expo-router/entry.bundle:203633:42
Route(room/[roomId])@https://hsrnekw-sharehost-8081.exp.direct/node_modules/expo-router/entry.bundle:29510:53
SceneView@https://hsrnekw-sharehost-8081.exp.direct/node_modules/expo-router/entry.bundle:21898:77
render@https://hsrnekw-sharehost-8081.exp.direct/node_modules/expo-router/entry.bundle:21660:43
@https://hsrnekw-sharehost-8081.exp.direct/node_modules/expo-router/entry.bundle:21692:29
reduce@[native code]
useDescriptors@https://hsrnekw-sharehost-8081.exp.direct/node_modules/expo-router/entry.bundle:21689:38
useNavigationBuilder@https://hsrnekw-sharehost-8081.exp.direct/node_modules/expo-router/entry.bundle:21259:45
NativeStackNavigator@https://hsrnekw-sharehost-8081.exp.direct/node_modules/expo-router/entry.bundle:41663:43
@https://hsrnekw-sharehost-8081.exp.direct/node_modules/expo-router/entry.bundle:13660:41
Route(live)@https://hsrnekw-sharehost-8081.exp.direct/node_modules/expo-router/entry.bundle:29510:53
SceneView@https://hsrnekw-sharehost-8081.exp.direct/node_modules/expo-router/entry.bundle:21898:77
render@https://hsrnekw-sharehost-8081.exp.direct/node_modules/expo-router/entry.bundle:21660:43
@https://hsrnekw-sharehost-8081.exp.direct/node_modules/expo-router/entry.bundle:21692:29
reduce@[native code]
useDescriptors@https://hsrnekw-sharehost-8081.exp.direct/node_modules/expo-router/entry.bundle:21689:38
useNavigationBuilder@https://hsrnekw-sharehost-8081.exp.direct/node_modules/expo-router/entry.bundle:21259:45
BottomTabNavigator@https://hsrnekw-sharehost-8081.exp.direct/node_modules/expo-router/entry.bundle:30311:43
@https://hsrnekw-sharehost-8081.exp.direct/node_modules/expo-router/entry.bundle:13660:41
Route((tabs))@https://hsrnekw-sharehost-8081.exp.direct/node_modules/expo-router/entry.bundle:29510:53
SceneView@https://hsrnekw-sharehost-8081.exp.direct/node_modules/expo-router/entry.bundle:21898:77
render@https://hsrnekw-sharehost-8081.exp.direct/node_modules/expo-router/entry.bundle:21660:43
@https://hsrnekw-sharehost-8081.exp.direct/node_modules/expo-router/entry.bundle:21692:29
reduce@[native code]
useDescriptors@https://hsrnekw-sharehost-8081.exp.direct/node_modules/expo-router/entry.bundle:21689:38
useNavigationBuilder@https://hsrnekw-sharehost-8081.exp.direct/node_modules/expo-router/entry.bundle:21259:45
NativeStackNavigator@https://hsrnekw-sharehost-8081.exp.direct/node_modules/expo-router/entry.bundle:41663:43
@https://hsrnekw-sharehost-8081.exp.direct/node_modules/expo-router/entry.bundle:13660:41
RootLayoutNavWithTheme@https://hsrnekw-sharehost-8081.exp.direct/node_modules/expo-router/entry.bundle:225671:46
RootLayout(./_layout.tsx)@https://hsrnekw-sharehost-8081.exp.direct/node_modules/expo-router/entry.bundle:225798:86
Route()@https://hsrnekw-sharehost-8081.exp.direct/node_modules/expo-router/entry.bundle:29510:53
SceneView@https://hsrnekw-sharehost-8081.exp.direct/node_modules/expo-router/entry.bundle:21898:77
render@https://hsrnekw-sharehost-8081.exp.direct/node_modules/expo-router/entry.bundle:21660:43
@https://hsrnekw-sharehost-8081.exp.direct/node_modules/expo-router/entry.bundle:21692:29
reduce@[native code]
useDescriptors@https://hsrnekw-sharehost-8081.exp.direct/node_modules/expo-router/entry.bundle:21689:38
useNavigationBuilder@https://hsrnekw-sharehost-8081.exp.direct/node_modules/expo-router/entry.bundle:21259:45
Content@https://hsrnekw-sharehost-8081.exp.direct/node_modules/expo-router/entry.bundle:44285:43
ContextNavigator@https://hsrnekw-sharehost-8081.exp.direct/node_modules/expo-router/entry.bundle:44258:45
App@https://hsrnekw-sharehost-8081.exp.direct/node_modules/expo-router/entry.bundle:12139:39
withDevTools(App)@https://hsrnekw-sharehost-8081.exp.direct/node_modules/expo-router/entry.bundle:287723:45
Web  ERROR  Unexpected text node: . A text node cannot be a child of a <View>. NamelessError@
captureCurrentStack@https://hsrnekw-sharehost-8081.exp.direct/node_modules/expo-router/entry.bundle:287236:29
addErrorStacks@https://hsrnekw-sharehost-8081.exp.direct/node_modules/expo-router/entry.bundle:287218:40
@https://hsrnekw-sharehost-8081.exp.direct/node_modules/expo-router/entry.bundle:287183:72
consoleErrorMiddleware@https://hsrnekw-sharehost-8081.exp.direct/node_modules/expo-router/entry.bundle:8540:27
@https://hsrnekw-sharehost-8081.exp.direct/node_modules/expo-router/entry.bundle:8480:29
@https://hsrnekw-sharehost-8081.exp.direct/node_modules/expo-router/entry.bundle:262491:24
forEach@[native code]
View@https://hsrnekw-sharehost-8081.exp.direct/node_modules/expo-router/entry.bundle:262489:53
react_stack_bottom_frame@https://hsrnekw-sharehost-8081.exp.direct/node_modules/expo-router/entry.bundle:254859:29
renderWithHooks@https://hsrnekw-sharehost-8081.exp.direct/node_modules/expo-router/entry.bundle:245732:40
updateForwardRef@https://hsrnekw-sharehost-8081.exp.direct/node_modules/expo-router/entry.bundle:246950:34
runWithFiberInDEV@https://hsrnekw-sharehost-8081.exp.direct/node_modules/expo-router/entry.bundle:242209:135
performUnitOfWork@https://hsrnekw-sharehost-8081.exp.direct/node_modules/expo-router/entry.bundle:250117:112
workLoopSync@https://hsrnekw-sharehost-8081.exp.direct/node_modules/expo-router/entry.bundle:250012:57
renderRootSync@https://hsrnekw-sharehost-8081.exp.direct/node_modules/expo-router/entry.bundle:249997:21
performWorkOnRoot@https://hsrnekw-sharehost-8081.exp.direct/node_modules/expo-router/entry.bundle:249634:198
performSyncWorkOnRoot@https://hsrnekw-sharehost-8081.exp.direct/node_modules/expo-router/entry.bundle:250780:24
flushSyncWorkAcrossRoots_impl@https://hsrnekw-sharehost-8081.exp.direct/node_modules/expo-router/entry.bundle:250695:329
processRootScheduleInMicrotask@https://hsrnekw-sharehost-8081.exp.direct/node_modules/expo-router/entry.bundle:250716:133
@https://hsrnekw-sharehost-8081.exp.direct/node_modules/expo-router/entry.bundle:250791:184 
RoomContent@https://hsrnekw-sharehost-8081.exp.direct/node_modules/expo-router/entry.bundle:202888:46
RoomScreen(./(tabs)/live/room/[roomId].tsx)@https://hsrnekw-sharehost-8081.exp.direct/node_modules/expo-router/entry.bundle:203633:42
Route(room/[roomId])@https://hsrnekw-sharehost-8081.exp.direct/node_modules/expo-router/entry.bundle:29510:53
SceneView@https://hsrnekw-sharehost-8081.exp.direct/node_modules/expo-router/entry.bundle:21898:77
render@https://hsrnekw-sharehost-8081.exp.direct/node_modules/expo-router/entry.bundle:21660:43
@https://hsrnekw-sharehost-8081.exp.direct/node_modules/expo-router/entry.bundle:21692:29
reduce@[native code]
useDescriptors@https://hsrnekw-sharehost-8081.exp.direct/node_modules/expo-router/entry.bundle:21689:38
useNavigationBuilder@https://hsrnekw-sharehost-8081.exp.direct/node_modules/expo-router/entry.bundle:21259:45
NativeStackNavigator@https://hsrnekw-sharehost-8081.exp.direct/node_modules/expo-router/entry.bundle:41663:43
@https://hsrnekw-sharehost-8081.exp.direct/node_modules/expo-router/entry.bundle:13660:41
Route(live)@https://hsrnekw-sharehost-8081.exp.direct/node_modules/expo-router/entry.bundle:29510:53
SceneView@https://hsrnekw-sharehost-8081.exp.direct/node_modules/expo-router/entry.bundle:21898:77
render@https://hsrnekw-sharehost-8081.exp.direct/node_modules/expo-router/entry.bundle:21660:43
@https://hsrnekw-sharehost-8081.exp.direct/node_modules/expo-router/entry.bundle:21692:29
reduce@[native code]
useDescriptors@https://hsrnekw-sharehost-8081.exp.direct/node_modules/expo-router/entry.bundle:21689:38
useNavigationBuilder@https://hsrnekw-sharehost-8081.exp.direct/node_modules/expo-router/entry.bundle:21259:45
BottomTabNavigator@https://hsrnekw-sharehost-8081.exp.direct/node_modules/expo-router/entry.bundle:30311:43
@https://hsrnekw-sharehost-8081.exp.direct/node_modules/expo-router/entry.bundle:13660:41
Route((tabs))@https://hsrnekw-sharehost-8081.exp.direct/node_modules/expo-router/entry.bundle:29510:53
SceneView@https://hsrnekw-sharehost-8081.exp.direct/node_modules/expo-router/entry.bundle:21898:77
render@https://hsrnekw-sharehost-8081.exp.direct/node_modules/expo-router/entry.bundle:21660:43
@https://hsrnekw-sharehost-8081.exp.direct/node_modules/expo-router/entry.bundle:21692:29
reduce@[native code]
useDescriptors@https://hsrnekw-sharehost-8081.exp.direct/node_modules/expo-router/entry.bundle:21689:38
useNavigationBuilder@https://hsrnekw-sharehost-8081.exp.direct/node_modules/expo-router/entry.bundle:21259:45
NativeStackNavigator@https://hsrnekw-sharehost-8081.exp.direct/node_modules/expo-router/entry.bundle:41663:43
@https://hsrnekw-sharehost-8081.exp.direct/node_modules/expo-router/entry.bundle:13660:41
RootLayoutNavWithTheme@https://hsrnekw-sharehost-8081.exp.direct/node_modules/expo-router/entry.bundle:225671:46
RootLayout(./_layout.tsx)@https://hsrnekw-sharehost-8081.exp.direct/node_modules/expo-router/entry.bundle:225798:86
Route()@https://hsrnekw-sharehost-8081.exp.direct/node_modules/expo-router/entry.bundle:29510:53
SceneView@https://hsrnekw-sharehost-8081.exp.direct/node_modules/expo-router/entry.bundle:21898:77
render@https://hsrnekw-sharehost-8081.exp.direct/node_modules/expo-router/entry.bundle:21660:43
@https://hsrnekw-sharehost-8081.exp.direct/node_modules/expo-router/entry.bundle:21692:29
reduce@[native code]
useDescriptors@https://hsrnekw-sharehost-8081.exp.direct/node_modules/expo-router/entry.bundle:21689:38
useNavigationBuilder@https://hsrnekw-sharehost-8081.exp.direct/node_modules/expo-router/entry.bundle:21259:45
Content@https://hsrnekw-sharehost-8081.exp.direct/node_modules/expo-router/entry.bundle:44285:43
ContextNavigator@https://hsrnekw-sharehost-8081.exp.direct/node_modules/expo-router/entry.bundle:44258:45
App@https://hsrnekw-sharehost-8081.exp.direct/node_modules/expo-router/entry.bundle:12139:39
withDevTools(App)@https://hsrnekw-sharehost-8081.exp.direct/node_modules/expo-router/entry.bundle:287723:45
Web  ERROR  Unexpected text node: . A text node cannot be a child of a <View>. NamelessError@
captureCurrentStack@https://hsrnekw-sharehost-8081.exp.direct/node_modules/expo-router/entry.bundle:287236:29
addErrorStacks@https://hsrnekw-sharehost-8081.exp.direct/node_modules/expo-router/entry.bundle:287218:40
@https://hsrnekw-sharehost-8081.exp.direct/node_modules/expo-router/entry.bundle:287183:72
consoleErrorMiddleware@https://hsrnekw-sharehost-8081.exp.direct/node_modules/expo-router/entry.bundle:8540:27
@https://hsrnekw-sharehost-8081.exp.direct/node_modules/expo-router/entry.bundle:8480:29
@https://hsrnekw-sharehost-8081.exp.direct/node_modules/expo-router/entry.bundle:262491:24
forEach@[native code]
View@https://hsrnekw-sharehost-8081.exp.direct/node_modules/expo-router/entry.bundle:262489:53
react_stack_bottom_frame@https://hsrnekw-sharehost-8081.exp.direct/node_modules/expo-router/entry.bundle:254859:29
renderWithHooks@https://hsrnekw-sharehost-8081.exp.direct/node_modules/expo-router/entry.bundle:245732:40
updateForwardRef@https://hsrnekw-sharehost-8081.exp.direct/node_modules/expo-router/entry.bundle:246950:34
runWithFiberInDEV@https://hsrnekw-sharehost-8081.exp.direct/node_modules/expo-router/entry.bundle:242209:135
performUnitOfWork@https://hsrnekw-sharehost-8081.exp.direct/node_modules/expo-router/entry.bundle:250117:112
workLoopSync@https://hsrnekw-sharehost-8081.exp.direct/node_modules/expo-router/entry.bundle:250012:57
renderRootSync@https://hsrnekw-sharehost-8081.exp.direct/node_modules/expo-router/entry.bundle:249997:21
performWorkOnRoot@https://hsrnekw-sharehost-8081.exp.direct/node_modules/expo-router/entry.bundle:249634:198
performSyncWorkOnRoot@https://hsrnekw-sharehost-8081.exp.direct/node_modules/expo-router/entry.bundle:250780:24
flushSyncWorkAcrossRoots_impl@https://hsrnekw-sharehost-8081.exp.direct/node_modules/expo-router/entry.bundle:250695:329
processRootScheduleInMicrotask@https://hsrnekw-sharehost-8081.exp.direct/node_modules/expo-router/entry.bundle:250716:133
@https://hsrnekw-sharehost-8081.exp.direct/node_modules/expo-router/entry.bundle:250791:184 
RoomContent@https://hsrnekw-sharehost-8081.exp.direct/node_modules/expo-router/entry.bundle:202888:46
RoomScreen(./(tabs)/live/room/[roomId].tsx)@https://hsrnekw-sharehost-8081.exp.direct/node_modules/expo-router/entry.bundle:203633:42
Route(room/[roomId])@https://hsrnekw-sharehost-8081.exp.direct/node_modules/expo-router/entry.bundle:29510:53
SceneView@https://hsrnekw-sharehost-8081.exp.direct/node_modules/expo-router/entry.bundle:21898:77
render@https://hsrnekw-sharehost-8081.exp.direct/node_modules/expo-router/entry.bundle:21660:43
@https://hsrnekw-sharehost-8081.exp.direct/node_modules/expo-router/entry.bundle:21692:29
reduce@[native code]
useDescriptors@https://hsrnekw-sharehost-8081.exp.direct/node_modules/expo-router/entry.bundle:21689:38
useNavigationBuilder@https://hsrnekw-sharehost-8081.exp.direct/node_modules/expo-router/entry.bundle:21259:45
NativeStackNavigator@https://hsrnekw-sharehost-8081.exp.direct/node_modules/expo-router/entry.bundle:41663:43
@https://hsrnekw-sharehost-8081.exp.direct/node_modules/expo-router/entry.bundle:13660:41
Route(live)@https://hsrnekw-sharehost-8081.exp.direct/node_modules/expo-router/entry.bundle:29510:53
SceneView@https://hsrnekw-sharehost-8081.exp.direct/node_modules/expo-router/entry.bundle:21898:77
render@https://hsrnekw-sharehost-8081.exp.direct/node_modules/expo-router/entry.bundle:21660:43
@https://hsrnekw-sharehost-8081.exp.direct/node_modules/expo-router/entry.bundle:21692:29
reduce@[native code]
useDescriptors@https://hsrnekw-sharehost-8081.exp.direct/node_modules/expo-router/entry.bundle:21689:38
useNavigationBuilder@https://hsrnekw-sharehost-8081.exp.direct/node_modules/expo-router/entry.bundle:21259:45
BottomTabNavigator@https://hsrnekw-sharehost-8081.exp.direct/node_modules/expo-router/entry.bundle:30311:43
@https://hsrnekw-sharehost-8081.exp.direct/node_modules/expo-router/entry.bundle:13660:41
Route((tabs))@https://hsrnekw-sharehost-8081.exp.direct/node_modules/expo-router/entry.bundle:29510:53
SceneView@https://hsrnekw-sharehost-8081.exp.direct/node_modules/expo-router/entry.bundle:21898:77
render@https://hsrnekw-sharehost-8081.exp.direct/node_modules/expo-router/entry.bundle:21660:43
@https://hsrnekw-sharehost-8081.exp.direct/node_modules/expo-router/entry.bundle:21692:29
reduce@[native code]
useDescriptors@https://hsrnekw-sharehost-8081.exp.direct/node_modules/expo-router/entry.bundle:21689:38
useNavigationBuilder@https://hsrnekw-sharehost-8081.exp.direct/node_modules/expo-router/entry.bundle:21259:45
NativeStackNavigator@https://hsrnekw-sharehost-8081.exp.direct/node_modules/expo-router/entry.bundle:41663:43
@https://hsrnekw-sharehost-8081.exp.direct/node_modules/expo-router/entry.bundle:13660:41
RootLayoutNavWithTheme@https://hsrnekw-sharehost-8081.exp.direct/node_modules/expo-router/entry.bundle:225671:46
RootLayout(./_layout.tsx)@https://hsrnekw-sharehost-8081.exp.direct/node_modules/expo-router/entry.bundle:225798:86
Route()@https://hsrnekw-sharehost-8081.exp.direct/node_modules/expo-router/entry.bundle:29510:53
SceneView@https://hsrnekw-sharehost-8081.exp.direct/node_modules/expo-router/entry.bundle:21898:77
render@https://hsrnekw-sharehost-8081.exp.direct/node_modules/expo-router/entry.bundle:21660:43
@https://hsrnekw-sharehost-8081.exp.direct/node_modules/expo-router/entry.bundle:21692:29
reduce@[native code]
useDescriptors@https://hsrnekw-sharehost-8081.exp.direct/node_modules/expo-router/entry.bundle:21689:38
useNavigationBuilder@https://hsrnekw-sharehost-8081.exp.direct/node_modules/expo-router/entry.bundle:21259:45
Content@https://hsrnekw-sharehost-8081.exp.direct/node_modules/expo-router/entry.bundle:44285:43
ContextNavigator@https://hsrnekw-sharehost-8081.exp.direct/node_modules/expo-router/entry.bundle:44258:45
App@https://hsrnekw-sharehost-8081.exp.direct/node_modules/expo-router/entry.bundle:12139:39
withDevTools(App)@https://hsrnekw-sharehost-8081.exp.direct/node_modules/expo-router/entry.bundle:287723:45
Web  INFO  [2026-09-09T10:45:23.044Z] [INFO] [RootLayout] Navigation check {"currentSegment": "(tabs)", "hasInitialized": true, "isAuthenticated": true, "onboardingCompleted": true}
Web Bundled 57ms node_modules/expo-router/entry.js (1 module)
Web  LOG  Running application "main" with appParams:
 {"hydrate": undefined, "rootTag": "#root"} 
Development-level warnings: ON.
Performance optimizations: OFF.
Web  INFO  [2026-09-09T10:45:27.514Z] [INFO] [SocialContext] Built default state for {"length": 0}
Web  WARN  "shadow*" style props are deprecated. Use "boxShadow".
Web  WARN  "textShadow*" style props are deprecated. Use "textShadow".
Web  WARN  [expo-av]: Expo AV has been deprecated and will be removed in SDK 54. Use the `expo-audio` and `expo-video` packages to replace the required functionality.
Web  WARN  Route "./(tabs)/live/room/plan-constants.ts" is missing the required default export. Ensure a React component is exported as default.
Web  WARN  Animated: `useNativeDriver` is not supported because the native animated module is missing. Falling back to JS-based animation. To resolve this, add `RCTAnimation` module to this app, or remove `useNativeDriver`. Make sure to run `bundle exec pod install` first. Read more about autolinking: https://github.com/react-native-community/cli/blob/master/docs/autolinking.md
Web  INFO  [2026-09-09T10:45:27.582Z] [INFO] [RootLayout] Still loading... {"authLoading": true, "onboardingLoading": true}
Web  INFO  [2026-09-09T10:45:27.583Z] [INFO] [BookingsContext] Starting to fetch all listings from Supabase...
Web  LOG  [DB] Fetching listings from Supabase... 
Web  LOG  [DB] Fetching products... 
Web  INFO  [2026-09-09T10:45:27.584Z] [INFO] [MarketplaceContext] Saved products are backend-only (no local state)
Web  LOG  [DB] Fetching posts...
Web  LOG  [DB] Fetching stories...
Web  INFO  [2026-09-09T10:45:27.586Z] [INFO] [SocialContext] Social interaction state is in-memory only
Web  INFO  [2026-09-09T10:45:27.586Z] [INFO] [SocialContext] Story interaction state is in-memory only
Web  INFO  [2026-09-09T10:45:27.586Z] [INFO] [SocialContext] User posts are loaded from Supabase posts table
Web  INFO  [2026-09-09T10:45:27.586Z] [INFO] [SocialContext] User stories are loaded from Supabase stories table
Web  INFO  [2026-09-09T10:45:27.587Z] [INFO] [Root] App mounted
Web  INFO  [2026-09-09T10:45:27.588Z] [INFO] [BookingsContext] Hydrated favorites {"length": 0}
Web  INFO  [2026-09-09T10:45:27.588Z] [INFO] [BookingsContext] Hydrated rental submissions {"length": 0}
Web  INFO  [2026-09-09T10:45:27.589Z] [INFO] [MessagingContext] Using default messaging state
Web  INFO  [2026-09-09T10:45:27.589Z] [INFO] [ConnectionsContext] Building connections from Supabase users
Web  INFO  [2026-09-09T10:45:27.605Z] [INFO] [RootLayout] Still loading... {"authLoading": true, "onboardingLoading": false}
Web  LOG  [DB] Using authenticated user: d8694830-980e-43e7-9763-979eae54e1da
Web  INFO  [2026-09-09T10:45:27.606Z] [INFO] [BookingsContext] Fetching my listings for host {"hostId": "d8694830-980e-43e7-9763-979eae54e1da"}
Web  LOG  [DB] Fetching user listings for host: d8694830-980e-43e7-9763-979eae54e1da
Web  LOG  [DB] Fetching bookings for user: d8694830-980e-43e7-9763-979eae54e1da
Web  INFO  [2026-09-09T10:45:27.736Z] [INFO] [SocialContext] Got auth user ID {"userId": "d8694830-980e-43e7-9763-979eae54e1da"}
Web  INFO  [2026-09-09T10:45:27.746Z] [INFO] [Auth] Auth state changed {"event": "INITIAL_SESSION", "hasSession": true}
Web  LOG  [DB] Fetching users...
Web  LOG  [DB] Fetched listings from Supabase: 0
Web  INFO  [2026-09-09T10:45:27.848Z] [INFO] [BookingsContext] Listings query result {"value": 0}
Web  INFO  [2026-09-09T10:45:27.848Z] [INFO] [BookingsContext] No listings found in Supabase
Web  LOG  [DB] Fetched products: 0
Web  LOG  [DB] Fetched posts: 22
Web  INFO  [2026-09-09T10:45:27.867Z] [INFO] [SocialContext] Fetched posts from Supabase {"length": 22}
Web  LOG  [DB] Fetching users...
Web  LOG  [DB] Fetched users: 10
Web  INFO  [2026-09-09T10:45:27.878Z] [INFO] [Auth] Built profile {"hasName": true, "phone": null, "userId": "d8694830-980e-43e7-9763-979eae54e1da"}
Web  INFO  [2026-09-09T10:45:27.884Z] [INFO] [RootLayout] Navigation check {"currentSegment": "(tabs)", "hasInitialized": false, "isAuthenticated": true, "onboardingCompleted": true}
Web  INFO  [2026-09-09T10:45:27.884Z] [INFO] [Planner] Fetching plans...
Web  INFO  [2026-09-09T10:45:27.886Z] [INFO] [MessagingContext] Hydrated messaging state from storage
Web  INFO  [2026-09-09T10:45:27.894Z] [INFO] [Auth] Built profile {"hasName": true, "phone": null, "userId": "d8694830-980e-43e7-9763-979eae54e1da"}
Web  INFO  [2026-09-09T10:45:28.007Z] [INFO] [BookingsContext] Hydrated bookings from local {"length": 0}
Web  LOG  [DB] Fetched user listings from Supabase: 0
Web  INFO  [2026-09-09T10:45:28.026Z] [INFO] [BookingsContext] My listings query result {"value": 0}
Web  INFO  [2026-09-09T10:45:28.026Z] [INFO] [BookingsContext] No my listings found in Supabase
Web  LOG  [DB] Fetched stories: 0
Web  INFO  [2026-09-09T10:45:28.077Z] [INFO] [SocialContext] No Supabase stories
Web  LOG  [DB] Fetched users: 10
Web  INFO  [2026-09-09T10:45:28.101Z] [INFO] [SocialContext] Built default state for {"length": 22}
Web  INFO  [2026-09-09T10:45:28.122Z] [INFO] [SocialContext] Loaded {"length": 22}
Web  INFO  [2026-09-09T10:45:28.122Z] [INFO] [SocialContext] Built default state for {"length": 22}
Web  INFO  [2026-09-09T10:45:28.238Z] [INFO] [Planner] Fetched plans from Supabase {"length": 9}
Web  INFO  [2026-09-09T10:45:28.392Z] [INFO] [MessagingContext] Synced Supabase conversations {"added": 1}
Web  INFO  [2026-09-09T10:45:31.600Z] [INFO] [RootLayout] Navigation check {"currentSegment": "(tabs)", "hasInitialized": true, "isAuthenticated": true, "onboardingCompleted": true}
Web  INFO  [2026-09-09T10:45:32.249Z] [INFO] [RootLayout] Navigation check {"currentSegment": "(tabs)", "hasInitialized": true, "isAuthenticated": true, "onboardingCompleted": true}
Web  INFO  [2026-09-09T10:45:33.634Z] [INFO] [RootLayout] Navigation check {"currentSegment": "(tabs)", "hasInitialized": true, "isAuthenticated": true, "onboardingCompleted": true}
Web  INFO  [2026-09-09T10:45:37.989Z] [INFO] [SocialContext] Toggled like {"isLiked": true, "likeCount": 1, "postId": "6342ecbe-0d31-469b-a696-b0b608eec1fd"}
Web  INFO  [2026-09-09T10:45:38.030Z] [INFO] [SocialContext] Social interaction state is in-memory only
Web  INFO  [2026-09-09T10:45:40.804Z] [INFO] [RootLayout] Navigation check {"currentSegment": "(tabs)", "hasInitialized": true, "isAuthenticated": true, "onboardingCompleted": true}
Web  LOG  [Profile] Error fetching grabbed bundles: column job_requests.proposed_budget does not exist
Web  WARN  props.pointerEvents is deprecated. Use style.pointerEvents
Web  INFO  [2026-09-09T10:46:17.984Z] [INFO] [RootLayout] Navigation check {"currentSegment": "orders", "hasInitialized": true, "isAuthenticated": true, "onboardingCompleted": true}
Web  INFO  [2026-09-09T10:46:21.306Z] [INFO] [RootLayout] Navigation check {"currentSegment": "inbox", "hasInitialized": true, "isAuthenticated": true, "onboardingCompleted": true}
Web  INFO  [2026-09-09T10:46:34.852Z] [INFO] [RootLayout] Navigation check {"currentSegment": "orders", "hasInitialized": true, "isAuthenticated": true, "onboardingCompleted": true}
Web  INFO  [2026-09-09T10:47:08.687Z] [INFO] [RootLayout] Navigation check {"currentSegment": "(tabs)", "hasInitialized": true, "isAuthenticated": true, "onboardingCompleted": true}
Web  ERROR  Unexpected text node: . A text node cannot be a child of a <View>. NamelessError@
captureCurrentStack@https://hsrnekw-sharehost-8081.exp.direct/node_modules/expo-router/entry.bundle:287236:29
addErrorStacks@https://hsrnekw-sharehost-8081.exp.direct/node_modules/expo-router/entry.bundle:287218:40
@https://hsrnekw-sharehost-8081.exp.direct/node_modules/expo-router/entry.bundle:287183:72
consoleErrorMiddleware@https://hsrnekw-sharehost-8081.exp.direct/node_modules/expo-router/entry.bundle:8540:27
@https://hsrnekw-sharehost-8081.exp.direct/node_modules/expo-router/entry.bundle:8480:29
@https://hsrnekw-sharehost-8081.exp.direct/node_modules/expo-router/entry.bundle:262491:24
forEach@[native code]
View@https://hsrnekw-sharehost-8081.exp.direct/node_modules/expo-router/entry.bundle:262489:53
react_stack_bottom_frame@https://hsrnekw-sharehost-8081.exp.direct/node_modules/expo-router/entry.bundle:254859:29
renderWithHooks@https://hsrnekw-sharehost-8081.exp.direct/node_modules/expo-router/entry.bundle:245732:40
updateForwardRef@https://hsrnekw-sharehost-8081.exp.direct/node_modules/expo-router/entry.bundle:246950:34
runWithFiberInDEV@https://hsrnekw-sharehost-8081.exp.direct/node_modules/expo-router/entry.bundle:242209:135
performUnitOfWork@https://hsrnekw-sharehost-8081.exp.direct/node_modules/expo-router/entry.bundle:250117:112
workLoopSync@https://hsrnekw-sharehost-8081.exp.direct/node_modules/expo-router/entry.bundle:250012:57
renderRootSync@https://hsrnekw-sharehost-8081.exp.direct/node_modules/expo-router/entry.bundle:249997:21
performWorkOnRoot@https://hsrnekw-sharehost-8081.exp.direct/node_modules/expo-router/entry.bundle:249634:198
performSyncWorkOnRoot@https://hsrnekw-sharehost-8081.exp.direct/node_modules/expo-router/entry.bundle:250780:24
flushSyncWorkAcrossRoots_impl@https://hsrnekw-sharehost-8081.exp.direct/node_modules/expo-router/entry.bundle:250695:329
processRootScheduleInMicrotask@https://hsrnekw-sharehost-8081.exp.direct/node_modules/expo-router/entry.bundle:250716:133
@https://hsrnekw-sharehost-8081.exp.direct/node_modules/expo-router/entry.bundle:250791:184 
PlanCard@https://hsrnekw-sharehost-8081.exp.direct/node_modules/expo-router/entry.bundle:215805:54
map@[native code]
PlannerScreen(./(tabs)/planner/index.tsx)@https://hsrnekw-sharehost-8081.exp.direct/node_modules/expo-router/entry.bundle:216743:28
Route(index)@https://hsrnekw-sharehost-8081.exp.direct/node_modules/expo-router/entry.bundle:29510:53
SceneView@https://hsrnekw-sharehost-8081.exp.direct/node_modules/expo-router/entry.bundle:21898:77
render@https://hsrnekw-sharehost-8081.exp.direct/node_modules/expo-router/entry.bundle:21660:43
@https://hsrnekw-sharehost-8081.exp.direct/node_modules/expo-router/entry.bundle:21692:29
reduce@[native code]
useDescriptors@https://hsrnekw-sharehost-8081.exp.direct/node_modules/expo-router/entry.bundle:21689:38
useNavigationBuilder@https://hsrnekw-sharehost-8081.exp.direct/node_modules/expo-router/entry.bundle:21259:45
NativeStackNavigator@https://hsrnekw-sharehost-8081.exp.direct/node_modules/expo-router/entry.bundle:41663:43
@https://hsrnekw-sharehost-8081.exp.direct/node_modules/expo-router/entry.bundle:13660:41
Route(planner)@https://hsrnekw-sharehost-8081.exp.direct/node_modules/expo-router/entry.bundle:29510:53
SceneView@https://hsrnekw-sharehost-8081.exp.direct/node_modules/expo-router/entry.bundle:21898:77
render@https://hsrnekw-sharehost-8081.exp.direct/node_modules/expo-router/entry.bundle:21660:43
@https://hsrnekw-sharehost-8081.exp.direct/node_modules/expo-router/entry.bundle:21692:29
reduce@[native code]
useDescriptors@https://hsrnekw-sharehost-8081.exp.direct/node_modules/expo-router/entry.bundle:21689:38
useNavigationBuilder@https://hsrnekw-sharehost-8081.exp.direct/node_modules/expo-router/entry.bundle:21259:45
BottomTabNavigator@https://hsrnekw-sharehost-8081.exp.direct/node_modules/expo-router/entry.bundle:30311:43
@https://hsrnekw-sharehost-8081.exp.direct/node_modules/expo-router/entry.bundle:13660:41
Route((tabs))@https://hsrnekw-sharehost-8081.exp.direct/node_modules/expo-router/entry.bundle:29510:53
SceneView@https://hsrnekw-sharehost-8081.exp.direct/node_modules/expo-router/entry.bundle:21898:77
render@https://hsrnekw-sharehost-8081.exp.direct/node_modules/expo-router/entry.bundle:21660:43
@https://hsrnekw-sharehost-8081.exp.direct/node_modules/expo-router/entry.bundle:21692:29
reduce@[native code]
useDescriptors@https://hsrnekw-sharehost-8081.exp.direct/node_modules/expo-router/entry.bundle:21689:38
useNavigationBuilder@https://hsrnekw-sharehost-8081.exp.direct/node_modules/expo-router/entry.bundle:21259:45
NativeStackNavigator@https://hsrnekw-sharehost-8081.exp.direct/node_modules/expo-router/entry.bundle:41663:43
@https://hsrnekw-sharehost-8081.exp.direct/node_modules/expo-router/entry.bundle:13660:41
RootLayoutNavWithTheme@https://hsrnekw-sharehost-8081.exp.direct/node_modules/expo-router/entry.bundle:225671:46
RootLayout(./_layout.tsx)@https://hsrnekw-sharehost-8081.exp.direct/node_modules/expo-router/entry.bundle:225798:86
Route()@https://hsrnekw-sharehost-8081.exp.direct/node_modules/expo-router/entry.bundle:29510:53
SceneView@https://hsrnekw-sharehost-8081.exp.direct/node_modules/expo-router/entry.bundle:21898:77
render@https://hsrnekw-sharehost-8081.exp.direct/node_modules/expo-router/entry.bundle:21660:43
@https://hsrnekw-sharehost-8081.exp.direct/node_modules/expo-router/entry.bundle:21692:29
reduce@[native code]
useDescriptors@https://hsrnekw-sharehost-8081.exp.direct/node_modules/expo-router/entry.bundle:21689:38
useNavigationBuilder@https://hsrnekw-sharehost-8081.exp.direct/node_modules/expo-router/entry.bundle:21259:45
Content@https://hsrnekw-sharehost-8081.exp.direct/node_modules/expo-router/entry.bundle:44285:43
ContextNavigator@https://hsrnekw-sharehost-8081.exp.direct/node_modules/expo-router/entry.bundle:44258:45
App@https://hsrnekw-sharehost-8081.exp.direct/node_modules/expo-router/entry.bundle:12139:39
withDevTools(App)@https://hsrnekw-sharehost-8081.exp.direct/node_modules/expo-router/entry.bundle:287723:45
Web  ERROR  Unexpected text node: . A text node cannot be a child of a <View>. NamelessError@
captureCurrentStack@https://hsrnekw-sharehost-8081.exp.direct/node_modules/expo-router/entry.bundle:287236:29
addErrorStacks@https://hsrnekw-sharehost-8081.exp.direct/node_modules/expo-router/entry.bundle:287218:40
@https://hsrnekw-sharehost-8081.exp.direct/node_modules/expo-router/entry.bundle:287183:72
consoleErrorMiddleware@https://hsrnekw-sharehost-8081.exp.direct/node_modules/expo-router/entry.bundle:8540:27
@https://hsrnekw-sharehost-8081.exp.direct/node_modules/expo-router/entry.bundle:8480:29
@https://hsrnekw-sharehost-8081.exp.direct/node_modules/expo-router/entry.bundle:262491:24
forEach@[native code]
View@https://hsrnekw-sharehost-8081.exp.direct/node_modules/expo-router/entry.bundle:262489:53
react_stack_bottom_frame@https://hsrnekw-sharehost-8081.exp.direct/node_modules/expo-router/entry.bundle:254859:29
renderWithHooks@https://hsrnekw-sharehost-8081.exp.direct/node_modules/expo-router/entry.bundle:245732:40
updateForwardRef@https://hsrnekw-sharehost-8081.exp.direct/node_modules/expo-router/entry.bundle:246950:34
runWithFiberInDEV@https://hsrnekw-sharehost-8081.exp.direct/node_modules/expo-router/entry.bundle:242209:135
performUnitOfWork@https://hsrnekw-sharehost-8081.exp.direct/node_modules/expo-router/entry.bundle:250117:112
workLoopSync@https://hsrnekw-sharehost-8081.exp.direct/node_modules/expo-router/entry.bundle:250012:57
renderRootSync@https://hsrnekw-sharehost-8081.exp.direct/node_modules/expo-router/entry.bundle:249997:21
performWorkOnRoot@https://hsrnekw-sharehost-8081.exp.direct/node_modules/expo-router/entry.bundle:249634:198
performSyncWorkOnRoot@https://hsrnekw-sharehost-8081.exp.direct/node_modules/expo-router/entry.bundle:250780:24
flushSyncWorkAcrossRoots_impl@https://hsrnekw-sharehost-8081.exp.direct/node_modules/expo-router/entry.bundle:250695:329
processRootScheduleInMicrotask@https://hsrnekw-sharehost-8081.exp.direct/node_modules/expo-router/entry.bundle:250716:133
@https://hsrnekw-sharehost-8081.exp.direct/node_modules/expo-router/entry.bundle:250791:184 
PlanCard@https://hsrnekw-sharehost-8081.exp.direct/node_modules/expo-router/entry.bundle:215805:54
map@[native code]
PlannerScreen(./(tabs)/planner/index.tsx)@https://hsrnekw-sharehost-8081.exp.direct/node_modules/expo-router/entry.bundle:216743:28
Route(index)@https://hsrnekw-sharehost-8081.exp.direct/node_modules/expo-router/entry.bundle:29510:53
SceneView@https://hsrnekw-sharehost-8081.exp.direct/node_modules/expo-router/entry.bundle:21898:77
render@https://hsrnekw-sharehost-8081.exp.direct/node_modules/expo-router/entry.bundle:21660:43
@https://hsrnekw-sharehost-8081.exp.direct/node_modules/expo-router/entry.bundle:21692:29
reduce@[native code]
useDescriptors@https://hsrnekw-sharehost-8081.exp.direct/node_modules/expo-router/entry.bundle:21689:38
useNavigationBuilder@https://hsrnekw-sharehost-8081.exp.direct/node_modules/expo-router/entry.bundle:21259:45
NativeStackNavigator@https://hsrnekw-sharehost-8081.exp.direct/node_modules/expo-router/entry.bundle:41663:43
@https://hsrnekw-sharehost-8081.exp.direct/node_modules/expo-router/entry.bundle:13660:41
Route(planner)@https://hsrnekw-sharehost-8081.exp.direct/node_modules/expo-router/entry.bundle:29510:53
SceneView@https://hsrnekw-sharehost-8081.exp.direct/node_modules/expo-router/entry.bundle:21898:77
render@https://hsrnekw-sharehost-8081.exp.direct/node_modules/expo-router/entry.bundle:21660:43
@https://hsrnekw-sharehost-8081.exp.direct/node_modules/expo-router/entry.bundle:21692:29
reduce@[native code]
useDescriptors@https://hsrnekw-sharehost-8081.exp.direct/node_modules/expo-router/entry.bundle:21689:38
useNavigationBuilder@https://hsrnekw-sharehost-8081.exp.direct/node_modules/expo-router/entry.bundle:21259:45
BottomTabNavigator@https://hsrnekw-sharehost-8081.exp.direct/node_modules/expo-router/entry.bundle:30311:43
@https://hsrnekw-sharehost-8081.exp.direct/node_modules/expo-router/entry.bundle:13660:41
Route((tabs))@https://hsrnekw-sharehost-8081.exp.direct/node_modules/expo-router/entry.bundle:29510:53
SceneView@https://hsrnekw-sharehost-8081.exp.direct/node_modules/expo-router/entry.bundle:21898:77
render@https://hsrnekw-sharehost-8081.exp.direct/node_modules/expo-router/entry.bundle:21660:43
@https://hsrnekw-sharehost-8081.exp.direct/node_modules/expo-router/entry.bundle:21692:29
reduce@[native code]
useDescriptors@https://hsrnekw-sharehost-8081.exp.direct/node_modules/expo-router/entry.bundle:21689:38
useNavigationBuilder@https://hsrnekw-sharehost-8081.exp.direct/node_modules/expo-router/entry.bundle:21259:45
NativeStackNavigator@https://hsrnekw-sharehost-8081.exp.direct/node_modules/expo-router/entry.bundle:41663:43
@https://hsrnekw-sharehost-8081.exp.direct/node_modules/expo-router/entry.bundle:13660:41
RootLayoutNavWithTheme@https://hsrnekw-sharehost-8081.exp.direct/node_modules/expo-router/entry.bundle:225671:46
RootLayout(./_layout.tsx)@https://hsrnekw-sharehost-8081.exp.direct/node_modules/expo-router/entry.bundle:225798:86
Route()@https://hsrnekw-sharehost-8081.exp.direct/node_modules/expo-router/entry.bundle:29510:53
SceneView@https://hsrnekw-sharehost-8081.exp.direct/node_modules/expo-router/entry.bundle:21898:77
render@https://hsrnekw-sharehost-8081.exp.direct/node_modules/expo-router/entry.bundle:21660:43
@https://hsrnekw-sharehost-8081.exp.direct/node_modules/expo-router/entry.bundle:21692:29
reduce@[native code]
useDescriptors@https://hsrnekw-sharehost-8081.exp.direct/node_modules/expo-router/entry.bundle:21689:38
useNavigationBuilder@https://hsrnekw-sharehost-8081.exp.direct/node_modules/expo-router/entry.bundle:21259:45
Content@https://hsrnekw-sharehost-8081.exp.direct/node_modules/expo-router/entry.bundle:44285:43
ContextNavigator@https://hsrnekw-sharehost-8081.exp.direct/node_modules/expo-router/entry.bundle:44258:45
App@https://hsrnekw-sharehost-8081.exp.direct/node_modules/expo-router/entry.bundle:12139:39
withDevTools(App)@https://hsrnekw-sharehost-8081.exp.direct/node_modules/expo-router/entry.bundle:287723:45
Web  INFO  [2026-09-09T10:47:13.065Z] [INFO] [RootLayout] Navigation check {"currentSegment": "(tabs)", "hasInitialized": true, "isAuthenticated": true, "onboardingCompleted": true}
Web  INFO  [2026-09-09T10:47:15.119Z] [INFO] [RootLayout] Navigation check {"currentSegment": "(tabs)", "hasInitialized": true, "isAuthenticated": true, "onboardingCompleted": true}
Web Bundled 55ms node_modules/expo-router/entry.js (1 module)
Web  LOG  Running application "main" with appParams:
 {"hydrate": undefined, "rootTag": "#root"} 
Development-level warnings: ON.
Performance optimizations: OFF.
Web  INFO  [2026-09-09T10:47:26.398Z] [INFO] [SocialContext] Built default state for {"length": 0}
Web  WARN  "shadow*" style props are deprecated. Use "boxShadow".
Web  WARN  "textShadow*" style props are deprecated. Use "textShadow".
Web  WARN  [expo-av]: Expo AV has been deprecated and will be removed in SDK 54. Use the `expo-audio` and `expo-video` packages to replace the required functionality.
Web  WARN  Route "./(tabs)/live/room/plan-constants.ts" is missing the required default export. Ensure a React component is exported as default.
Web  WARN  Animated: `useNativeDriver` is not supported because the native animated module is missing. Falling back to JS-based animation. To resolve this, add `RCTAnimation` module to this app, or remove `useNativeDriver`. Make sure to run `bundle exec pod install` first. Read more about autolinking: https://github.com/react-native-community/cli/blob/master/docs/autolinking.md
Web  INFO  [2026-09-09T10:47:26.479Z] [INFO] [RootLayout] Still loading... {"authLoading": true, "onboardingLoading": true}
Web  INFO  [2026-09-09T10:47:26.480Z] [INFO] [BookingsContext] Starting to fetch all listings from Supabase...
Web  LOG  [DB] Fetching listings from Supabase... 
Web  LOG  [DB] Fetching products... 
Web  INFO  [2026-09-09T10:47:26.481Z] [INFO] [MarketplaceContext] Saved products are backend-only (no local state)
Web  LOG  [DB] Fetching posts...
Web  LOG  [DB] Fetching stories...
Web  INFO  [2026-09-09T10:47:26.483Z] [INFO] [SocialContext] Social interaction state is in-memory only
Web  INFO  [2026-09-09T10:47:26.483Z] [INFO] [SocialContext] Story interaction state is in-memory only
Web  INFO  [2026-09-09T10:47:26.483Z] [INFO] [SocialContext] User posts are loaded from Supabase posts table
Web  INFO  [2026-09-09T10:47:26.483Z] [INFO] [SocialContext] User stories are loaded from Supabase stories table
Web  INFO  [2026-09-09T10:47:26.484Z] [INFO] [Root] App mounted
Web  INFO  [2026-09-09T10:47:26.486Z] [INFO] [BookingsContext] Hydrated favorites {"length": 0}
Web  INFO  [2026-09-09T10:47:26.486Z] [INFO] [BookingsContext] Hydrated rental submissions {"length": 0}
Web  INFO  [2026-09-09T10:47:26.486Z] [INFO] [MessagingContext] Using default messaging state
Web  INFO  [2026-09-09T10:47:26.486Z] [INFO] [ConnectionsContext] Building connections from Supabase users
Web  INFO  [2026-09-09T10:47:26.499Z] [INFO] [RootLayout] Still loading... {"authLoading": true, "onboardingLoading": false}
Web  LOG  [DB] Using authenticated user: d8694830-980e-43e7-9763-979eae54e1da
Web  INFO  [2026-09-09T10:47:26.500Z] [INFO] [BookingsContext] Fetching my listings for host {"hostId": "d8694830-980e-43e7-9763-979eae54e1da"}
Web  LOG  [DB] Fetching user listings for host: d8694830-980e-43e7-9763-979eae54e1da
Web  LOG  [DB] Fetching bookings for user: d8694830-980e-43e7-9763-979eae54e1da
Web  INFO  [2026-09-09T10:47:26.946Z] [INFO] [SocialContext] Got auth user ID {"userId": "d8694830-980e-43e7-9763-979eae54e1da"}
Web  INFO  [2026-09-09T10:47:26.949Z] [INFO] [Auth] Auth state changed {"event": "INITIAL_SESSION", "hasSession": true}
Web  LOG  [DB] Fetching users...
Web  LOG  [DB] Fetched users: 10
Web  INFO  [2026-09-09T10:47:27.350Z] [INFO] [Auth] Built profile {"hasName": true, "phone": null, "userId": "d8694830-980e-43e7-9763-979eae54e1da"}
Web  INFO  [2026-09-09T10:47:27.369Z] [INFO] [RootLayout] Navigation check {"currentSegment": "(tabs)", "hasInitialized": false, "isAuthenticated": true, "onboardingCompleted": true}
Web  INFO  [2026-09-09T10:47:27.369Z] [INFO] [Planner] Fetching plans...
Web  INFO  [2026-09-09T10:47:27.370Z] [INFO] [MessagingContext] Hydrated messaging state from storage
Web  INFO  [2026-09-09T10:47:27.371Z] [INFO] [Auth] Built profile {"hasName": true, "phone": null, "userId": "d8694830-980e-43e7-9763-979eae54e1da"}
Web  INFO  [2026-09-09T10:47:27.372Z] [INFO] [BookingsContext] Hydrated bookings from local {"length": 0}
Web  LOG  [DB] Fetched posts: 22
Web  INFO  [2026-09-09T10:47:27.372Z] [INFO] [SocialContext] Fetched posts from Supabase {"length": 22}
Web  LOG  [DB] Fetching users...
Web  LOG  [DB] Fetched stories: 0
Web  INFO  [2026-09-09T10:47:27.372Z] [INFO] [SocialContext] No Supabase stories
Web  LOG  [DB] Fetched products: 0
Web  LOG  [DB] Fetched user listings from Supabase: 0
Web  INFO  [2026-09-09T10:47:27.385Z] [INFO] [BookingsContext] My listings query result {"value": 0}
Web  INFO  [2026-09-09T10:47:27.385Z] [INFO] [BookingsContext] No my listings found in Supabase
Web  LOG  [DB] Fetched listings from Supabase: 0
Web  INFO  [2026-09-09T10:47:27.385Z] [INFO] [BookingsContext] Listings query result {"value": 0}
Web  INFO  [2026-09-09T10:47:27.385Z] [INFO] [BookingsContext] No listings found in Supabase
Web  INFO  [2026-09-09T10:47:27.694Z] [INFO] [SocialContext] Loaded {"length": 22}
Web  INFO  [2026-09-09T10:47:27.695Z] [INFO] [SocialContext] Built default state for {"length": 22}
Web  LOG  [DB] Fetched users: 10
Web  INFO  [2026-09-09T10:47:27.946Z] [INFO] [SocialContext] Built default state for {"length": 22}
Web  INFO  [2026-09-09T10:47:27.968Z] [INFO] [Planner] Fetched plans from Supabase {"length": 9}
Web  INFO  [2026-09-09T10:47:28.370Z] [INFO] [MessagingContext] Synced Supabase conversations {"added": 1}
Web  LOG  Grid load: ["grabbedBundles"]
Web  LOG  Grid load: {"bundles": "recommend", "grabbedCount": 0}
Web  INFO  [2026-09-09T10:47:28.734Z] [INFO] [RootLayout] Navigation check {"currentSegment": "(tabs)", "hasInitialized": true, "isAuthenticated": true, "onboardingCompleted": true}
Web  ERROR  Grabbed bundles error: {"code": "42703", "details": null, "hint": null, "message": "column job_requests.proposed_budget does not exist"} NamelessError@
captureCurrentStack@https://hsrnekw-sharehost-8081.exp.direct/node_modules/expo-router/entry.bundle:287236:29
addErrorStacks@https://hsrnekw-sharehost-8081.exp.direct/node_modules/expo-router/entry.bundle:287218:40
@https://hsrnekw-sharehost-8081.exp.direct/node_modules/expo-router/entry.bundle:287183:72
consoleErrorMiddleware@https://hsrnekw-sharehost-8081.exp.direct/node_modules/expo-router/entry.bundle:8540:27
@https://hsrnekw-sharehost-8081.exp.direct/node_modules/expo-router/entry.bundle:8480:29
@https://hsrnekw-sharehost-8081.exp.direct/node_modules/expo-router/entry.bundle:47889:26
Web  LOG  Grid load: {"bundles": "recommend", "grabbedCount": 0}
Web  INFO  [2026-09-09T10:47:33.345Z] [INFO] [RootLayout] Navigation check {"currentSegment": "(tabs)", "hasInitialized": true, "isAuthenticated": true, "onboardingCompleted": true}
Web  LOG  [Profile] Error fetching grabbed bundles: column job_requests.proposed_budget does not exist
Web  INFO  [2026-09-09T10:47:35.012Z] [INFO] [RootLayout] Navigation check {"currentSegment": "(tabs)", "hasInitialized": true, "isAuthenticated": true, "onboardingCompleted": true}
Web  INFO  [2026-09-09T10:47:39.241Z] [INFO] [RootLayout] Navigation check {"currentSegment": "(tabs)", "hasInitialized": true, "isAuthenticated": true, "onboardingCompleted": true}
Web  INFO  [2026-09-09T10:47:40.814Z] [INFO] [RootLayout] Navigation check {"currentSegment": "(tabs)", "hasInitialized": true, "isAuthenticated": true, "onboardingCompleted": true}
Web  INFO  [2026-09-09T10:47:41.846Z] [INFO] [RootLayout] Navigation check {"currentSegment": "(tabs)", "hasInitialized": true, "isAuthenticated": true, "onboardingCompleted": true}
Web  INFO  [2026-09-09T10:47:43.069Z] [INFO] [RootLayout] Navigation check {"currentSegment": "(tabs)", "hasInitialized": true, "isAuthenticated": true, "onboardingCompleted": true}
Web Bundled 52ms node_modules/expo-router/entry.js (1 module)
Web  LOG  Running application "main" with appParams:
 {"hydrate": undefined, "rootTag": "#root"} 
Development-level warnings: ON.
Performance optimizations: OFF.
Web  INFO  [2026-09-09T10:47:49.040Z] [INFO] [SocialContext] Built default state for {"length": 0}
Web  WARN  "shadow*" style props are deprecated. Use "boxShadow".
Web  WARN  "textShadow*" style props are deprecated. Use "textShadow".
Web  WARN  [expo-av]: Expo AV has been deprecated and will be removed in SDK 54. Use the `expo-audio` and `expo-video` packages to replace the required functionality.
Web  WARN  Route "./(tabs)/live/room/plan-constants.ts" is missing the required default export. Ensure a React component is exported as default.
Web  WARN  Animated: `useNativeDriver` is not supported because the native animated module is missing. Falling back to JS-based animation. To resolve this, add `RCTAnimation` module to this app, or remove `useNativeDriver`. Make sure to run `bundle exec pod install` first. Read more about autolinking: https://github.com/react-native-community/cli/blob/master/docs/autolinking.md
Web  INFO  [2026-09-09T10:47:49.121Z] [INFO] [RootLayout] Still loading... {"authLoading": true, "onboardingLoading": true}
Web  INFO  [2026-09-09T10:47:49.121Z] [INFO] [BookingsContext] Starting to fetch all listings from Supabase...
Web  LOG  [DB] Fetching listings from Supabase... 
Web  LOG  [DB] Fetching products... 
Web  INFO  [2026-09-09T10:47:49.122Z] [INFO] [MarketplaceContext] Saved products are backend-only (no local state)
Web  LOG  [DB] Fetching posts...
Web  LOG  [DB] Fetching stories...
Web  INFO  [2026-09-09T10:47:49.124Z] [INFO] [SocialContext] Social interaction state is in-memory only
Web  INFO  [2026-09-09T10:47:49.124Z] [INFO] [SocialContext] Story interaction state is in-memory only
Web  INFO  [2026-09-09T10:47:49.124Z] [INFO] [SocialContext] User posts are loaded from Supabase posts table
Web  INFO  [2026-09-09T10:47:49.124Z] [INFO] [SocialContext] User stories are loaded from Supabase stories table
Web  INFO  [2026-09-09T10:47:49.125Z] [INFO] [Root] App mounted
Web  INFO  [2026-09-09T10:47:49.127Z] [INFO] [BookingsContext] Hydrated favorites {"length": 0}
Web  INFO  [2026-09-09T10:47:49.127Z] [INFO] [BookingsContext] Hydrated rental submissions {"length": 0}
Web  INFO  [2026-09-09T10:47:49.127Z] [INFO] [MessagingContext] Using default messaging state
Web  INFO  [2026-09-09T10:47:49.127Z] [INFO] [ConnectionsContext] Building connections from Supabase users
Web  INFO  [2026-09-09T10:47:49.141Z] [INFO] [RootLayout] Still loading... {"authLoading": true, "onboardingLoading": false}
Web  LOG  [DB] Using authenticated user: d8694830-980e-43e7-9763-979eae54e1da
Web  INFO  [2026-09-09T10:47:49.143Z] [INFO] [BookingsContext] Fetching my listings for host {"hostId": "d8694830-980e-43e7-9763-979eae54e1da"}
Web  LOG  [DB] Fetching user listings for host: d8694830-980e-43e7-9763-979eae54e1da
Web  LOG  [DB] Fetching bookings for user: d8694830-980e-43e7-9763-979eae54e1da
Web  INFO  [2026-09-09T10:47:49.328Z] [INFO] [SocialContext] Got auth user ID {"userId": "d8694830-980e-43e7-9763-979eae54e1da"}
Web  INFO  [2026-09-09T10:47:49.329Z] [INFO] [Auth] Auth state changed {"event": "INITIAL_SESSION", "hasSession": true}
Web  LOG  [DB] Fetching users...
Web  LOG  [DB] Fetched posts: 22
Web  INFO  [2026-09-09T10:47:49.456Z] [INFO] [SocialContext] Fetched posts from Supabase {"length": 22}
Web  LOG  [DB] Fetching users...
Web  LOG  [DB] Fetched listings from Supabase: 0
Web  INFO  [2026-09-09T10:47:49.467Z] [INFO] [BookingsContext] Listings query result {"value": 0}
Web  INFO  [2026-09-09T10:47:49.467Z] [INFO] [BookingsContext] No listings found in Supabase
Web  LOG  [DB] Fetched user listings from Supabase: 0
Web  INFO  [2026-09-09T10:47:49.611Z] [INFO] [BookingsContext] My listings query result {"value": 0}
Web  INFO  [2026-09-09T10:47:49.611Z] [INFO] [BookingsContext] No my listings found in Supabase
Web  LOG  [DB] Fetched products: 0
Web  INFO  [2026-09-09T10:47:49.657Z] [INFO] [BookingsContext] Hydrated bookings from local {"length": 0}
Web  INFO  [2026-09-09T10:47:49.663Z] [INFO] [Auth] Built profile {"hasName": true, "phone": null, "userId": "d8694830-980e-43e7-9763-979eae54e1da"}
Web  INFO  [2026-09-09T10:47:49.667Z] [INFO] [RootLayout] Navigation check {"currentSegment": "(tabs)", "hasInitialized": false, "isAuthenticated": true, "onboardingCompleted": true}
Web  INFO  [2026-09-09T10:47:49.667Z] [INFO] [Planner] Fetching plans...
Web  INFO  [2026-09-09T10:47:49.668Z] [INFO] [MessagingContext] Hydrated messaging state from storage
Web  INFO  [2026-09-09T10:47:49.671Z] [INFO] [Auth] Built profile {"hasName": true, "phone": null, "userId": "d8694830-980e-43e7-9763-979eae54e1da"}
Web  LOG  [DB] Fetched users: 10
Web  LOG  [DB] Fetched stories: 0
Web  INFO  [2026-09-09T10:47:49.698Z] [INFO] [SocialContext] No Supabase stories
Web  LOG  [DB] Fetched users: 10
Web  INFO  [2026-09-09T10:47:49.783Z] [INFO] [SocialContext] Built default state for {"length": 22}
Web  INFO  [2026-09-09T10:47:49.783Z] [INFO] [SocialContext] Merged persisted interactions {"merged": 22}
Web  INFO  [2026-09-09T10:47:49.911Z] [INFO] [SocialContext] Loaded {"length": 22}
Web  INFO  [2026-09-09T10:47:49.911Z] [INFO] [SocialContext] Built default state for {"length": 22}
Web  INFO  [2026-09-09T10:47:49.916Z] [INFO] [Planner] Fetched plans from Supabase {"length": 9}
Web  INFO  [2026-09-09T10:47:50.039Z] [INFO] [MessagingContext] Synced Supabase conversations {"added": 1}
Web  LOG  Grid load: ["grabbedBundles"]
Web  LOG  Grid load: {"bundles": "recommend", "grabbedCount": 0}
Web  INFO  [2026-09-09T10:47:51.293Z] [INFO] [RootLayout] Navigation check {"currentSegment": "(tabs)", "hasInitialized": true, "isAuthenticated": true, "onboardingCompleted": true}
Web  ERROR  Grabbed bundles error: {"code": "42703", "details": null, "hint": null, "message": "column job_requests.proposed_budget does not exist"} NamelessError@
captureCurrentStack@https://hsrnekw-sharehost-8081.exp.direct/node_modules/expo-router/entry.bundle:287236:29
addErrorStacks@https://hsrnekw-sharehost-8081.exp.direct/node_modules/expo-router/entry.bundle:287218:40
@https://hsrnekw-sharehost-8081.exp.direct/node_modules/expo-router/entry.bundle:287183:72
consoleErrorMiddleware@https://hsrnekw-sharehost-8081.exp.direct/node_modules/expo-router/entry.bundle:8540:27
@https://hsrnekw-sharehost-8081.exp.direct/node_modules/expo-router/entry.bundle:8480:29
@https://hsrnekw-sharehost-8081.exp.direct/node_modules/expo-router/entry.bundle:47889:26
Web  LOG  Grid load: {"bundles": "recommend", "grabbedCount": 0}
Web Bundled 84ms node_modules/expo-router/entry.js (1 module)
Web  LOG  Running application "main" with appParams:
 {"hydrate": undefined, "rootTag": "#root"} 
Development-level warnings: ON.
Performance optimizations: OFF.
Web  INFO  [2026-09-09T12:56:40.307Z] [INFO] [SocialContext] Built default state for {"length": 0}
Web  WARN  "shadow*" style props are deprecated. Use "boxShadow".
Web  WARN  "textShadow*" style props are deprecated. Use "textShadow".
Web  WARN  [expo-av]: Expo AV has been deprecated and will be removed in SDK 54. Use the `expo-audio` and `expo-video` packages to replace the required functionality.
Web  WARN  Route "./(tabs)/live/room/plan-constants.ts" is missing the required default export. Ensure a React component is exported as default.
Web  INFO  [2026-09-09T12:56:40.403Z] [INFO] [RootLayout] Still loading... {"authLoading": true, "onboardingLoading": true}
Web  INFO  [2026-09-09T12:56:40.403Z] [INFO] [BookingsContext] Starting to fetch all listings from Supabase...
Web  LOG  [DB] Fetching listings from Supabase... 
Web  LOG  [DB] Fetching products... 
Web  INFO  [2026-09-09T12:56:40.405Z] [INFO] [MarketplaceContext] Saved products are backend-only (no local state)
Web  LOG  [DB] Fetching posts...
Web  LOG  [DB] Fetching stories...
Web  INFO  [2026-09-09T12:56:40.407Z] [INFO] [SocialContext] Social interaction state is in-memory only
Web  INFO  [2026-09-09T12:56:40.407Z] [INFO] [SocialContext] Story interaction state is in-memory only
Web  INFO  [2026-09-09T12:56:40.407Z] [INFO] [SocialContext] User posts are loaded from Supabase posts table
Web  INFO  [2026-09-09T12:56:40.407Z] [INFO] [SocialContext] User stories are loaded from Supabase stories table
Web  INFO  [2026-09-09T12:56:40.408Z] [INFO] [Root] App mounted
Web  INFO  [2026-09-09T12:56:40.410Z] [INFO] [BookingsContext] Hydrated favorites {"length": 0}
Web  INFO  [2026-09-09T12:56:40.410Z] [INFO] [BookingsContext] Hydrated rental submissions {"length": 0}
Web  INFO  [2026-09-09T12:56:40.411Z] [INFO] [MessagingContext] Using default messaging state
Web  INFO  [2026-09-09T12:56:40.411Z] [INFO] [ConnectionsContext] Building connections from Supabase users
Web  INFO  [2026-09-09T12:56:40.419Z] [INFO] [RootLayout] Still loading... {"authLoading": true, "onboardingLoading": false}
Web  INFO  [2026-09-09T12:56:40.653Z] [INFO] [Auth] Auth state changed {"event": "TOKEN_REFRESHED", "hasSession": true}
Web  LOG  [DB] Fetching posts...
Web  LOG  [DB] Fetching stories...
Web  INFO  [2026-09-09T13:25:12.752Z] [INFO] [SocialContext] Social interaction state is in-memory only
Web  INFO  [2026-09-09T13:25:12.752Z] [INFO] [SocialContext] Story interaction state is in-memory only
Web  INFO  [2026-09-09T13:25:12.752Z] [INFO] [SocialContext] User posts are loaded from Supabase posts table
Web  INFO  [2026-09-09T13:25:12.752Z] [INFO] [SocialContext] User stories are loaded from Supabase stories table
Web  INFO  [2026-09-09T13:25:12.752Z] [INFO] [MarketplaceContext] Saved products are backend-only (no local state)
Web  LOG  Grid load: ["grabbedBundles"]
Web  INFO  [2026-09-09T13:25:12.753Z] [INFO] [BookingsContext] Hydrated favorites {"length": 0}
Web  INFO  [2026-09-09T13:25:12.753Z] [INFO] [BookingsContext] Hydrated rental submissions {"length": 0}
Web  INFO  [2026-09-09T13:25:12.753Z] [INFO] [MessagingContext] Hydrated messaging state from storage
Web Bundled 75ms node_modules/expo-router/entry.js (1 module)
Web  LOG  Running application "main" with appParams:
 {"hydrate": undefined, "rootTag": "#root"} 
Development-level warnings: ON.
Performance optimizations: OFF.
Web  INFO  [2026-09-09T14:13:47.009Z] [INFO] [SocialContext] Built default state for {"length": 0}
Web  WARN  "shadow*" style props are deprecated. Use "boxShadow".
Web  WARN  "textShadow*" style props are deprecated. Use "textShadow".
Web  WARN  [expo-av]: Expo AV has been deprecated and will be removed in SDK 54. Use the `expo-audio` and `expo-video` packages to replace the required functionality.
Web  WARN  Route "./(tabs)/live/room/plan-constants.ts" is missing the required default export. Ensure a React component is exported as default.
Web  INFO  [2026-09-09T14:13:47.088Z] [INFO] [RootLayout] Still loading... {"authLoading": true, "onboardingLoading": true}
Web  INFO  [2026-09-09T14:13:47.089Z] [INFO] [BookingsContext] Starting to fetch all listings from Supabase...
Web  LOG  [DB] Fetching listings from Supabase... 
Web  LOG  [DB] Fetching products... 
Web  INFO  [2026-09-09T14:13:47.090Z] [INFO] [MarketplaceContext] Saved products are backend-only (no local state)
Web  LOG  [DB] Fetching posts...
Web  LOG  [DB] Fetching stories...
Web  INFO  [2026-09-09T14:13:47.092Z] [INFO] [SocialContext] Social interaction state is in-memory only
Web  INFO  [2026-09-09T14:13:47.092Z] [INFO] [SocialContext] Story interaction state is in-memory only
Web  INFO  [2026-09-09T14:13:47.092Z] [INFO] [SocialContext] User posts are loaded from Supabase posts table
Web  INFO  [2026-09-09T14:13:47.092Z] [INFO] [SocialContext] User stories are loaded from Supabase stories table
Web  INFO  [2026-09-09T14:13:47.093Z] [INFO] [Root] App mounted
Web  INFO  [2026-09-09T14:13:47.095Z] [INFO] [BookingsContext] Hydrated favorites {"length": 0}
Web  INFO  [2026-09-09T14:13:47.095Z] [INFO] [BookingsContext] Hydrated rental submissions {"length": 0}
Web  INFO  [2026-09-09T14:13:47.095Z] [INFO] [MessagingContext] Using default messaging state
Web  INFO  [2026-09-09T14:13:47.095Z] [INFO] [ConnectionsContext] Building connections from Supabase users
Web  INFO  [2026-09-09T14:13:47.104Z] [INFO] [RootLayout] Still loading... {"authLoading": true, "onboardingLoading": false}
Web  INFO  [2026-09-09T14:13:47.869Z] [INFO] [Auth] Auth state changed {"event": "TOKEN_REFRESHED", "hasSession": true}
iOS Bundled 96ms node_modules/expo-router/entry.js (1 module)
 INFO  [2026-09-10T00:18:02.582Z] [INFO] [SocialContext] Built default state for {"length": 0}
 WARN  Route "./(tabs)/live/room/[roomId].tsx" is missing the required default export. Ensure a React component is exported as default.
 WARN  Route "./(tabs)/live/room/plan-constants.ts" is missing the required default export. Ensure a React component is exported as default.
 WARN  Route "./call/[roomId].tsx" is missing the required default export. Ensure a React component is exported as default.
 ERROR  [Error: Cannot find native module 'ExponentAV'] 

Code: audio-relay.ts
[0m [90m 12 |[39m [90m */[39m
 [90m 13 |[39m
[31m[1m>[22m[39m[90m 14 |[39m [36mimport[39m { [33mAudio[39m } [36mfrom[39m [32m'expo-av'[39m[33m;[39m
 [90m    |[39m [31m[1m^[22m[39m
 [90m 15 |[39m [36mimport[39m { [33mPlatform[39m } [36mfrom[39m [32m'react-native'[39m[33m;[39m
 [90m 16 |[39m
 [90m 17 |[39m [90m// ── Types ──[39m[0m
Call Stack
  <global> (lib/audio-relay.ts:14)
  <global> (hooks/useLiveAudio.ts:10)
  <global> (app/(tabs)/live/room/[roomId].tsx:25)
 ERROR  [Error: Cannot find native module 'ExponentAV'] 

Code: audio-relay.ts
[0m [90m 12 |[39m [90m */[39m
 [90m 13 |[39m
[31m[1m>[22m[39m[90m 14 |[39m [36mimport[39m { [33mAudio[39m } [36mfrom[39m [32m'expo-av'[39m[33m;[39m
 [90m    |[39m [31m[1m^[22m[39m
 [90m 15 |[39m [36mimport[39m { [33mPlatform[39m } [36mfrom[39m [32m'react-native'[39m[33m;[39m
 [90m 16 |[39m
 [90m 17 |[39m [90m// ── Types ──[39m[0m
Call Stack
  <global> (lib/audio-relay.ts:14)
  <global> (hooks/useLiveAudio.ts:10)
  <global> (app/(tabs)/live/room/[roomId].tsx:25)
 WARN  Route "./inbox/[notificationId].tsx" is missing the required default export. Ensure a React component is exported as default.
 WARN  Route "./inbox/conversation/[participantId].tsx" is missing the required default export. Ensure a React component is exported as default.
 INFO  [2026-09-10T00:18:02.897Z] [INFO] [RootLayout] Still loading... {"authLoading": true, "onboardingLoading": true}
 INFO  [2026-09-10T00:18:02.904Z] [INFO] [BookingsContext] Starting to fetch all listings from Supabase...
 LOG  [DB] Fetching listings from Supabase... 
 LOG  [DB] Fetching products... 
 INFO  [2026-09-10T00:18:02.913Z] [INFO] [MarketplaceContext] Saved products are backend-only (no local state)
 LOG  [DB] Fetching posts...
 LOG  [DB] Fetching stories...
 INFO  [2026-09-10T00:18:02.927Z] [INFO] [SocialContext] Social interaction state is in-memory only
 INFO  [2026-09-10T00:18:02.928Z] [INFO] [SocialContext] Story interaction state is in-memory only
 INFO  [2026-09-10T00:18:02.928Z] [INFO] [SocialContext] User posts are loaded from Supabase posts table
 INFO  [2026-09-10T00:18:02.928Z] [INFO] [SocialContext] User stories are loaded from Supabase stories table
 INFO  [2026-09-10T00:18:02.933Z] [INFO] [Root] App mounted
 WARN  [DB] No authenticated user available — returning null
 INFO  [2026-09-10T00:18:02.946Z] [INFO] [BookingsContext] Fetching my listings for host {"hostId": ""}
 INFO  [2026-09-10T00:18:02.948Z] [INFO] [Auth] Auth state changed {"event": "INITIAL_SESSION", "hasSession": false}
 INFO  [2026-09-10T00:18:02.959Z] [INFO] [RootLayout] Still loading... {"authLoading": false, "onboardingLoading": true}
 INFO  [2026-09-10T00:18:02.961Z] [INFO] [BookingsContext] Hydrated favorites {"length": 0}
 INFO  [2026-09-10T00:18:02.961Z] [INFO] [BookingsContext] Hydrated rental submissions {"length": 0}
 INFO  [2026-09-10T00:18:02.961Z] [INFO] [MessagingContext] Hydrated messaging state from storage
 INFO  [2026-09-10T00:18:02.961Z] [INFO] [ConnectionsContext] Building connections from Supabase users
 LOG  [DB] Fetching users...
 INFO  [2026-09-10T00:18:02.963Z] [INFO] [Theme] Loaded saved theme {"savedTheme": "dark"}
 INFO  [2026-09-10T00:18:02.963Z] [INFO] [BookingsContext] Hydrated bookings from local {"length": 0}
 INFO  [2026-09-10T00:18:02.980Z] [INFO] [RootLayout] Navigation check {"currentSegment": "", "hasInitialized": false, "isAuthenticated": false, "onboardingCompleted": true}
 INFO  [2026-09-10T00:18:02.981Z] [INFO] [RootLayout] Navigating to {"targetRoute": "/welcome"}
 ERROR  [Error: Cannot find native module 'ExponentAV'] 

Code: audio-relay.ts
[0m [90m 12 |[39m [90m */[39m
 [90m 13 |[39m
[31m[1m>[22m[39m[90m 14 |[39m [36mimport[39m { [33mAudio[39m } [36mfrom[39m [32m'expo-av'[39m[33m;[39m
 [90m    |[39m [31m[1m^[22m[39m
 [90m 15 |[39m [36mimport[39m { [33mPlatform[39m } [36mfrom[39m [32m'react-native'[39m[33m;[39m
 [90m 16 |[39m
 [90m 17 |[39m [90m// ── Types ──[39m[0m
Call Stack
  <global> (lib/audio-relay.ts:14)
  <global> (hooks/useLiveAudio.ts:10)
  <global> (app/(tabs)/live/room/[roomId].tsx:25)
 ERROR  [Error: Cannot find native module 'ExponentAV'] 

Code: audio-relay.ts
[0m [90m 12 |[39m [90m */[39m
 [90m 13 |[39m
[31m[1m>[22m[39m[90m 14 |[39m [36mimport[39m { [33mAudio[39m } [36mfrom[39m [32m'expo-av'[39m[33m;[39m
 [90m    |[39m [31m[1m^[22m[39m
 [90m 15 |[39m [36mimport[39m { [33mPlatform[39m } [36mfrom[39m [32m'react-native'[39m[33m;[39m
 [90m 16 |[39m
 [90m 17 |[39m [90m// ── Types ──[39m[0m
Call Stack
  <global> (lib/audio-relay.ts:14)
  <global> (hooks/useLiveAudio.ts:10)
  <global> (app/(tabs)/live/room/[roomId].tsx:25)
 INFO  [2026-09-10T00:18:03.077Z] [INFO] [RootLayout] Navigation check {"currentSegment": "welcome", "hasInitialized": true, "isAuthenticated": false, "onboardingCompleted": true}
 LOG  [DB] Fetched stories: 0
 INFO  [2026-09-10T00:18:03.376Z] [INFO] [SocialContext] No Supabase stories
 LOG  [DB] Fetched users: 10
 LOG  [DB] Fetched posts: 22
 INFO  [2026-09-10T00:18:03.456Z] [INFO] [SocialContext] Fetched posts from Supabase {"length": 22}
 LOG  [DB] Fetching users...
 LOG  [DB] Fetched listings from Supabase: 0
 INFO  [2026-09-10T00:18:03.475Z] [INFO] [BookingsContext] Listings query result {"value": 0}
 INFO  [2026-09-10T00:18:03.475Z] [INFO] [BookingsContext] No listings found in Supabase
 LOG  [DB] Fetched products: 0
 INFO  [2026-09-10T00:18:03.836Z] [INFO] [SocialContext] Loaded {"length": 22}
 INFO  [2026-09-10T00:18:03.838Z] [INFO] [SocialContext] Built default state for {"length": 22}
 LOG  [DB] Fetched users: 10
 INFO  [2026-09-10T00:18:03.882Z] [INFO] [SocialContext] Built default state for {"length": 22}
 INFO  [2026-09-10T00:18:03.890Z] [INFO] [SocialContext] Merged persisted interactions {"merged": 24}
 LOG  [Welcome] handleLogin
 INFO  [2026-09-10T00:18:11.970Z] [INFO] [Auth] Sign in with {"trimmedInput": "doseofitllc@gmail.com", "value": "email"}
 INFO  [2026-09-10T00:18:12.643Z] [INFO] [Auth] Auth state changed {"event": "SIGNED_IN", "hasSession": true}
 INFO  [2026-09-10T00:18:12.874Z] [INFO] [Auth] Built profile {"hasName": true, "phone": null, "userId": "d8694830-980e-43e7-9763-979eae54e1da"}
 INFO  [2026-09-10T00:18:12.913Z] [INFO] [RootLayout] Navigation check {"currentSegment": "welcome", "hasInitialized": true, "isAuthenticated": true, "onboardingCompleted": true}
 INFO  [2026-09-10T00:18:12.914Z] [INFO] [RootLayout] Navigating to {"targetRoute": "/(tabs)/(home)"}
 INFO  [2026-09-10T00:18:12.922Z] [INFO] [Planner] Fetching plans...
 INFO  [2026-09-10T00:18:12.941Z] [INFO] [Auth] Sign in successful
 LOG  [Welcome] signIn result: {"success": true}
 INFO  [2026-09-10T00:18:12.941Z] [INFO] [MessagingContext] Hydrated messaging state from storage
 LOG  Grid load: ["grabbedBundles"]
 LOG  Grid load: {"bundles": "recommend", "grabbedCount": 0}
 INFO  [2026-09-10T00:18:13.153Z] [INFO] [RootLayout] Navigation check {"currentSegment": "(tabs)", "hasInitialized": true, "isAuthenticated": true, "onboardingCompleted": true}
 LOG  Grid load: {"bundles": "recommend", "grabbedCount": 0}
 ERROR  Grabbed bundles error: {"code": "42703", "details": null, "hint": null, "message": "column job_requests.proposed_budget does not exist"} 

Code: index.tsx
[0m [90m 1342 |[39m             [36mreturn[39m [][33m;[39m
 [90m 1343 |[39m           }
[31m[1m>[22m[39m[90m 1344 |[39m           console[33m.[39merror([32m'Grabbed bundles error:'[39m[33m,[39m error)[33m;[39m
 [90m      |[39m                        [31m[1m^[22m[39m
 [90m 1345 |[39m           [36mreturn[39m [][33m;[39m
 [90m 1346 |[39m         }
 [90m 1347 |[39m[0m
Call Stack
  useQuery$argument_0.queryFn (app/(tabs)/(home)/index.tsx:1344:24)
 INFO  [2026-09-10T00:18:13.431Z] [INFO] [MessagingContext] Synced Supabase conversations {"added": 1}
 INFO  [2026-09-10T00:18:13.561Z] [INFO] [Planner] Fetched plans from Supabase {"length": 9}
 INFO  [2026-09-10T00:18:27.791Z] [INFO] [RootLayout] Navigation check {"currentSegment": "(tabs)", "hasInitialized": true, "isAuthenticated": true, "onboardingCompleted": true}
 ERROR  [Error: Cannot find native module 'ExponentAV'] 

Code: audio-relay.ts
[0m [90m 12 |[39m [90m */[39m
 [90m 13 |[39m
[31m[1m>[22m[39m[90m 14 |[39m [36mimport[39m { [33mAudio[39m } [36mfrom[39m [32m'expo-av'[39m[33m;[39m
 [90m    |[39m [31m[1m^[22m[39m
 [90m 15 |[39m [36mimport[39m { [33mPlatform[39m } [36mfrom[39m [32m'react-native'[39m[33m;[39m
 [90m 16 |[39m
 [90m 17 |[39m [90m// ── Types ──[39m[0m
Call Stack
  <global> (lib/audio-relay.ts:14)
  <global> (hooks/useLiveAudio.ts:10)
  <global> (app/(tabs)/live/room/[roomId].tsx:25) 

Code: _layout.tsx
[0m [90m 3 |[39m [36mexport[39m [36mdefault[39m [36mfunction[39m [33mLiveLayout[39m() {
 [90m 4 |[39m   [36mreturn[39m (
[31m[1m>[22m[39m[90m 5 |[39m     [33m<[39m[33mStack[39m screenOptions[33m=[39m{{ headerShown[33m:[39m [36mfalse[39m }}[33m>[39m
 [90m   |[39m     [31m[1m^[22m[39m
 [90m 6 |[39m       [33m<[39m[33mStack[39m[33m.[39m[33mScreen[39m name[33m=[39m[32m"index"[39m [33m/[39m[33m>[39m
 [90m 7 |[39m       [33m<[39m[33mStack[39m[33m.[39m[33mScreen[39m name[33m=[39m[32m"room/[roomId]"[39m [33m/[39m[33m>[39m
 [90m 8 |[39m     [33m<[39m[33m/[39m[33mStack[39m[33m>[39m[0m
Call Stack
  LiveLayout (app/(tabs)/live/_layout.tsx:5:5)
  TabLayout (app/(tabs)/_layout.tsx:19:5)
  RootLayoutNav (app/_layout.tsx:108:5)
  RootLayoutNavWithTheme (app/_layout.tsx:146:11)
  RootLayout (app/_layout.tsx:231:47)
 ERROR  [Error: Cannot find native module 'ExponentAV'] 

Code: audio-relay.ts
[0m [90m 12 |[39m [90m */[39m
 [90m 13 |[39m
[31m[1m>[22m[39m[90m 14 |[39m [36mimport[39m { [33mAudio[39m } [36mfrom[39m [32m'expo-av'[39m[33m;[39m
 [90m    |[39m [31m[1m^[22m[39m
 [90m 15 |[39m [36mimport[39m { [33mPlatform[39m } [36mfrom[39m [32m'react-native'[39m[33m;[39m
 [90m 16 |[39m
 [90m 17 |[39m [90m// ── Types ──[39m[0m
Call Stack
  <global> (lib/audio-relay.ts:14)
  <global> (hooks/useLiveAudio.ts:10)
  <global> (app/(tabs)/live/room/[roomId].tsx:25) 

Code: _layout.tsx
[0m [90m 3 |[39m [36mexport[39m [36mdefault[39m [36mfunction[39m [33mLiveLayout[39m() {
 [90m 4 |[39m   [36mreturn[39m (
[31m[1m>[22m[39m[90m 5 |[39m     [33m<[39m[33mStack[39m screenOptions[33m=[39m{{ headerShown[33m:[39m [36mfalse[39m }}[33m>[39m
 [90m   |[39m     [31m[1m^[22m[39m
 [90m 6 |[39m       [33m<[39m[33mStack[39m[33m.[39m[33mScreen[39m name[33m=[39m[32m"index"[39m [33m/[39m[33m>[39m
 [90m 7 |[39m       [33m<[39m[33mStack[39m[33m.[39m[33mScreen[39m name[33m=[39m[32m"room/[roomId]"[39m [33m/[39m[33m>[39m
 [90m 8 |[39m     [33m<[39m[33m/[39m[33mStack[39m[33m>[39m[0m
Call Stack
  LiveLayout (app/(tabs)/live/_layout.tsx:5:5)
  TabLayout (app/(tabs)/_layout.tsx:19:5)
  RootLayoutNav (app/_layout.tsx:108:5)
  RootLayoutNavWithTheme (app/_layout.tsx:146:11)
  RootLayout (app/_layout.tsx:231:47)
 ERROR  [TypeError: Cannot read property 'ErrorBoundary' of undefined] 

Code: _layout.tsx
[0m [90m 3 |[39m [36mexport[39m [36mdefault[39m [36mfunction[39m [33mLiveLayout[39m() {
 [90m 4 |[39m   [36mreturn[39m (
[31m[1m>[22m[39m[90m 5 |[39m     [33m<[39m[33mStack[39m screenOptions[33m=[39m{{ headerShown[33m:[39m [36mfalse[39m }}[33m>[39m
 [90m   |[39m     [31m[1m^[22m[39m
 [90m 6 |[39m       [33m<[39m[33mStack[39m[33m.[39m[33mScreen[39m name[33m=[39m[32m"index"[39m [33m/[39m[33m>[39m
 [90m 7 |[39m       [33m<[39m[33mStack[39m[33m.[39m[33mScreen[39m name[33m=[39m[32m"room/[roomId]"[39m [33m/[39m[33m>[39m
 [90m 8 |[39m     [33m<[39m[33m/[39m[33mStack[39m[33m>[39m[0m
Call Stack
  LiveLayout (app/(tabs)/live/_layout.tsx:5:5)
  TabLayout (app/(tabs)/_layout.tsx:19:5)
  RootLayoutNav (app/_layout.tsx:108:5)
  RootLayoutNavWithTheme (app/_layout.tsx:146:11)
  RootLayout (app/_layout.tsx:231:47)
 LOG  [AppErrorBoundary] Caught error {"error": [TypeError: Cannot read property 'ErrorBoundary' of undefined], "errorInfo": {"componentStack": "
    at SceneView (http://hsrnekw-sharehost-8081.exp.direct/node_modules/expo-router/entry.bundle//&platform=ios&dev=true&hot=false&lazy=true&transform.engine=hermes&transform.bytecode=1&transform.routerRoot=app&unstable_transformProfile=hermes-stable:107491:3)
    at NavigationProvider (http://hsrnekw-sharehost-8081.exp.direct/node_modules/expo-router/entry.bundle//&platform=ios&dev=true&hot=false&lazy=true&transform.engine=hermes&transform.bytecode=1&transform.routerRoot=app&unstable_transformProfile=hermes-stable:105391:3)
    at RNSScreenContentWrapper (<anonymous>)
    at ScreenContentWrapper (<anonymous>)
    at DebugContainer (http://hsrnekw-sharehost-8081.exp.direct/node_modules/expo-router/entry.bundle//&platform=ios&dev=true&hot=false&lazy=true&transform.engine=hermes&transform.bytecode=1&transform.routerRoot=app&unstable_transformProfile=hermes-stable:125563:9)
    at RNSScreen (<anonymous>)
    at Animated(Anonymous) (http://hsrnekw-sharehost-8081.exp.direct/node_modules/expo-router/entry.bundle//&platform=ios&dev=true&hot=false&lazy=true&transform.engine=hermes&transform.bytecode=1&transform.routerRoot=app&unstable_transformProfile=hermes-stable:68399:29)
    at Suspender (http://hsrnekw-sharehost-8081.exp.direct/node_modules/expo-router/entry.bundle//&platform=ios&dev=true&hot=false&lazy=true&transform.engine=hermes&transform.bytecode=1&transform.routerRoot=app&unstable_transformProfile=hermes-stable:123598:3)
    at Suspense (<anonymous>)
    at Freeze (http://hsrnekw-sharehost-8081.exp.direct/node_modules/expo-router/entry.bundle//&platform=ios&dev=true&hot=false&lazy=true&transform.engine=hermes&transform.bytecode=1&transform.routerRoot=app&unstable_transformProfile=hermes-stable:123609:3)
    at DelayedFreeze (http://hsrnekw-sharehost-8081.exp.direct/node_modules/expo-router/entry.bundle//&platform=ios&dev=true&hot=false&lazy=true&transform.engine=hermes&transform.bytecode=1&transform.routerRoot=app&unstable_transformProfile=hermes-stable:123565:3)
    at InnerScreen (http://hsrnekw-sharehost-8081.exp.direct/node_modules/expo-router/entry.bundle//&platform=ios&dev=true&hot=false&lazy=true&transform.engine=hermes&transform.bytecode=1&transform.routerRoot=app&unstable_transformProfile=hermes-stable:123302:40)
    at Screen (http://hsrnekw-sharehost-8081.exp.direct/node_modules/expo-router/entry.bundle//&platform=ios&dev=true&hot=false&lazy=true&transform.engine=hermes&transform.bytecode=1&transform.routerRoot=app&unstable_transformProfile=hermes-stable:123501:49)
    at ScreenStackItem (http://hsrnekw-sharehost-8081.exp.direct/node_modules/expo-router/entry.bundle//&platform=ios&dev=true&hot=false&lazy=true&transform.engine=hermes&transform.bytecode=1&transform.routerRoot=app&unstable_transformProfile=hermes-stable:125330:3)
    at NavigationProvider (http://hsrnekw-sharehost-8081.exp.direct/node_modules/expo-router/entry.bundle//&platform=ios&dev=true&hot=false&lazy=true&transform.engine=hermes&transform.bytecode=1&transform.routerRoot=app&unstable_transformProfile=hermes-stable:105391:3)
    at SceneView (http://hsrnekw-sharehost-8081.exp.direct/node_modules/expo-router/entry.bundle//&platform=ios&dev=true&hot=false&lazy=true&transform.engine=hermes&transform.bytecode=1&transform.routerRoot=app&unstable_transformProfile=hermes-stable:133177:19)
    at RNSScreenStack (<anonymous>)
    at anonymous (http://hsrnekw-sharehost-8081.exp.direct/node_modules/expo-router/entry.bundle//&platform=ios&dev=true&hot=false&lazy=true&transform.engine=hermes&transform.bytecode=1&transform.routerRoot=app&unstable_transformProfile=hermes-stable:125217:20)
    at ScreenStack (http://hsrnekw-sharehost-8081.exp.direct/node_modules/expo-router/entry.bundle//&platform=ios&dev=true&hot=false&lazy=true&transform.engine=hermes&transform.bytecode=1&transform.routerRoot=app&unstable_transformProfile=hermes-stable:125150:7)
    at RCTView (<anonymous>)
    at View (http://hsrnekw-sharehost-8081.exp.direct/node_modules/expo-router/entry.bundle//&platform=ios&dev=true&hot=false&lazy=true&transform.engine=hermes&transform.bytecode=1&transform.routerRoot=app&unstable_transformProfile=hermes-stable:58373:3)
    at FrameSizeProvider (http://hsrnekw-sharehost-8081.exp.direct/node_modules/expo-router/entry.bundle//&platform=ios&dev=true&hot=false&lazy=true&transform.engine=hermes&transform.bytecode=1&transform.routerRoot=app&unstable_transformProfile=hermes-stable:120446:3)
    at SafeAreaProviderCompat (http://hsrnekw-sharehost-8081.exp.direct/node_modules/expo-router/entry.bundle//&platform=ios&dev=true&hot=false&lazy=true&transform.engine=hermes&transform.bytecode=1&transform.routerRoot=app&unstable_transformProfile=hermes-stable:121892:3)
    at NativeStackView (http://hsrnekw-sharehost-8081.exp.direct/node_modules/expo-router/entry.bundle//&platform=ios&dev=true&hot=false&lazy=true&transform.engine=hermes&transform.bytecode=1&transform.routerRoot=app&unstable_transformProfile=hermes-stable:133492:3)
    at PreventRemoveProvider (http://hsrnekw-sharehost-8081.exp.direct/node_modules/expo-router/entry.bundle//&platform=ios&dev=true&hot=false&lazy=true&transform.engine=hermes&transform.bytecode=1&transform.routerRoot=app&unstable_transformProfile=hermes-stable:105716:3)
    at NavigationStateListenerProvider (http://hsrnekw-sharehost-8081.exp.direct/node_modules/expo-router/entry.bundle//&platform=ios&dev=true&hot=false&lazy=true&transform.engine=hermes&transform.bytecode=1&transform.routerRoot=app&unstable_transformProfile=hermes-stable:108392:3)
    at NavigationContent (http://hsrnekw-sharehost-8081.exp.direct/node_modules/expo-router/entry.bundle//&platform=ios&dev=true&hot=false&lazy=true&transform.engine=hermes&transform.bytecode=1&transform.routerRoot=app&unstable_transformProfile=hermes-stable:107144:27)
    at anonymous (http://hsrnekw-sharehost-8081.exp.direct/node_modules/expo-router/entry.bundle//&platform=ios&dev=true&hot=false&lazy=true&transform.engine=hermes&transform.bytecode=1&transform.routerRoot=app&unstable_transformProfile=hermes-stable:107159:25)
    at NativeStackNavigator (http://hsrnekw-sharehost-8081.exp.direct/node_modules/expo-router/entry.bundle//&platform=ios&dev=true&hot=false&lazy=true&transform.engine=hermes&transform.bytecode=1&transform.routerRoot=app&unstable_transformProfile=hermes-stable:132537:3)
    at anonymous (http://hsrnekw-sharehost-8081.exp.direct/node_modules/expo-router/entry.bundle//&platform=ios&dev=true&hot=false&lazy=true&transform.engine=hermes&transform.bytecode=1&transform.routerRoot=app&unstable_transformProfile=hermes-stable:99318:50)
    at anonymous (http://hsrnekw-sharehost-8081.exp.direct/node_modules/expo-router/entry.bundle//&platform=ios&dev=true&hot=false&lazy=true&transform.engine=hermes&transform.bytecode=1&transform.routerRoot=app&unstable_transformProfile=hermes-stable:99073:56)
    at LiveLayout(./(tabs)/live/_layout.tsx) (<anonymous>)
    at WrappedScreenComponent (http://hsrnekw-sharehost-8081.exp.direct/node_modules/expo-router/entry.bundle//&platform=ios&dev=true&hot=false&lazy=true&transform.engine=hermes&transform.bytecode=1&transform.routerRoot=app&unstable_transformProfile=hermes-stable:115922:49)
    at Suspense (<anonymous>)
    at ZoomTransitionTargetContextProvider (http://hsrnekw-sharehost-8081.exp.direct/node_modules/expo-router/entry.bundle//&platform=ios&dev=true&hot=false&lazy=true&transform.engine=hermes&transform.bytecode=1&transform.routerRoot=app&unstable_transformProfile=hermes-stable:116528:3)
    at Route (http://hsrnekw-sharehost-8081.exp.direct/node_modules/expo-router/entry.bundle//&platform=ios&dev=true&hot=false&lazy=true&transform.engine=hermes&transform.bytecode=1&transform.routerRoot=app&unstable_transformProfile=hermes-stable:98503:3)
    at Route(live) (http://hsrnekw-sharehost-8081.exp.direct/node_modules/expo-router/entry.bundle//&platform=ios&dev=true&hot=false&lazy=true&transform.engine=hermes&transform.bytecode=1&transform.routerRoot=app&unstable_transformProfile=hermes-stable:115927:5)
    at StaticContainer (http://hsrnekw-sharehost-8081.exp.direct/node_modules/expo-router/entry.bundle//&platform=ios&dev=true&hot=false&lazy=true&transform.engine=hermes&transform.bytecode=1&transform.routerRoot=app&unstable_transformProfile=hermes-stable:107713:17)
    at EnsureSingleNavigator (http://hsrnekw-sharehost-8081.exp.direct/node_modules/expo-router/entry.bundle//&platform=ios&dev=true&hot=false&lazy=true&transform.engine=hermes&transform.bytecode=1&transform.routerRoot=app&unstable_transformProfile=hermes-stable:102113:3)
    at SceneView (http://hsrnekw-sharehost-8081.exp.direct/node_modules/expo-router/entry.bundle//&platform=ios&dev=true&hot=false&lazy=true&transform.engine=hermes&transform.bytecode=1&transform.routerRoot=app&unstable_transformProfile=hermes-stable:107491:3)
    at NavigationProvider (http://hsrnekw-sharehost-8081.exp.direct/node_modules/expo-router/entry.bundle//&platform=ios&dev=true&hot=false&lazy=true&transform.engine=hermes&transform.bytecode=1&transform.routerRoot=app&unstable_transformProfile=hermes-stable:105391:3)
    at RCTView (<anonymous>)
    at View (http://hsrnekw-sharehost-8081.exp.direct/node_modules/expo-router/entry.bundle//&platform=ios&dev=true&hot=false&lazy=true&transform.engine=hermes&transform.bytecode=1&transform.routerRoot=app&unstable_transformProfile=hermes-stable:58373:3)
    at RCTView (<anonymous>)
    at View (http://hsrnekw-sharehost-8081.exp.direct/node_modules/expo-router/entry.bundle//&platform=ios&dev=true&hot=false&lazy=true&transform.engine=hermes&transform.bytecode=1&transform.routerRoot=app&unstable_transformProfile=hermes-stable:58373:3)
    at Animated(View) (http://hsrnekw-sharehost-8081.exp.direct/node_modules/expo-router/entry.bundle//&platform=ios&dev=true&hot=false&lazy=true&transform.engine=hermes&transform.bytecode=1&transform.routerRoot=app&unstable_transformProfile=hermes-stable:68399:29)
    at Background (http://hsrnekw-sharehost-8081.exp.direct/node_modules/expo-router/entry.bundle//&platform=ios&dev=true&hot=false&lazy=true&transform.engine=hermes&transform.bytecode=1&transform.routerRoot=app&unstable_transformProfile=hermes-stable:117701:3)
    at Screen (http://hsrnekw-sharehost-8081.exp.direct/node_modules/expo-router/entry.bundle//&platform=ios&dev=true&hot=false&lazy=true&transform.engine=hermes&transform.bytecode=1&transform.routerRoot=app&unstable_transformProfile=hermes-stable:121993:73)
    at RNSScreen (<anonymous>)
    at Animated(Anonymous) (http://hsrnekw-sharehost-8081.exp.direct/node_modules/expo-router/entry.bundle//&platform=ios&dev=true&hot=false&lazy=true&transform.engine=hermes&transform.bytecode=1&transform.routerRoot=app&unstable_transformProfile=hermes-stable:68399:29)
    at Suspender (http://hsrnekw-sharehost-8081.exp.direct/node_modules/expo-router/entry.bundle//&platform=ios&dev=true&hot=false&lazy=true&transform.engine=hermes&transform.bytecode=1&transform.routerRoot=app&unstable_transformProfile=hermes-stable:123598:3)
    at Suspense (<anonymous>)
    at Freeze (http://hsrnekw-sharehost-8081.exp.direct/node_modules/expo-router/entry.bundle//&platform=ios&dev=true&hot=false&lazy=true&transform.engine=hermes&transform.bytecode=1&transform.routerRoot=app&unstable_transformProfile=hermes-stable:123609:3)
    at DelayedFreeze (http://hsrnekw-sharehost-8081.exp.direct/node_modules/expo-router/entry.bundle//&platform=ios&dev=true&hot=false&lazy=true&transform.engine=hermes&transform.bytecode=1&transform.routerRoot=app&unstable_transformProfile=hermes-stable:123565:3)
    at InnerScreen (http://hsrnekw-sharehost-8081.exp.direct/node_modules/expo-router/entry.bundle//&platform=ios&dev=true&hot=false&lazy=true&transform.engine=hermes&transform.bytecode=1&transform.routerRoot=app&unstable_transformProfile=hermes-stable:123302:40)
    at Screen (http://hsrnekw-sharehost-8081.exp.direct/node_modules/expo-router/entry.bundle//&platform=ios&dev=true&hot=false&lazy=true&transform.engine=hermes&transform.bytecode=1&transform.routerRoot=app&unstable_transformProfile=hermes-stable:123501:49)
    at MaybeScreen (http://hsrnekw-sharehost-8081.exp.direct/node_modules/expo-router/entry.bundle//&platform=ios&dev=true&hot=false&lazy=true&transform.engine=hermes&transform.bytecode=1&transform.routerRoot=app&unstable_transformProfile=hermes-stable:122967:3)
    at RNSScreenNavigationContainer (<anonymous>)
    at ScreenContainer (http://hsrnekw-sharehost-8081.exp.direct/node_modules/expo-router/entry.bundle//&platform=ios&dev=true&hot=false&lazy=true&transform.engine=hermes&transform.bytecode=1&transform.routerRoot=app&unstable_transformProfile=hermes-stable:125028:7)
    at MaybeScreenContainer (http://hsrnekw-sharehost-8081.exp.direct/node_modules/expo-router/entry.bundle//&platform=ios&dev=true&hot=false&lazy=true&transform.engine=hermes&transform.bytecode=1&transform.routerRoot=app&unstable_transformProfile=hermes-stable:122952:30)
    at RCTView (<anonymous>)
    at View (http://hsrnekw-sharehost-8081.exp.direct/node_modules/expo-router/entry.bundle//&platform=ios&dev=true&hot=false&lazy=true&transform.engine=hermes&transform.bytecode=1&transform.routerRoot=app&unstable_transformProfile=hermes-stable:58373:3)
    at FrameSizeProvider (http://hsrnekw-sharehost-8081.exp.direct/node_modules/expo-router/entry.bundle//&platform=ios&dev=true&hot=false&lazy=true&transform.engine=hermes&transform.bytecode=1&transform.routerRoot=app&unstable_transformProfile=hermes-stable:120446:3)
    at SafeAreaProviderCompat (http://hsrnekw-sharehost-8081.exp.direct/node_modules/expo-router/entry.bundle//&platform=ios&dev=true&hot=false&lazy=true&transform.engine=hermes&transform.bytecode=1&transform.routerRoot=app&unstable_transformProfile=hermes-stable:121892:3)
    at BottomTabView (http://hsrnekw-sharehost-8081.exp.direct/node_modules/expo-router/entry.bundle//&platform=ios&dev=true&hot=false&lazy=true&transform.engine=hermes&transform.bytecode=1&transform.routerRoot=app&unstable_transformProfile=hermes-stable:117108:7)
    at PreventRemoveProvider (http://hsrnekw-sharehost-8081.exp.direct/node_modules/expo-router/entry.bundle//&platform=ios&dev=true&hot=false&lazy=true&transform.engine=hermes&transform.bytecode=1&transform.routerRoot=app&unstable_transformProfile=hermes-stable:105716:3)
    at NavigationStateListenerProvider (http://hsrnekw-sharehost-8081.exp.direct/node_modules/expo-router/entry.bundle//&platform=ios&dev=true&hot=false&lazy=true&transform.engine=hermes&transform.bytecode=1&transform.routerRoot=app&unstable_transformProfile=hermes-stable:108392:3)
    at NavigationContent (http://hsrnekw-sharehost-8081.exp.direct/node_modules/expo-router/entry.bundle//&platform=ios&dev=true&hot=false&lazy=true&transform.engine=hermes&transform.bytecode=1&transform.routerRoot=app&unstable_transformProfile=hermes-stable:107144:27)
    at anonymous (http://hsrnekw-sharehost-8081.exp.direct/node_modules/expo-router/entry.bundle//&platform=ios&dev=true&hot=false&lazy=true&transform.engine=hermes&transform.bytecode=1&transform.routerRoot=app&unstable_transformProfile=hermes-stable:107159:25)
    at BottomTabNavigator (http://hsrnekw-sharehost-8081.exp.direct/node_modules/expo-router/entry.bundle//&platform=ios&dev=true&hot=false&lazy=true&transform.engine=hermes&transform.bytecode=1&transform.routerRoot=app&unstable_transformProfile=hermes-stable:116965:3)
    at anonymous (http://hsrnekw-sharehost-8081.exp.direct/node_modules/expo-router/entry.bundle//&platform=ios&dev=true&hot=false&lazy=true&transform.engine=hermes&transform.bytecode=1&transform.routerRoot=app&unstable_transformProfile=hermes-stable:99318:50)
    at TabLayout(./(tabs)/_layout.tsx) (http://hsrnekw-sharehost-8081.exp.direct/node_modules/expo-router/entry.bundle//&platform=ios&dev=true&hot=false&lazy=true&transform.engine=hermes&transform.bytecode=1&transform.routerRoot=app&unstable_transformProfile=hermes-stable:308670:44)
    at WrappedScreenComponent (http://hsrnekw-sharehost-8081.exp.direct/node_modules/expo-router/entry.bundle//&platform=ios&dev=true&hot=false&lazy=true&transform.engine=hermes&transform.bytecode=1&transform.routerRoot=app&unstable_transformProfile=hermes-stable:115922:49)
    at Suspense (<anonymous>)
    at ZoomTransitionTargetContextProvider (http://hsrnekw-sharehost-8081.exp.direct/node_modules/expo-router/entry.bundle//&platform=ios&dev=true&hot=false&lazy=true&transform.engine=hermes&transform.bytecode=1&transform.routerRoot=app&unstable_transformProfile=hermes-stable:116528:3)
    at Route (http://hsrnekw-sharehost-8081.exp.direct/node_modules/expo-router/entry.bundle//&platform=ios&dev=true&hot=false&lazy=true&transform.engine=hermes&transform.bytecode=1&transform.routerRoot=app&unstable_transformProfile=hermes-stable:98503:3)
    at Route((tabs)) (http://hsrnekw-sharehost-8081.exp.direct/node_modules/expo-router/entry.bundle//&platform=ios&dev=true&hot=false&lazy=true&transform.engine=hermes&transform.bytecode=1&transform.routerRoot=app&unstable_transformProfile=hermes-stable:115927:5)
    at StaticContainer (http://hsrnekw-sharehost-8081.exp.direct/node_modules/expo-router/entry.bundle//&platform=ios&dev=true&hot=false&lazy=true&transform.engine=hermes&transform.bytecode=1&transform.routerRoot=app&unstable_transformProfile=hermes-stable:107713:17)
    at EnsureSingleNavigator (http://hsrnekw-sharehost-8081.exp.direct/node_modules/expo-router/entry.bundle//&platform=ios&dev=true&hot=false&lazy=true&transform.engine=hermes&transform.bytecode=1&transform.routerRoot=app&unstable_transformProfile=hermes-stable:102113:3)
    at SceneView (http://hsrnekw-sharehost-8081.exp.direct/node_modules/expo-router/entry.bundle//&platform=ios&dev=true&hot=false&lazy=true&transform.engine=hermes&transform.bytecode=1&transform.routerRoot=app&unstable_transformProfile=hermes-stable:107491:3)
    at NavigationProvider (http://hsrnekw-sharehost-8081.exp.direct/node_modules/expo-router/entry.bundle//&platform=ios&dev=true&hot=false&lazy=true&transform.engine=hermes&transform.bytecode=1&transform.routerRoot=app&unstable_transformProfile=hermes-stable:105391:3)
    at RNSScreenContentWrapper (<anonymous>)
    at ScreenContentWrapper (<anonymous>)
    at DebugContainer (http://hsrnekw-sharehost-8081.exp.direct/node_modules/expo-router/entry.bundle//&platform=ios&dev=true&hot=false&lazy=true&transform.engine=hermes&transform.bytecode=1&transform.routerRoot=app&unstable_transformProfile=hermes-stable:125563:9)
    at RNSScreen (<anonymous>)
    at Animated(Anonymous) (http://hsrnekw-sharehost-8081.exp.direct/node_modules/expo-router/entry.bundle//&platform=ios&dev=true&hot=false&lazy=true&transform.engine=hermes&transform.bytecode=1&transform.routerRoot=app&unstable_transformProfile=hermes-stable:68399:29)
    at Suspender (http://hsrnekw-sharehost-8081.exp.direct/node_modules/expo-router/entry.bundle//&platform=ios&dev=true&hot=false&lazy=true&transform.engine=hermes&transform.bytecode=1&transform.routerRoot=app&unstable_transformProfile=hermes-stable:123598:3)
    at Suspense (<anonymous>)
    at Freeze (http://hsrnekw-sharehost-8081.exp.direct/node_modules/expo-router/entry.bundle//&platform=ios&dev=true&hot=false&lazy=true&transform.engine=hermes&transform.bytecode=1&transform.routerRoot=app&unstable_transformProfile=hermes-stable:123609:3)
    at DelayedFreeze (http://hsrnekw-sharehost-8081.exp.direct/node_modules/expo-router/entry.bundle//&platform=ios&dev=true&hot=false&lazy=true&transform.engine=hermes&transform.bytecode=1&transform.routerRoot=app&unstable_transformProfile=hermes-stable:123565:3)
    at InnerScreen (http://hsrnekw-sharehost-8081.exp.direct/node_modules/expo-router/entry.bundle//&platform=ios&dev=true&hot=false&lazy=true&transform.engine=hermes&transform.bytecode=1&transform.routerRoot=app&unstable_transformProfile=hermes-stable:123302:40)
    at Screen (http://hsrnekw-sharehost-8081.exp.direct/node_modules/expo-router/entry.bundle//&platform=ios&dev=true&hot=false&lazy=true&transform.engine=hermes&transform.bytecode=1&transform.routerRoot=app&unstable_transformProfile=hermes-stable:123501:49)
    at ScreenStackItem (http://hsrnekw-sharehost-8081.exp.direct/node_modules/expo-router/entry.bundle//&platform=ios&dev=true&hot=false&lazy=true&transform.engine=hermes&transform.bytecode=1&transform.routerRoot=app&unstable_transformProfile=hermes-stable:125330:3)
    at NavigationProvider (http://hsrnekw-sharehost-8081.exp.direct/node_modules/expo-router/entry.bundle//&platform=ios&dev=true&hot=false&lazy=true&transform.engine=hermes&transform.bytecode=1&transform.routerRoot=app&unstable_transformProfile=hermes-stable:105391:3)
    at SceneView (http://hsrnekw-sharehost-8081.exp.direct/node_modules/expo-router/entry.bundle//&platform=ios&dev=true&hot=false&lazy=true&transform.engine=hermes&transform.bytecode=1&transform.routerRoot=app&unstable_transformProfile=hermes-stable:133177:19)
    at RNSScreenStack (<anonymous>)
    at anonymous (http://hsrnekw-sharehost-8081.exp.direct/node_modules/expo-router/entry.bundle//&platform=ios&dev=true&hot=false&lazy=true&transform.engine=hermes&transform.bytecode=1&transform.routerRoot=app&unstable_transformProfile=hermes-stable:125217:20)
    at ScreenStack (http://hsrnekw-sharehost-8081.exp.direct/node_modules/expo-router/entry.bundle//&platform=ios&dev=true&hot=false&lazy=true&transform.engine=hermes&transform.bytecode=1&transform.routerRoot=app&unstable_transformProfile=hermes-stable:125150:7)
    at RCTView (<anonymous>)
    at View (http://hsrnekw-sharehost-8081.exp.direct/node_modules/expo-router/entry.bundle//&platform=ios&dev=true&hot=false&lazy=true&transform.engine=hermes&transform.bytecode=1&transform.routerRoot=app&unstable_transformProfile=hermes-stable:58373:3)
    at FrameSizeProvider (http://hsrnekw-sharehost-8081.exp.direct/node_modules/expo-router/entry.bundle//&platform=ios&dev=true&hot=false&lazy=true&transform.engine=hermes&transform.bytecode=1&transform.routerRoot=app&unstable_transformProfile=hermes-stable:120446:3)
    at SafeAreaProviderCompat (http://hsrnekw-sharehost-8081.exp.direct/node_modules/expo-router/entry.bundle//&platform=ios&dev=true&hot=false&lazy=true&transform.engine=hermes&transform.bytecode=1&transform.routerRoot=app&unstable_transformProfile=hermes-stable:121892:3)
    at NativeStackView (http://hsrnekw-sharehost-8081.exp.direct/node_modules/expo-router/entry.bundle//&platform=ios&dev=true&hot=false&lazy=true&transform.engine=hermes&transform.bytecode=1&transform.routerRoot=app&unstable_transformProfile=hermes-stable:133492:3)
    at PreventRemoveProvider (http://hsrnekw-sharehost-8081.exp.direct/node_modules/expo-router/entry.bundle//&platform=ios&dev=true&hot=false&lazy=true&transform.engine=hermes&transform.bytecode=1&transform.routerRoot=app&unstable_transformProfile=hermes-stable:105716:3)
    at NavigationStateListenerProvider (http://hsrnekw-sharehost-8081.exp.direct/node_modules/expo-router/entry.bundle//&platform=ios&dev=true&hot=false&lazy=true&transform.engine=hermes&transform.bytecode=1&transform.routerRoot=app&unstable_transformProfile=hermes-stable:108392:3)
    at NavigationContent (http://hsrnekw-sharehost-8081.exp.direct/node_modules/expo-router/entry.bundle//&platform=ios&dev=true&hot=false&lazy=true&transform.engine=hermes&transform.bytecode=1&transform.routerRoot=app&unstable_transformProfile=hermes-stable:107144:27)
    at anonymous (http://hsrnekw-sharehost-8081.exp.direct/node_modules/expo-router/entry.bundle//&platform=ios&dev=true&hot=false&lazy=true&transform.engine=hermes&transform.bytecode=1&transform.routerRoot=app&unstable_transformProfile=hermes-stable:107159:25)
    at NativeStackNavigator (http://hsrnekw-sharehost-8081.exp.direct/node_modules/expo-router/entry.bundle//&platform=ios&dev=true&hot=false&lazy=true&transform.engine=hermes&transform.bytecode=1&transform.routerRoot=app&unstable_transformProfile=hermes-stable:132537:3)
    at anonymous (http://hsrnekw-sharehost-8081.exp.direct/node_modules/expo-router/entry.bundle//&platform=ios&dev=true&hot=false&lazy=true&transform.engine=hermes&transform.bytecode=1&transform.routerRoot=app&unstable_transformProfile=hermes-stable:99318:50)
    at anonymous (http://hsrnekw-sharehost-8081.exp.direct/node_modules/expo-router/entry.bundle//&platform=ios&dev=true&hot=false&lazy=true&transform.engine=hermes&transform.bytecode=1&transform.routerRoot=app&unstable_transformProfile=hermes-stable:99073:56)
    at RootLayoutNav (http://hsrnekw-sharehost-8081.exp.direct/node_modules/expo-router/entry.bundle//&platform=ios&dev=true&hot=false&lazy=true&transform.engine=hermes&transform.bytecode=1&transform.routerRoot=app&unstable_transformProfile=hermes-stable:345526:48)
    at RCTView (<anonymous>)
    at View (http://hsrnekw-sharehost-8081.exp.direct/node_modules/expo-router/entry.bundle//&platform=ios&dev=true&hot=false&lazy=true&transform.engine=hermes&transform.bytecode=1&transform.routerRoot=app&unstable_transformProfile=hermes-stable:58373:3)
    at KeyboardAvoidingView (http://hsrnekw-sharehost-8081.exp.direct/node_modules/expo-router/entry.bundle//&platform=ios&dev=true&hot=false&lazy=true&transform.engine=hermes&transform.bytecode=1&transform.routerRoot=app&unstable_transformProfile=hermes-stable:74629:12)
    at RCTView (<anonymous>)
    at View (http://hsrnekw-sharehost-8081.exp.direct/node_modules/expo-router/entry.bundle//&platform=ios&dev=true&hot=false&lazy=true&transform.engine=hermes&transform.bytecode=1&transform.routerRoot=app&unstable_transformProfile=hermes-stable:58373:3)
    at RootLayoutNavWithTheme (http://hsrnekw-sharehost-8081.exp.direct/node_modules/expo-router/entry.bundle//&platform=ios&dev=true&hot=false&lazy=true&transform.engine=hermes&transform.bytecode=1&transform.routerRoot=app&unstable_transformProfile=hermes-stable:345638:44)
    at AppErrorBoundary (http://hsrnekw-sharehost-8081.exp.direct/node_modules/expo-router/entry.bundle//&platform=ios&dev=true&hot=false&lazy=true&transform.engine=hermes&transform.bytecode=1&transform.routerRoot=app&unstable_transformProfile=hermes-stable:400550:3)
    at anonymous (http://hsrnekw-sharehost-8081.exp.direct/node_modules/expo-router/entry.bundle//&platform=ios&dev=true&hot=false&lazy=true&transform.engine=hermes&transform.bytecode=1&transform.routerRoot=app&unstable_transformProfile=hermes-stable:267995:13)
    at OrdersProvider (http://hsrnekw-sharehost-8081.exp.direct/node_modules/expo-router/entry.bundle//&platform=ios&dev=true&hot=false&lazy=true&transform.engine=hermes&transform.bytecode=1&transform.routerRoot=app&unstable_transformProfile=hermes-stable:337372:3)
    at anonymous (http://hsrnekw-sharehost-8081.exp.direct/node_modules/expo-router/entry.bundle//&platform=ios&dev=true&hot=false&lazy=true&transform.engine=hermes&transform.bytecode=1&transform.routerRoot=app&unstable_transformProfile=hermes-stable:267995:13)
    at anonymous (http://hsrnekw-sharehost-8081.exp.direct/node_modules/expo-router/entry.bundle//&platform=ios&dev=true&hot=false&lazy=true&transform.engine=hermes&transform.bytecode=1&transform.routerRoot=app&unstable_transformProfile=hermes-stable:267995:13)
    at anonymous (http://hsrnekw-sharehost-8081.exp.direct/node_modules/expo-router/entry.bundle//&platform=ios&dev=true&hot=false&lazy=true&transform.engine=hermes&transform.bytecode=1&transform.routerRoot=app&unstable_transformProfile=hermes-stable:267995:13)
    at anonymous (http://hsrnekw-sharehost-8081.exp.direct/node_modules/expo-router/entry.bundle//&platform=ios&dev=true&hot=false&lazy=true&transform.engine=hermes&transform.bytecode=1&transform.routerRoot=app&unstable_transformProfile=hermes-stable:267995:13)
    at PlanProvider (http://hsrnekw-sharehost-8081.exp.direct/node_modules/expo-router/entry.bundle//&platform=ios&dev=true&hot=false&lazy=true&transform.engine=hermes&transform.bytecode=1&transform.routerRoot=app&unstable_transformProfile=hermes-stable:325073:3)
    at RoomProvider (http://hsrnekw-sharehost-8081.exp.direct/node_modules/expo-router/entry.bundle//&platform=ios&dev=true&hot=false&lazy=true&transform.engine=hermes&transform.bytecode=1&transform.routerRoot=app&unstable_transformProfile=hermes-stable:321550:3)
    at ServiceRequestProvider (http://hsrnekw-sharehost-8081.exp.direct/node_modules/expo-router/entry.bundle//&platform=ios&dev=true&hot=false&lazy=true&transform.engine=hermes&transform.bytecode=1&transform.routerRoot=app&unstable_transformProfile=hermes-stable:308294:3)
    at SkillProvider (http://hsrnekw-sharehost-8081.exp.direct/node_modules/expo-router/entry.bundle//&platform=ios&dev=true&hot=false&lazy=true&transform.engine=hermes&transform.bytecode=1&transform.routerRoot=app&unstable_transformProfile=hermes-stable:307902:3)
    at BundleProvider (http://hsrnekw-sharehost-8081.exp.direct/node_modules/expo-router/entry.bundle//&platform=ios&dev=true&hot=false&lazy=true&transform.engine=hermes&transform.bytecode=1&transform.routerRoot=app&unstable_transformProfile=hermes-stable:294771:3)
    at anonymous (http://hsrnekw-sharehost-8081.exp.direct/node_modules/expo-router/entry.bundle//&platform=ios&dev=true&hot=false&lazy=true&transform.engine=hermes&transform.bytecode=1&transform.routerRoot=app&unstable_transformProfile=hermes-stable:267995:13)
    at anonymous (http://hsrnekw-sharehost-8081.exp.direct/node_modules/expo-router/entry.bundle//&platform=ios&dev=true&hot=false&lazy=true&transform.engine=hermes&transform.bytecode=1&transform.routerRoot=app&unstable_transformProfile=hermes-stable:267995:13)
    at UserPostsProvider (http://hsrnekw-sharehost-8081.exp.direct/node_modules/expo-router/entry.bundle//&platform=ios&dev=true&hot=false&lazy=true&transform.engine=hermes&transform.bytecode=1&transform.routerRoot=app&unstable_transformProfile=hermes-stable:317249:3)
    at anonymous (http://hsrnekw-sharehost-8081.exp.direct/node_modules/expo-router/entry.bundle//&platform=ios&dev=true&hot=false&lazy=true&transform.engine=hermes&transform.bytecode=1&transform.routerRoot=app&unstable_transformProfile=hermes-stable:267995:13)
    at anonymous (http://hsrnekw-sharehost-8081.exp.direct/node_modules/expo-router/entry.bundle//&platform=ios&dev=true&hot=false&lazy=true&transform.engine=hermes&transform.bytecode=1&transform.routerRoot=app&unstable_transformProfile=hermes-stable:267995:13)
    at anonymous (http://hsrnekw-sharehost-8081.exp.direct/node_modules/expo-router/entry.bundle//&platform=ios&dev=true&hot=false&lazy=true&transform.engine=hermes&transform.bytecode=1&transform.routerRoot=app&unstable_transformProfile=hermes-stable:267995:13)
    at RNCSafeAreaProvider (<anonymous>)
    at SafeAreaProvider (http://hsrnekw-sharehost-8081.exp.direct/node_modules/expo-router/entry.bundle//&platform=ios&dev=true&hot=false&lazy=true&transform.engine=hermes&transform.bytecode=1&transform.routerRoot=app&unstable_transformProfile=hermes-stable:98116:3)
    at RCTView (<anonymous>)
    at View (http://hsrnekw-sharehost-8081.exp.direct/node_modules/expo-router/entry.bundle//&platform=ios&dev=true&hot=false&lazy=true&transform.engine=hermes&transform.bytecode=1&transform.routerRoot=app&unstable_transformProfile=hermes-stable:58373:3)
    at GestureHandlerRootView (http://hsrnekw-sharehost-8081.exp.direct/node_modules/expo-router/entry.bundle//&platform=ios&dev=true&hot=false&lazy=true&transform.engine=hermes&transform.bytecode=1&transform.routerRoot=app&unstable_transformProfile=hermes-stable:390702:3)
    at QueryClientProvider (http://hsrnekw-sharehost-8081.exp.direct/node_modules/expo-router/entry.bundle//&platform=ios&dev=true&hot=false&lazy=true&transform.engine=hermes&transform.bytecode=1&transform.routerRoot=app&unstable_transformProfile=hermes-stable:272922:29)
    at TRPCProvider (http://hsrnekw-sharehost-8081.exp.direct/node_modules/expo-router/entry.bundle//&platform=ios&dev=true&hot=false&lazy=true&transform.engine=hermes&transform.bytecode=1&transform.routerRoot=app&unstable_transformProfile=hermes-stable:300481:9)
    at ProviderErrorBoundary (http://hsrnekw-sharehost-8081.exp.direct/node_modules/expo-router/entry.bundle//&platform=ios&dev=true&hot=false&lazy=true&transform.engine=hermes&transform.bytecode=1&transform.routerRoot=app&unstable_transformProfile=hermes-stable:345671:12)
    at RootLayout(./_layout.tsx) (http://hsrnekw-sharehost-8081.exp.direct/node_modules/expo-router/entry.bundle//&platform=ios&dev=true&hot=false&lazy=true&transform.engine=hermes&transform.bytecode=1&transform.routerRoot=app&unstable_transformProfile=hermes-stable:345740:26)
    at WrappedScreenComponent (http://hsrnekw-sharehost-8081.exp.direct/node_modules/expo-router/entry.bundle//&platform=ios&dev=true&hot=false&lazy=true&transform.engine=hermes&transform.bytecode=1&transform.routerRoot=app&unstable_transformProfile=hermes-stable:115922:49)
    at Suspense (<anonymous>)
    at ZoomTransitionTargetContextProvider (http://hsrnekw-sharehost-8081.exp.direct/node_modules/expo-router/entry.bundle//&platform=ios&dev=true&hot=false&lazy=true&transform.engine=hermes&transform.bytecode=1&transform.routerRoot=app&unstable_transformProfile=hermes-stable:116528:3)
    at Route (http://hsrnekw-sharehost-8081.exp.direct/node_modules/expo-router/entry.bundle//&platform=ios&dev=true&hot=false&lazy=true&transform.engine=hermes&transform.bytecode=1&transform.routerRoot=app&unstable_transformProfile=hermes-stable:98503:3)
    at Route() (http://hsrnekw-sharehost-8081.exp.direct/node_modules/expo-router/entry.bundle//&platform=ios&dev=true&hot=false&lazy=true&transform.engine=hermes&transform.bytecode=1&transform.routerRoot=app&unstable_transformProfile=hermes-stable:115927:5)
    at StaticContainer (http://hsrnekw-sharehost-8081.exp.direct/node_modules/expo-router/entry.bundle//&platform=ios&dev=true&hot=false&lazy=true&transform.engine=hermes&transform.bytecode=1&transform.routerRoot=app&unstable_transformProfile=hermes-stable:107713:17)
    at EnsureSingleNavigator (http://hsrnekw-sharehost-8081.exp.direct/node_modules/expo-router/entry.bundle//&platform=ios&dev=true&hot=false&lazy=true&transform.engine=hermes&transform.bytecode=1&transform.routerRoot=app&unstable_transformProfile=hermes-stable:102113:3)
    at SceneView (http://hsrnekw-sharehost-8081.exp.direct/node_modules/expo-router/entry.bundle//&platform=ios&dev=true&hot=false&lazy=true&transform.engine=hermes&transform.bytecode=1&transform.routerRoot=app&unstable_transformProfile=hermes-stable:107491:3)
    at NavigationProvider (http://hsrnekw-sharehost-8081.exp.direct/node_modules/expo-router/entry.bundle//&platform=ios&dev=true&hot=false&lazy=true&transform.engine=hermes&transform.bytecode=1&transform.routerRoot=app&unstable_transformProfile=hermes-stable:105391:3)
    at PreventRemoveProvider (http://hsrnekw-sharehost-8081.exp.direct/node_modules/expo-router/entry.bundle//&platform=ios&dev=true&hot=false&lazy=true&transform.engine=hermes&transform.bytecode=1&transform.routerRoot=app&unstable_transformProfile=hermes-stable:105716:3)
    at NavigationStateListenerProvider (http://hsrnekw-sharehost-8081.exp.direct/node_modules/expo-router/entry.bundle//&platform=ios&dev=true&hot=false&lazy=true&transform.engine=hermes&transform.bytecode=1&transform.routerRoot=app&unstable_transformProfile=hermes-stable:108392:3)
    at NavigationContent (http://hsrnekw-sharehost-8081.exp.direct/node_modules/expo-router/entry.bundle//&platform=ios&dev=true&hot=false&lazy=true&transform.engine=hermes&transform.bytecode=1&transform.routerRoot=app&unstable_transformProfile=hermes-stable:107144:27)
    at anonymous (http://hsrnekw-sharehost-8081.exp.direct/node_modules/expo-router/entry.bundle//&platform=ios&dev=true&hot=false&lazy=true&transform.engine=hermes&transform.bytecode=1&transform.routerRoot=app&unstable_transformProfile=hermes-stable:107159:25)
    at Content (http://hsrnekw-sharehost-8081.exp.direct/node_modules/expo-router/entry.bundle//&platform=ios&dev=true&hot=false&lazy=true&transform.engine=hermes&transform.bytecode=1&transform.routerRoot=app&unstable_transformProfile=hermes-stable:136774:43)
    at RNCSafeAreaProvider (<anonymous>)
    at SafeAreaProvider (http://hsrnekw-sharehost-8081.exp.direct/node_modules/expo-router/entry.bundle//&platform=ios&dev=true&hot=false&lazy=true&transform.engine=hermes&transform.bytecode=1&transform.routerRoot=app&unstable_transformProfile=hermes-stable:98116:3)
    at LinkPreviewContextProvider (http://hsrnekw-sharehost-8081.exp.direct/node_modules/expo-router/entry.bundle//&platform=ios&dev=true&hot=false&lazy=true&transform.engine=hermes&transform.bytecode=1&transform.routerRoot=app&unstable_transformProfile=hermes-stable:130350:3)
    at anonymous (http://hsrnekw-sharehost-8081.exp.direct/node_modules/expo-router/entry.bundle//&platform=ios&dev=true&hot=false&lazy=true&transform.engine=hermes&transform.bytecode=1&transform.routerRoot=app&unstable_transformProfile=hermes-stable:136666:46)
    at ThemeProvider (http://hsrnekw-sharehost-8081.exp.direct/node_modules/expo-router/entry.bundle//&platform=ios&dev=true&hot=false&lazy=true&transform.engine=hermes&transform.bytecode=1&transform.routerRoot=app&unstable_transformProfile=hermes-stable:102608:3)
    at EnsureSingleNavigator (http://hsrnekw-sharehost-8081.exp.direct/node_modules/expo-router/entry.bundle//&platform=ios&dev=true&hot=false&lazy=true&transform.engine=hermes&transform.bytecode=1&transform.routerRoot=app&unstable_transformProfile=hermes-stable:102113:3)
    at BaseNavigationContainer (http://hsrnekw-sharehost-8081.exp.direct/node_modules/expo-router/entry.bundle//&platform=ios&dev=true&hot=false&lazy=true&transform.engine=hermes&transform.bytecode=1&transform.routerRoot=app&unstable_transformProfile=hermes-stable:100309:3)
    at NavigationContainerInner (http://hsrnekw-sharehost-8081.exp.direct/node_modules/expo-router/entry.bundle//&platform=ios&dev=true&hot=false&lazy=true&transform.engine=hermes&transform.bytecode=1&transform.routerRoot=app&unstable_transformProfile=hermes-stable:136946:3)
    at ContextNavigator (http://hsrnekw-sharehost-8081.exp.direct/node_modules/expo-router/entry.bundle//&platform=ios&dev=true&hot=false&lazy=true&transform.engine=hermes&transform.bytecode=1&transform.routerRoot=app&unstable_transformProfile=hermes-stable:136692:3)
    at ExpoRoot (http://hsrnekw-sharehost-8081.exp.direct/node_modules/expo-router/entry.bundle//&platform=ios&dev=true&hot=false&lazy=true&transform.engine=hermes&transform.bytecode=1&transform.routerRoot=app&unstable_transformProfile=hermes-stable:136656:3)
    at App (<anonymous>)
    at withDevTools(App) (http://hsrnekw-sharehost-8081.exp.direct/node_modules/expo-router/entry.bundle//&platform=ios&dev=true&hot=false&lazy=true&transform.engine=hermes&transform.bytecode=1&transform.routerRoot=app&unstable_transformProfile=hermes-stable:92579:27)
    at RCTView (<anonymous>)
    at View (http://hsrnekw-sharehost-8081.exp.direct/node_modules/expo-router/entry.bundle//&platform=ios&dev=true&hot=false&lazy=true&transform.engine=hermes&transform.bytecode=1&transform.routerRoot=app&unstable_transformProfile=hermes-stable:58373:3)
    at RCTView (<anonymous>)
    at View (http://hsrnekw-sharehost-8081.exp.direct/node_modules/expo-router/entry.bundle//&platform=ios&dev=true&hot=false&lazy=true&transform.engine=hermes&transform.bytecode=1&transform.routerRoot=app&unstable_transformProfile=hermes-stable:58373:3)
    at AppContainer (http://hsrnekw-sharehost-8081.exp.direct/node_modules/expo-router/entry.bundle//&platform=ios&dev=true&hot=false&lazy=true&transform.engine=hermes&transform.bytecode=1&transform.routerRoot=app&unstable_transformProfile=hermes-stable:58182:22)
    at main(RootComponent) (http://hsrnekw-sharehost-8081.exp.direct/node_modules/expo-router/entry.bundle//&platform=ios&dev=true&hot=false&lazy=true&transform.engine=hermes&transform.bytecode=1&transform.routerRoot=app&unstable_transformProfile=hermes-stable:81696:34)"}}
 INFO  [2026-09-10T00:18:31.310Z] [INFO] [RootLayout] Navigation check {"currentSegment": "", "hasInitialized": false, "isAuthenticated": true, "onboardingCompleted": true}
 INFO  [2026-09-10T00:18:31.312Z] [INFO] [RootLayout] Navigating to {"targetRoute": "/(tabs)/(home)"}
 INFO  [2026-09-10T00:18:31.322Z] [INFO] [RootLayout] Navigation check {"currentSegment": "welcome", "hasInitialized": false, "isAuthenticated": true, "onboardingCompleted": true}
 INFO  [2026-09-10T00:18:31.323Z] [INFO] [RootLayout] Navigating to {"targetRoute": "/(tabs)/(home)"}
 LOG  Grid load: ["grabbedBundles"]
 LOG  Grid load: {"bundles": "recommend", "grabbedCount": 0}
 INFO  [2026-09-10T00:18:31.397Z] [INFO] [RootLayout] Navigation check {"currentSegment": "(tabs)", "hasInitialized": true, "isAuthenticated": true, "onboardingCompleted": true}
 ERROR  Grabbed bundles error: {"code": "42703", "details": null, "hint": null, "message": "column job_requests.proposed_budget does not exist"} 

Code: index.tsx
[0m [90m 1342 |[39m             [36mreturn[39m [][33m;[39m
 [90m 1343 |[39m           }
[31m[1m>[22m[39m[90m 1344 |[39m           console[33m.[39merror([32m'Grabbed bundles error:'[39m[33m,[39m error)[33m;[39m
 [90m      |[39m                        [31m[1m^[22m[39m
 [90m 1345 |[39m           [36mreturn[39m [][33m;[39m
 [90m 1346 |[39m         }
 [90m 1347 |[39m[0m
Call Stack
  useQuery$argument_0.queryFn (app/(tabs)/(home)/index.tsx:1344:24)
 INFO  [2026-09-10T00:18:42.568Z] [INFO] [RootLayout] Navigation check {"currentSegment": "(tabs)", "hasInitialized": true, "isAuthenticated": true, "onboardingCompleted": true}
 LOG  [Profile] Error fetching grabbed bundles: column job_requests.proposed_budget does not exist
 INFO  [2026-09-10T00:18:47.118Z] [INFO] [RootLayout] Navigation check {"currentSegment": "(tabs)", "hasInitialized": true, "isAuthenticated": true, "onboardingCompleted": true}
 ERROR  [Error: Cannot find native module 'ExponentAV'] 

Code: audio-relay.ts
[0m [90m 12 |[39m [90m */[39m
 [90m 13 |[39m
[31m[1m>[22m[39m[90m 14 |[39m [36mimport[39m { [33mAudio[39m } [36mfrom[39m [32m'expo-av'[39m[33m;[39m
 [90m    |[39m [31m[1m^[22m[39m
 [90m 15 |[39m [36mimport[39m { [33mPlatform[39m } [36mfrom[39m [32m'react-native'[39m[33m;[39m
 [90m 16 |[39m
 [90m 17 |[39m [90m// ── Types ──[39m[0m
Call Stack
  <global> (lib/audio-relay.ts:14)
  <global> (hooks/useLiveAudio.ts:10)
  <global> (app/(tabs)/live/room/[roomId].tsx:25) 

Code: _layout.tsx
[0m [90m 4 |[39m [36mexport[39m [36mdefault[39m [36mfunction[39m [33mFeedLayout[39m() {
 [90m 5 |[39m   [36mreturn[39m (
[31m[1m>[22m[39m[90m 6 |[39m     [33m<[39m[33mStack[39m screenOptions[33m=[39m{{ headerShown[33m:[39m [36mfalse[39m }}[33m>[39m
 [90m   |[39m     [31m[1m^[22m[39m
 [90m 7 |[39m       [33m<[39m[33mStack[39m[33m.[39m[33mScreen[39m name[33m=[39m[32m"index"[39m [33m/[39m[33m>[39m
 [90m 8 |[39m     [33m<[39m[33m/[39m[33mStack[39m[33m>[39m
 [90m 9 |[39m   )[33m;[39m[0m
Call Stack
  FeedLayout (app/(tabs)/feed/_layout.tsx:6:5)
  TabLayout (app/(tabs)/_layout.tsx:19:5)
  RootLayoutNav (app/_layout.tsx:108:5)
  RootLayoutNavWithTheme (app/_layout.tsx:146:11)
  RootLayout (app/_layout.tsx:231:47)
 LOG  [DB] Deleting post: bb95ff83-1ae5-4f68-b2c3-2cf536eb5ca5
 INFO  [2026-09-10T00:18:59.217Z] [INFO] [SocialContext] Deleted post {"postId": "bb95ff83-1ae5-4f68-b2c3-2cf536eb5ca5"}
 INFO  [2026-09-10T00:18:59.325Z] [INFO] [SocialContext] Social interaction state is in-memory only
 INFO  [2026-09-10T00:18:59.325Z] [INFO] [SocialContext] User posts are loaded from Supabase posts table
 INFO  [2026-09-10T00:18:59.417Z] [INFO] [SocialContext] Deleted post from Supabase {"postId": "bb95ff83-1ae5-4f68-b2c3-2cf536eb5ca5"}
 LOG  [DB] Fetching posts...
 LOG  [DB] Fetched posts: 21
 INFO  [2026-09-10T00:18:59.560Z] [INFO] [SocialContext] Fetched posts from Supabase {"length": 21}
 LOG  [DB] Fetching users...
 LOG  [DB] Fetched users: 10
 INFO  [2026-09-10T00:18:59.849Z] [INFO] [SocialContext] Built default state for {"length": 21}
 INFO  [2026-09-10T00:18:59.850Z] [INFO] [SocialContext] Merged persisted interactions {"merged": 23}
 LOG  [DB] Deleting post: 8cdf661b-4821-4814-8156-fd640ca163a0
 INFO  [2026-09-10T00:19:03.424Z] [INFO] [SocialContext] Deleted post {"postId": "8cdf661b-4821-4814-8156-fd640ca163a0"}
 INFO  [2026-09-10T00:19:03.518Z] [INFO] [SocialContext] Social interaction state is in-memory only
 INFO  [2026-09-10T00:19:03.518Z] [INFO] [SocialContext] User posts are loaded from Supabase posts table
 INFO  [2026-09-10T00:19:03.722Z] [INFO] [SocialContext] Deleted post from Supabase {"postId": "8cdf661b-4821-4814-8156-fd640ca163a0"}
 LOG  [DB] Fetching posts...
 LOG  [DB] Fetched posts: 20
 INFO  [2026-09-10T00:19:03.861Z] [INFO] [SocialContext] Fetched posts from Supabase {"length": 20}
 LOG  [DB] Fetching users...
 LOG  [DB] Fetched users: 10
 INFO  [2026-09-10T00:19:04.183Z] [INFO] [SocialContext] Built default state for {"length": 20}
 INFO  [2026-09-10T00:19:04.184Z] [INFO] [SocialContext] Merged persisted interactions {"merged": 22}
 LOG  [DB] Deleting post: 2ce42864-421a-4b9f-8ea7-7bc4029dafba
 INFO  [2026-09-10T00:19:06.801Z] [INFO] [SocialContext] Deleted post {"postId": "2ce42864-421a-4b9f-8ea7-7bc4029dafba"}
 INFO  [2026-09-10T00:19:06.900Z] [INFO] [SocialContext] Social interaction state is in-memory only
 INFO  [2026-09-10T00:19:06.900Z] [INFO] [SocialContext] User posts are loaded from Supabase posts table
 INFO  [2026-09-10T00:19:06.984Z] [INFO] [SocialContext] Deleted post from Supabase {"postId": "2ce42864-421a-4b9f-8ea7-7bc4029dafba"}
 LOG  [DB] Fetching posts...
 LOG  [DB] Fetched posts: 19
 INFO  [2026-09-10T00:19:07.152Z] [INFO] [SocialContext] Fetched posts from Supabase {"length": 19}
 LOG  [DB] Fetching users...
 LOG  [DB] Fetched users: 10
 INFO  [2026-09-10T00:19:07.506Z] [INFO] [SocialContext] Built default state for {"length": 19}
 INFO  [2026-09-10T00:19:07.507Z] [INFO] [SocialContext] Merged persisted interactions {"merged": 21}
 LOG  [DB] Deleting post: 6342ecbe-0d31-469b-a696-b0b608eec1fd
 INFO  [2026-09-10T00:19:10.837Z] [INFO] [SocialContext] Deleted post {"postId": "6342ecbe-0d31-469b-a696-b0b608eec1fd"}
 INFO  [2026-09-10T00:19:10.944Z] [INFO] [SocialContext] Social interaction state is in-memory only
 INFO  [2026-09-10T00:19:10.945Z] [INFO] [SocialContext] User posts are loaded from Supabase posts table
 INFO  [2026-09-10T00:19:11.104Z] [INFO] [SocialContext] Deleted post from Supabase {"postId": "6342ecbe-0d31-469b-a696-b0b608eec1fd"}
 LOG  [DB] Fetching posts...
 LOG  [DB] Fetched posts: 18
 INFO  [2026-09-10T00:19:11.244Z] [INFO] [SocialContext] Fetched posts from Supabase {"length": 18}
 LOG  [DB] Fetching users...
 LOG  [DB] Fetched users: 10
 INFO  [2026-09-10T00:19:11.507Z] [INFO] [SocialContext] Built default state for {"length": 18}
 INFO  [2026-09-10T00:19:11.508Z] [INFO] [SocialContext] Merged persisted interactions {"merged": 20}
 LOG  [DB] Deleting post: 5c5a5efb-1b4b-4807-bd0d-0d8b6d5b8d02
 INFO  [2026-09-10T00:19:15.421Z] [INFO] [SocialContext] Deleted post {"postId": "5c5a5efb-1b4b-4807-bd0d-0d8b6d5b8d02"}
 INFO  [2026-09-10T00:19:15.519Z] [INFO] [SocialContext] Social interaction state is in-memory only
 INFO  [2026-09-10T00:19:15.520Z] [INFO] [SocialContext] User posts are loaded from Supabase posts table
 INFO  [2026-09-10T00:19:15.602Z] [INFO] [SocialContext] Deleted post from Supabase {"postId": "5c5a5efb-1b4b-4807-bd0d-0d8b6d5b8d02"}
 LOG  [DB] Fetching posts...
 LOG  [DB] Fetched posts: 18
 INFO  [2026-09-10T00:19:15.727Z] [INFO] [SocialContext] Fetched posts from Supabase {"length": 18}
 LOG  [DB] Fetching users...
 LOG  [DB] Fetched users: 10
 LOG  [DB] Deleting post: 6a4870a3-e93f-4688-821a-2cd6469021e3
 INFO  [2026-09-10T00:19:18.646Z] [INFO] [SocialContext] Deleted post {"postId": "6a4870a3-e93f-4688-821a-2cd6469021e3"}
 INFO  [2026-09-10T00:19:18.746Z] [INFO] [SocialContext] Social interaction state is in-memory only
 INFO  [2026-09-10T00:19:18.746Z] [INFO] [SocialContext] User posts are loaded from Supabase posts table
 INFO  [2026-09-10T00:19:18.852Z] [INFO] [SocialContext] Deleted post from Supabase {"postId": "6a4870a3-e93f-4688-821a-2cd6469021e3"}
 LOG  [DB] Fetching posts...
 LOG  [DB] Fetched posts: 18
 INFO  [2026-09-10T00:19:18.985Z] [INFO] [SocialContext] Fetched posts from Supabase {"length": 18}
 LOG  [DB] Fetching users...
 LOG  [DB] Fetched users: 10
 LOG  [DB] Deleting post: ccd71675-48a4-487a-a3eb-e32ab661ffbc
 INFO  [2026-09-10T00:19:21.672Z] [INFO] [SocialContext] Deleted post {"postId": "ccd71675-48a4-487a-a3eb-e32ab661ffbc"}
 INFO  [2026-09-10T00:19:21.766Z] [INFO] [SocialContext] Social interaction state is in-memory only
 INFO  [2026-09-10T00:19:21.766Z] [INFO] [SocialContext] User posts are loaded from Supabase posts table
 INFO  [2026-09-10T00:19:21.854Z] [INFO] [SocialContext] Deleted post from Supabase {"postId": "ccd71675-48a4-487a-a3eb-e32ab661ffbc"}
 LOG  [DB] Fetching posts...
 LOG  [DB] Fetched posts: 18
 INFO  [2026-09-10T00:19:22.012Z] [INFO] [SocialContext] Fetched posts from Supabase {"length": 18}
 LOG  [DB] Fetching users...
 LOG  [DB] Fetched users: 10
 LOG  [DB] Deleting post: 426819b0-fdf1-45e7-aa07-396362e7c10d
 INFO  [2026-09-10T00:19:24.524Z] [INFO] [SocialContext] Deleted post {"postId": "426819b0-fdf1-45e7-aa07-396362e7c10d"}
 INFO  [2026-09-10T00:19:24.619Z] [INFO] [SocialContext] Social interaction state is in-memory only
 INFO  [2026-09-10T00:19:24.619Z] [INFO] [SocialContext] User posts are loaded from Supabase posts table
 INFO  [2026-09-10T00:19:24.773Z] [INFO] [SocialContext] Deleted post from Supabase {"postId": "426819b0-fdf1-45e7-aa07-396362e7c10d"}
 LOG  [DB] Fetching posts...
 LOG  [DB] Fetched posts: 17
 INFO  [2026-09-10T00:19:24.927Z] [INFO] [SocialContext] Fetched posts from Supabase {"length": 17}
 LOG  [DB] Fetching users...
 LOG  [DB] Fetched users: 10
 INFO  [2026-09-10T00:19:25.201Z] [INFO] [SocialContext] Built default state for {"length": 17}
 INFO  [2026-09-10T00:19:25.202Z] [INFO] [SocialContext] Merged persisted interactions {"merged": 19}
 LOG  [DB] Deleting post: a6884c9c-5c1a-4c86-940d-20325aa462f7
 INFO  [2026-09-10T00:19:26.997Z] [INFO] [SocialContext] Deleted post {"postId": "a6884c9c-5c1a-4c86-940d-20325aa462f7"}
 INFO  [2026-09-10T00:19:27.113Z] [INFO] [SocialContext] Social interaction state is in-memory only
 INFO  [2026-09-10T00:19:27.113Z] [INFO] [SocialContext] User posts are loaded from Supabase posts table
 INFO  [2026-09-10T00:19:27.230Z] [INFO] [SocialContext] Deleted post from Supabase {"postId": "a6884c9c-5c1a-4c86-940d-20325aa462f7"}
 LOG  [DB] Fetching posts...
 LOG  [DB] Fetched posts: 16
 INFO  [2026-09-10T00:19:27.377Z] [INFO] [SocialContext] Fetched posts from Supabase {"length": 16}
 LOG  [DB] Fetching users...
 LOG  [DB] Fetched users: 10
 INFO  [2026-09-10T00:19:27.615Z] [INFO] [SocialContext] Built default state for {"length": 16}
 INFO  [2026-09-10T00:19:27.616Z] [INFO] [SocialContext] Merged persisted interactions {"merged": 18}
 LOG  [DB] Deleting post: bb5220ba-748e-48a8-babb-d296051aefaf
 INFO  [2026-09-10T00:19:29.622Z] [INFO] [SocialContext] Deleted post {"postId": "bb5220ba-748e-48a8-babb-d296051aefaf"}
 INFO  [2026-09-10T00:19:29.716Z] [INFO] [SocialContext] Social interaction state is in-memory only
 INFO  [2026-09-10T00:19:29.716Z] [INFO] [SocialContext] User posts are loaded from Supabase posts table
 INFO  [2026-09-10T00:19:29.847Z] [INFO] [SocialContext] Deleted post from Supabase {"postId": "bb5220ba-748e-48a8-babb-d296051aefaf"}
 LOG  [DB] Fetching posts...
 LOG  [DB] Fetched posts: 15
 INFO  [2026-09-10T00:19:30.097Z] [INFO] [SocialContext] Fetched posts from Supabase {"length": 15}
 LOG  [DB] Fetching users...
 LOG  [DB] Fetched users: 10
 INFO  [2026-09-10T00:19:30.325Z] [INFO] [SocialContext] Built default state for {"length": 15}
 INFO  [2026-09-10T00:19:30.326Z] [INFO] [SocialContext] Merged persisted interactions {"merged": 17}
 INFO  [2026-09-10T00:19:31.952Z] [INFO] [RootLayout] Navigation check {"currentSegment": "(tabs)", "hasInitialized": true, "isAuthenticated": true, "onboardingCompleted": true}
 LOG  [Profile] Error fetching grabbed bundles: column job_requests.proposed_budget does not exist
 INFO  [2026-09-10T00:19:45.358Z] [INFO] [RootLayout] Navigation check {"currentSegment": "(tabs)", "hasInitialized": true, "isAuthenticated": true, "onboardingCompleted": true}
 INFO  [2026-09-10T00:19:52.793Z] [INFO] [RootLayout] Navigation check {"currentSegment": "inbox", "hasInitialized": true, "isAuthenticated": true, "onboardingCompleted": true}
 WARN  source.uri should not be an empty string
 LOG  [AppErrorBoundary] Caught error {"error": [TypeError: Cannot read property 'ErrorBoundary' of undefined], "errorInfo": {"componentStack": "
    at SceneView (http://hsrnekw-sharehost-8081.exp.direct/node_modules/expo-router/entry.bundle//&platform=ios&dev=true&hot=false&lazy=true&transform.engine=hermes&transform.bytecode=1&transform.routerRoot=app&unstable_transformProfile=hermes-stable:107491:3)
    at NavigationProvider (http://hsrnekw-sharehost-8081.exp.direct/node_modules/expo-router/entry.bundle//&platform=ios&dev=true&hot=false&lazy=true&transform.engine=hermes&transform.bytecode=1&transform.routerRoot=app&unstable_transformProfile=hermes-stable:105391:3)
    at RNSScreenContentWrapper (<anonymous>)
    at ScreenContentWrapper (<anonymous>)
    at DebugContainer (http://hsrnekw-sharehost-8081.exp.direct/node_modules/expo-router/entry.bundle//&platform=ios&dev=true&hot=false&lazy=true&transform.engine=hermes&transform.bytecode=1&transform.routerRoot=app&unstable_transformProfile=hermes-stable:125563:9)
    at RNSScreen (<anonymous>)
    at Animated(Anonymous) (http://hsrnekw-sharehost-8081.exp.direct/node_modules/expo-router/entry.bundle//&platform=ios&dev=true&hot=false&lazy=true&transform.engine=hermes&transform.bytecode=1&transform.routerRoot=app&unstable_transformProfile=hermes-stable:68399:29)
    at Suspender (http://hsrnekw-sharehost-8081.exp.direct/node_modules/expo-router/entry.bundle//&platform=ios&dev=true&hot=false&lazy=true&transform.engine=hermes&transform.bytecode=1&transform.routerRoot=app&unstable_transformProfile=hermes-stable:123598:3)
    at Suspense (<anonymous>)
    at Freeze (http://hsrnekw-sharehost-8081.exp.direct/node_modules/expo-router/entry.bundle//&platform=ios&dev=true&hot=false&lazy=true&transform.engine=hermes&transform.bytecode=1&transform.routerRoot=app&unstable_transformProfile=hermes-stable:123609:3)
    at DelayedFreeze (http://hsrnekw-sharehost-8081.exp.direct/node_modules/expo-router/entry.bundle//&platform=ios&dev=true&hot=false&lazy=true&transform.engine=hermes&transform.bytecode=1&transform.routerRoot=app&unstable_transformProfile=hermes-stable:123565:3)
    at InnerScreen (http://hsrnekw-sharehost-8081.exp.direct/node_modules/expo-router/entry.bundle//&platform=ios&dev=true&hot=false&lazy=true&transform.engine=hermes&transform.bytecode=1&transform.routerRoot=app&unstable_transformProfile=hermes-stable:123302:40)
    at Screen (http://hsrnekw-sharehost-8081.exp.direct/node_modules/expo-router/entry.bundle//&platform=ios&dev=true&hot=false&lazy=true&transform.engine=hermes&transform.bytecode=1&transform.routerRoot=app&unstable_transformProfile=hermes-stable:123501:49)
    at ScreenStackItem (http://hsrnekw-sharehost-8081.exp.direct/node_modules/expo-router/entry.bundle//&platform=ios&dev=true&hot=false&lazy=true&transform.engine=hermes&transform.bytecode=1&transform.routerRoot=app&unstable_transformProfile=hermes-stable:125330:3)
    at NavigationProvider (http://hsrnekw-sharehost-8081.exp.direct/node_modules/expo-router/entry.bundle//&platform=ios&dev=true&hot=false&lazy=true&transform.engine=hermes&transform.bytecode=1&transform.routerRoot=app&unstable_transformProfile=hermes-stable:105391:3)
    at SceneView (http://hsrnekw-sharehost-8081.exp.direct/node_modules/expo-router/entry.bundle//&platform=ios&dev=true&hot=false&lazy=true&transform.engine=hermes&transform.bytecode=1&transform.routerRoot=app&unstable_transformProfile=hermes-stable:133177:19)
    at RNSScreenStack (<anonymous>)
    at anonymous (http://hsrnekw-sharehost-8081.exp.direct/node_modules/expo-router/entry.bundle//&platform=ios&dev=true&hot=false&lazy=true&transform.engine=hermes&transform.bytecode=1&transform.routerRoot=app&unstable_transformProfile=hermes-stable:125217:20)
    at ScreenStack (http://hsrnekw-sharehost-8081.exp.direct/node_modules/expo-router/entry.bundle//&platform=ios&dev=true&hot=false&lazy=true&transform.engine=hermes&transform.bytecode=1&transform.routerRoot=app&unstable_transformProfile=hermes-stable:125150:7)
    at RCTView (<anonymous>)
    at View (http://hsrnekw-sharehost-8081.exp.direct/node_modules/expo-router/entry.bundle//&platform=ios&dev=true&hot=false&lazy=true&transform.engine=hermes&transform.bytecode=1&transform.routerRoot=app&unstable_transformProfile=hermes-stable:58373:3)
    at FrameSizeProvider (http://hsrnekw-sharehost-8081.exp.direct/node_modules/expo-router/entry.bundle//&platform=ios&dev=true&hot=false&lazy=true&transform.engine=hermes&transform.bytecode=1&transform.routerRoot=app&unstable_transformProfile=hermes-stable:120446:3)
    at SafeAreaProviderCompat (http://hsrnekw-sharehost-8081.exp.direct/node_modules/expo-router/entry.bundle//&platform=ios&dev=true&hot=false&lazy=true&transform.engine=hermes&transform.bytecode=1&transform.routerRoot=app&unstable_transformProfile=hermes-stable:121892:3)
    at NativeStackView (http://hsrnekw-sharehost-8081.exp.direct/node_modules/expo-router/entry.bundle//&platform=ios&dev=true&hot=false&lazy=true&transform.engine=hermes&transform.bytecode=1&transform.routerRoot=app&unstable_transformProfile=hermes-stable:133492:3)
    at PreventRemoveProvider (http://hsrnekw-sharehost-8081.exp.direct/node_modules/expo-router/entry.bundle//&platform=ios&dev=true&hot=false&lazy=true&transform.engine=hermes&transform.bytecode=1&transform.routerRoot=app&unstable_transformProfile=hermes-stable:105716:3)
    at NavigationStateListenerProvider (http://hsrnekw-sharehost-8081.exp.direct/node_modules/expo-router/entry.bundle//&platform=ios&dev=true&hot=false&lazy=true&transform.engine=hermes&transform.bytecode=1&transform.routerRoot=app&unstable_transformProfile=hermes-stable:108392:3)
    at NavigationContent (http://hsrnekw-sharehost-8081.exp.direct/node_modules/expo-router/entry.bundle//&platform=ios&dev=true&hot=false&lazy=true&transform.engine=hermes&transform.bytecode=1&transform.routerRoot=app&unstable_transformProfile=hermes-stable:107144:27)
    at anonymous (http://hsrnekw-sharehost-8081.exp.direct/node_modules/expo-router/entry.bundle//&platform=ios&dev=true&hot=false&lazy=true&transform.engine=hermes&transform.bytecode=1&transform.routerRoot=app&unstable_transformProfile=hermes-stable:107159:25)
    at NativeStackNavigator (http://hsrnekw-sharehost-8081.exp.direct/node_modules/expo-router/entry.bundle//&platform=ios&dev=true&hot=false&lazy=true&transform.engine=hermes&transform.bytecode=1&transform.routerRoot=app&unstable_transformProfile=hermes-stable:132537:3)
    at anonymous (http://hsrnekw-sharehost-8081.exp.direct/node_modules/expo-router/entry.bundle//&platform=ios&dev=true&hot=false&lazy=true&transform.engine=hermes&transform.bytecode=1&transform.routerRoot=app&unstable_transformProfile=hermes-stable:99318:50)
    at anonymous (http://hsrnekw-sharehost-8081.exp.direct/node_modules/expo-router/entry.bundle//&platform=ios&dev=true&hot=false&lazy=true&transform.engine=hermes&transform.bytecode=1&transform.routerRoot=app&unstable_transformProfile=hermes-stable:99073:56)
    at InboxLayout(./inbox/_layout.tsx) (<anonymous>)
    at WrappedScreenComponent (http://hsrnekw-sharehost-8081.exp.direct/node_modules/expo-router/entry.bundle//&platform=ios&dev=true&hot=false&lazy=true&transform.engine=hermes&transform.bytecode=1&transform.routerRoot=app&unstable_transformProfile=hermes-stable:115922:49)
    at Suspense (<anonymous>)
    at ZoomTransitionTargetContextProvider (http://hsrnekw-sharehost-8081.exp.direct/node_modules/expo-router/entry.bundle//&platform=ios&dev=true&hot=false&lazy=true&transform.engine=hermes&transform.bytecode=1&transform.routerRoot=app&unstable_transformProfile=hermes-stable:116528:3)
    at Route (http://hsrnekw-sharehost-8081.exp.direct/node_modules/expo-router/entry.bundle//&platform=ios&dev=true&hot=false&lazy=true&transform.engine=hermes&transform.bytecode=1&transform.routerRoot=app&unstable_transformProfile=hermes-stable:98503:3)
    at Route(inbox) (http://hsrnekw-sharehost-8081.exp.direct/node_modules/expo-router/entry.bundle//&platform=ios&dev=true&hot=false&lazy=true&transform.engine=hermes&transform.bytecode=1&transform.routerRoot=app&unstable_transformProfile=hermes-stable:115927:5)
    at StaticContainer (http://hsrnekw-sharehost-8081.exp.direct/node_modules/expo-router/entry.bundle//&platform=ios&dev=true&hot=false&lazy=true&transform.engine=hermes&transform.bytecode=1&transform.routerRoot=app&unstable_transformProfile=hermes-stable:107713:17)
    at EnsureSingleNavigator (http://hsrnekw-sharehost-8081.exp.direct/node_modules/expo-router/entry.bundle//&platform=ios&dev=true&hot=false&lazy=true&transform.engine=hermes&transform.bytecode=1&transform.routerRoot=app&unstable_transformProfile=hermes-stable:102113:3)
    at SceneView (http://hsrnekw-sharehost-8081.exp.direct/node_modules/expo-router/entry.bundle//&platform=ios&dev=true&hot=false&lazy=true&transform.engine=hermes&transform.bytecode=1&transform.routerRoot=app&unstable_transformProfile=hermes-stable:107491:3)
    at NavigationProvider (http://hsrnekw-sharehost-8081.exp.direct/node_modules/expo-router/entry.bundle//&platform=ios&dev=true&hot=false&lazy=true&transform.engine=hermes&transform.bytecode=1&transform.routerRoot=app&unstable_transformProfile=hermes-stable:105391:3)
    at RNSScreenContentWrapper (<anonymous>)
    at ScreenContentWrapper (<anonymous>)
    at DebugContainer (http://hsrnekw-sharehost-8081.exp.direct/node_modules/expo-router/entry.bundle//&platform=ios&dev=true&hot=false&lazy=true&transform.engine=hermes&transform.bytecode=1&transform.routerRoot=app&unstable_transformProfile=hermes-stable:125563:9)
    at RNSScreen (<anonymous>)
    at Animated(Anonymous) (http://hsrnekw-sharehost-8081.exp.direct/node_modules/expo-router/entry.bundle//&platform=ios&dev=true&hot=false&lazy=true&transform.engine=hermes&transform.bytecode=1&transform.routerRoot=app&unstable_transformProfile=hermes-stable:68399:29)
    at Suspender (http://hsrnekw-sharehost-8081.exp.direct/node_modules/expo-router/entry.bundle//&platform=ios&dev=true&hot=false&lazy=true&transform.engine=hermes&transform.bytecode=1&transform.routerRoot=app&unstable_transformProfile=hermes-stable:123598:3)
    at Suspense (<anonymous>)
    at Freeze (http://hsrnekw-sharehost-8081.exp.direct/node_modules/expo-router/entry.bundle//&platform=ios&dev=true&hot=false&lazy=true&transform.engine=hermes&transform.bytecode=1&transform.routerRoot=app&unstable_transformProfile=hermes-stable:123609:3)
    at DelayedFreeze (http://hsrnekw-sharehost-8081.exp.direct/node_modules/expo-router/entry.bundle//&platform=ios&dev=true&hot=false&lazy=true&transform.engine=hermes&transform.bytecode=1&transform.routerRoot=app&unstable_transformProfile=hermes-stable:123565:3)
    at InnerScreen (http://hsrnekw-sharehost-8081.exp.direct/node_modules/expo-router/entry.bundle//&platform=ios&dev=true&hot=false&lazy=true&transform.engine=hermes&transform.bytecode=1&transform.routerRoot=app&unstable_transformProfile=hermes-stable:123302:40)
    at Screen (http://hsrnekw-sharehost-8081.exp.direct/node_modules/expo-router/entry.bundle//&platform=ios&dev=true&hot=false&lazy=true&transform.engine=hermes&transform.bytecode=1&transform.routerRoot=app&unstable_transformProfile=hermes-stable:123501:49)
    at ScreenStackItem (http://hsrnekw-sharehost-8081.exp.direct/node_modules/expo-router/entry.bundle//&platform=ios&dev=true&hot=false&lazy=true&transform.engine=hermes&transform.bytecode=1&transform.routerRoot=app&unstable_transformProfile=hermes-stable:125330:3)
    at NavigationProvider (http://hsrnekw-sharehost-8081.exp.direct/node_modules/expo-router/entry.bundle//&platform=ios&dev=true&hot=false&lazy=true&transform.engine=hermes&transform.bytecode=1&transform.routerRoot=app&unstable_transformProfile=hermes-stable:105391:3)
    at SceneView (http://hsrnekw-sharehost-8081.exp.direct/node_modules/expo-router/entry.bundle//&platform=ios&dev=true&hot=false&lazy=true&transform.engine=hermes&transform.bytecode=1&transform.routerRoot=app&unstable_transformProfile=hermes-stable:133177:19)
    at RNSScreenStack (<anonymous>)
    at anonymous (http://hsrnekw-sharehost-8081.exp.direct/node_modules/expo-router/entry.bundle//&platform=ios&dev=true&hot=false&lazy=true&transform.engine=hermes&transform.bytecode=1&transform.routerRoot=app&unstable_transformProfile=hermes-stable:125217:20)
    at ScreenStack (http://hsrnekw-sharehost-8081.exp.direct/node_modules/expo-router/entry.bundle//&platform=ios&dev=true&hot=false&lazy=true&transform.engine=hermes&transform.bytecode=1&transform.routerRoot=app&unstable_transformProfile=hermes-stable:125150:7)
    at RCTView (<anonymous>)
    at View (http://hsrnekw-sharehost-8081.exp.direct/node_modules/expo-router/entry.bundle//&platform=ios&dev=true&hot=false&lazy=true&transform.engine=hermes&transform.bytecode=1&transform.routerRoot=app&unstable_transformProfile=hermes-stable:58373:3)
    at FrameSizeProvider (http://hsrnekw-sharehost-8081.exp.direct/node_modules/expo-router/entry.bundle//&platform=ios&dev=true&hot=false&lazy=true&transform.engine=hermes&transform.bytecode=1&transform.routerRoot=app&unstable_transformProfile=hermes-stable:120446:3)
    at SafeAreaProviderCompat (http://hsrnekw-sharehost-8081.exp.direct/node_modules/expo-router/entry.bundle//&platform=ios&dev=true&hot=false&lazy=true&transform.engine=hermes&transform.bytecode=1&transform.routerRoot=app&unstable_transformProfile=hermes-stable:121892:3)
    at NativeStackView (http://hsrnekw-sharehost-8081.exp.direct/node_modules/expo-router/entry.bundle//&platform=ios&dev=true&hot=false&lazy=true&transform.engine=hermes&transform.bytecode=1&transform.routerRoot=app&unstable_transformProfile=hermes-stable:133492:3)
    at PreventRemoveProvider (http://hsrnekw-sharehost-8081.exp.direct/node_modules/expo-router/entry.bundle//&platform=ios&dev=true&hot=false&lazy=true&transform.engine=hermes&transform.bytecode=1&transform.routerRoot=app&unstable_transformProfile=hermes-stable:105716:3)
    at NavigationStateListenerProvider (http://hsrnekw-sharehost-8081.exp.direct/node_modules/expo-router/entry.bundle//&platform=ios&dev=true&hot=false&lazy=true&transform.engine=hermes&transform.bytecode=1&transform.routerRoot=app&unstable_transformProfile=hermes-stable:108392:3)
    at NavigationContent (http://hsrnekw-sharehost-8081.exp.direct/node_modules/expo-router/entry.bundle//&platform=ios&dev=true&hot=false&lazy=true&transform.engine=hermes&transform.bytecode=1&transform.routerRoot=app&unstable_transformProfile=hermes-stable:107144:27)
    at anonymous (http://hsrnekw-sharehost-8081.exp.direct/node_modules/expo-router/entry.bundle//&platform=ios&dev=true&hot=false&lazy=true&transform.engine=hermes&transform.bytecode=1&transform.routerRoot=app&unstable_transformProfile=hermes-stable:107159:25)
    at NativeStackNavigator (http://hsrnekw-sharehost-8081.exp.direct/node_modules/expo-router/entry.bundle//&platform=ios&dev=true&hot=false&lazy=true&transform.engine=hermes&transform.bytecode=1&transform.routerRoot=app&unstable_transformProfile=hermes-stable:132537:3)
    at anonymous (http://hsrnekw-sharehost-8081.exp.direct/node_modules/expo-router/entry.bundle//&platform=ios&dev=true&hot=false&lazy=true&transform.engine=hermes&transform.bytecode=1&transform.routerRoot=app&unstable_transformProfile=hermes-stable:99318:50)
    at anonymous (http://hsrnekw-sharehost-8081.exp.direct/node_modules/expo-router/entry.bundle//&platform=ios&dev=true&hot=false&lazy=true&transform.engine=hermes&transform.bytecode=1&transform.routerRoot=app&unstable_transformProfile=hermes-stable:99073:56)
    at RootLayoutNav (http://hsrnekw-sharehost-8081.exp.direct/node_modules/expo-router/entry.bundle//&platform=ios&dev=true&hot=false&lazy=true&transform.engine=hermes&transform.bytecode=1&transform.routerRoot=app&unstable_transformProfile=hermes-stable:345526:48)
    at RCTView (<anonymous>)
    at View (http://hsrnekw-sharehost-8081.exp.direct/node_modules/expo-router/entry.bundle//&platform=ios&dev=true&hot=false&lazy=true&transform.engine=hermes&transform.bytecode=1&transform.routerRoot=app&unstable_transformProfile=hermes-stable:58373:3)
    at KeyboardAvoidingView (http://hsrnekw-sharehost-8081.exp.direct/node_modules/expo-router/entry.bundle//&platform=ios&dev=true&hot=false&lazy=true&transform.engine=hermes&transform.bytecode=1&transform.routerRoot=app&unstable_transformProfile=hermes-stable:74629:12)
    at RCTView (<anonymous>)
    at View (http://hsrnekw-sharehost-8081.exp.direct/node_modules/expo-router/entry.bundle//&platform=ios&dev=true&hot=false&lazy=true&transform.engine=hermes&transform.bytecode=1&transform.routerRoot=app&unstable_transformProfile=hermes-stable:58373:3)
    at RootLayoutNavWithTheme (http://hsrnekw-sharehost-8081.exp.direct/node_modules/expo-router/entry.bundle//&platform=ios&dev=true&hot=false&lazy=true&transform.engine=hermes&transform.bytecode=1&transform.routerRoot=app&unstable_transformProfile=hermes-stable:345638:44)
    at AppErrorBoundary (http://hsrnekw-sharehost-8081.exp.direct/node_modules/expo-router/entry.bundle//&platform=ios&dev=true&hot=false&lazy=true&transform.engine=hermes&transform.bytecode=1&transform.routerRoot=app&unstable_transformProfile=hermes-stable:400550:3)
    at anonymous (http://hsrnekw-sharehost-8081.exp.direct/node_modules/expo-router/entry.bundle//&platform=ios&dev=true&hot=false&lazy=true&transform.engine=hermes&transform.bytecode=1&transform.routerRoot=app&unstable_transformProfile=hermes-stable:267995:13)
    at OrdersProvider (http://hsrnekw-sharehost-8081.exp.direct/node_modules/expo-router/entry.bundle//&platform=ios&dev=true&hot=false&lazy=true&transform.engine=hermes&transform.bytecode=1&transform.routerRoot=app&unstable_transformProfile=hermes-stable:337372:3)
    at anonymous (http://hsrnekw-sharehost-8081.exp.direct/node_modules/expo-router/entry.bundle//&platform=ios&dev=true&hot=false&lazy=true&transform.engine=hermes&transform.bytecode=1&transform.routerRoot=app&unstable_transformProfile=hermes-stable:267995:13)
    at anonymous (http://hsrnekw-sharehost-8081.exp.direct/node_modules/expo-router/entry.bundle//&platform=ios&dev=true&hot=false&lazy=true&transform.engine=hermes&transform.bytecode=1&transform.routerRoot=app&unstable_transformProfile=hermes-stable:267995:13)
    at anonymous (http://hsrnekw-sharehost-8081.exp.direct/node_modules/expo-router/entry.bundle//&platform=ios&dev=true&hot=false&lazy=true&transform.engine=hermes&transform.bytecode=1&transform.routerRoot=app&unstable_transformProfile=hermes-stable:267995:13)
    at anonymous (http://hsrnekw-sharehost-8081.exp.direct/node_modules/expo-router/entry.bundle//&platform=ios&dev=true&hot=false&lazy=true&transform.engine=hermes&transform.bytecode=1&transform.routerRoot=app&unstable_transformProfile=hermes-stable:267995:13)
    at PlanProvider (http://hsrnekw-sharehost-8081.exp.direct/node_modules/expo-router/entry.bundle//&platform=ios&dev=true&hot=false&lazy=true&transform.engine=hermes&transform.bytecode=1&transform.routerRoot=app&unstable_transformProfile=hermes-stable:325073:3)
    at RoomProvider (http://hsrnekw-sharehost-8081.exp.direct/node_modules/expo-router/entry.bundle//&platform=ios&dev=true&hot=false&lazy=true&transform.engine=hermes&transform.bytecode=1&transform.routerRoot=app&unstable_transformProfile=hermes-stable:321550:3)
    at ServiceRequestProvider (http://hsrnekw-sharehost-8081.exp.direct/node_modules/expo-router/entry.bundle//&platform=ios&dev=true&hot=false&lazy=true&transform.engine=hermes&transform.bytecode=1&transform.routerRoot=app&unstable_transformProfile=hermes-stable:308294:3)
    at SkillProvider (http://hsrnekw-sharehost-8081.exp.direct/node_modules/expo-router/entry.bundle//&platform=ios&dev=true&hot=false&lazy=true&transform.engine=hermes&transform.bytecode=1&transform.routerRoot=app&unstable_transformProfile=hermes-stable:307902:3)
    at BundleProvider (http://hsrnekw-sharehost-8081.exp.direct/node_modules/expo-router/entry.bundle//&platform=ios&dev=true&hot=false&lazy=true&transform.engine=hermes&transform.bytecode=1&transform.routerRoot=app&unstable_transformProfile=hermes-stable:294771:3)
    at anonymous (http://hsrnekw-sharehost-8081.exp.direct/node_modules/expo-router/entry.bundle//&platform=ios&dev=true&hot=false&lazy=true&transform.engine=hermes&transform.bytecode=1&transform.routerRoot=app&unstable_transformProfile=hermes-stable:267995:13)
    at anonymous (http://hsrnekw-sharehost-8081.exp.direct/node_modules/expo-router/entry.bundle//&platform=ios&dev=true&hot=false&lazy=true&transform.engine=hermes&transform.bytecode=1&transform.routerRoot=app&unstable_transformProfile=hermes-stable:267995:13)
    at UserPostsProvider (http://hsrnekw-sharehost-8081.exp.direct/node_modules/expo-router/entry.bundle//&platform=ios&dev=true&hot=false&lazy=true&transform.engine=hermes&transform.bytecode=1&transform.routerRoot=app&unstable_transformProfile=hermes-stable:317249:3)
    at anonymous (http://hsrnekw-sharehost-8081.exp.direct/node_modules/expo-router/entry.bundle//&platform=ios&dev=true&hot=false&lazy=true&transform.engine=hermes&transform.bytecode=1&transform.routerRoot=app&unstable_transformProfile=hermes-stable:267995:13)
    at anonymous (http://hsrnekw-sharehost-8081.exp.direct/node_modules/expo-router/entry.bundle//&platform=ios&dev=true&hot=false&lazy=true&transform.engine=hermes&transform.bytecode=1&transform.routerRoot=app&unstable_transformProfile=hermes-stable:267995:13)
    at anonymous (http://hsrnekw-sharehost-8081.exp.direct/node_modules/expo-router/entry.bundle//&platform=ios&dev=true&hot=false&lazy=true&transform.engine=hermes&transform.bytecode=1&transform.routerRoot=app&unstable_transformProfile=hermes-stable:267995:13)
    at RNCSafeAreaProvider (<anonymous>)
    at SafeAreaProvider (http://hsrnekw-sharehost-8081.exp.direct/node_modules/expo-router/entry.bundle//&platform=ios&dev=true&hot=false&lazy=true&transform.engine=hermes&transform.bytecode=1&transform.routerRoot=app&unstable_transformProfile=hermes-stable:98116:3)
    at RCTView (<anonymous>)
    at View (http://hsrnekw-sharehost-8081.exp.direct/node_modules/expo-router/entry.bundle//&platform=ios&dev=true&hot=false&lazy=true&transform.engine=hermes&transform.bytecode=1&transform.routerRoot=app&unstable_transformProfile=hermes-stable:58373:3)
    at GestureHandlerRootView (http://hsrnekw-sharehost-8081.exp.direct/node_modules/expo-router/entry.bundle//&platform=ios&dev=true&hot=false&lazy=true&transform.engine=hermes&transform.bytecode=1&transform.routerRoot=app&unstable_transformProfile=hermes-stable:390702:3)
    at QueryClientProvider (http://hsrnekw-sharehost-8081.exp.direct/node_modules/expo-router/entry.bundle//&platform=ios&dev=true&hot=false&lazy=true&transform.engine=hermes&transform.bytecode=1&transform.routerRoot=app&unstable_transformProfile=hermes-stable:272922:29)
    at TRPCProvider (http://hsrnekw-sharehost-8081.exp.direct/node_modules/expo-router/entry.bundle//&platform=ios&dev=true&hot=false&lazy=true&transform.engine=hermes&transform.bytecode=1&transform.routerRoot=app&unstable_transformProfile=hermes-stable:300481:9)
    at ProviderErrorBoundary (http://hsrnekw-sharehost-8081.exp.direct/node_modules/expo-router/entry.bundle//&platform=ios&dev=true&hot=false&lazy=true&transform.engine=hermes&transform.bytecode=1&transform.routerRoot=app&unstable_transformProfile=hermes-stable:345671:12)
    at RootLayout(./_layout.tsx) (http://hsrnekw-sharehost-8081.exp.direct/node_modules/expo-router/entry.bundle//&platform=ios&dev=true&hot=false&lazy=true&transform.engine=hermes&transform.bytecode=1&transform.routerRoot=app&unstable_transformProfile=hermes-stable:345740:26)
    at WrappedScreenComponent (http://hsrnekw-sharehost-8081.exp.direct/node_modules/expo-router/entry.bundle//&platform=ios&dev=true&hot=false&lazy=true&transform.engine=hermes&transform.bytecode=1&transform.routerRoot=app&unstable_transformProfile=hermes-stable:115922:49)
    at Suspense (<anonymous>)
    at ZoomTransitionTargetContextProvider (http://hsrnekw-sharehost-8081.exp.direct/node_modules/expo-router/entry.bundle//&platform=ios&dev=true&hot=false&lazy=true&transform.engine=hermes&transform.bytecode=1&transform.routerRoot=app&unstable_transformProfile=hermes-stable:116528:3)
    at Route (http://hsrnekw-sharehost-8081.exp.direct/node_modules/expo-router/entry.bundle//&platform=ios&dev=true&hot=false&lazy=true&transform.engine=hermes&transform.bytecode=1&transform.routerRoot=app&unstable_transformProfile=hermes-stable:98503:3)
    at Route() (http://hsrnekw-sharehost-8081.exp.direct/node_modules/expo-router/entry.bundle//&platform=ios&dev=true&hot=false&lazy=true&transform.engine=hermes&transform.bytecode=1&transform.routerRoot=app&unstable_transformProfile=hermes-stable:115927:5)
    at StaticContainer (http://hsrnekw-sharehost-8081.exp.direct/node_modules/expo-router/entry.bundle//&platform=ios&dev=true&hot=false&lazy=true&transform.engine=hermes&transform.bytecode=1&transform.routerRoot=app&unstable_transformProfile=hermes-stable:107713:17)
    at EnsureSingleNavigator (http://hsrnekw-sharehost-8081.exp.direct/node_modules/expo-router/entry.bundle//&platform=ios&dev=true&hot=false&lazy=true&transform.engine=hermes&transform.bytecode=1&transform.routerRoot=app&unstable_transformProfile=hermes-stable:102113:3)
    at SceneView (http://hsrnekw-sharehost-8081.exp.direct/node_modules/expo-router/entry.bundle//&platform=ios&dev=true&hot=false&lazy=true&transform.engine=hermes&transform.bytecode=1&transform.routerRoot=app&unstable_transformProfile=hermes-stable:107491:3)
    at NavigationProvider (http://hsrnekw-sharehost-8081.exp.direct/node_modules/expo-router/entry.bundle//&platform=ios&dev=true&hot=false&lazy=true&transform.engine=hermes&transform.bytecode=1&transform.routerRoot=app&unstable_transformProfile=hermes-stable:105391:3)
    at PreventRemoveProvider (http://hsrnekw-sharehost-8081.exp.direct/node_modules/expo-router/entry.bundle//&platform=ios&dev=true&hot=false&lazy=true&transform.engine=hermes&transform.bytecode=1&transform.routerRoot=app&unstable_transformProfile=hermes-stable:105716:3)
    at NavigationStateListenerProvider (http://hsrnekw-sharehost-8081.exp.direct/node_modules/expo-router/entry.bundle//&platform=ios&dev=true&hot=false&lazy=true&transform.engine=hermes&transform.bytecode=1&transform.routerRoot=app&unstable_transformProfile=hermes-stable:108392:3)
    at NavigationContent (http://hsrnekw-sharehost-8081.exp.direct/node_modules/expo-router/entry.bundle//&platform=ios&dev=true&hot=false&lazy=true&transform.engine=hermes&transform.bytecode=1&transform.routerRoot=app&unstable_transformProfile=hermes-stable:107144:27)
    at anonymous (http://hsrnekw-sharehost-8081.exp.direct/node_modules/expo-router/entry.bundle//&platform=ios&dev=true&hot=false&lazy=true&transform.engine=hermes&transform.bytecode=1&transform.routerRoot=app&unstable_transformProfile=hermes-stable:107159:25)
    at Content (http://hsrnekw-sharehost-8081.exp.direct/node_modules/expo-router/entry.bundle//&platform=ios&dev=true&hot=false&lazy=true&transform.engine=hermes&transform.bytecode=1&transform.routerRoot=app&unstable_transformProfile=hermes-stable:136774:43)
    at RNCSafeAreaProvider (<anonymous>)
    at SafeAreaProvider (http://hsrnekw-sharehost-8081.exp.direct/node_modules/expo-router/entry.bundle//&platform=ios&dev=true&hot=false&lazy=true&transform.engine=hermes&transform.bytecode=1&transform.routerRoot=app&unstable_transformProfile=hermes-stable:98116:3)
    at LinkPreviewContextProvider (http://hsrnekw-sharehost-8081.exp.direct/node_modules/expo-router/entry.bundle//&platform=ios&dev=true&hot=false&lazy=true&transform.engine=hermes&transform.bytecode=1&transform.routerRoot=app&unstable_transformProfile=hermes-stable:130350:3)
    at anonymous (http://hsrnekw-sharehost-8081.exp.direct/node_modules/expo-router/entry.bundle//&platform=ios&dev=true&hot=false&lazy=true&transform.engine=hermes&transform.bytecode=1&transform.routerRoot=app&unstable_transformProfile=hermes-stable:136666:46)
    at ThemeProvider (http://hsrnekw-sharehost-8081.exp.direct/node_modules/expo-router/entry.bundle//&platform=ios&dev=true&hot=false&lazy=true&transform.engine=hermes&transform.bytecode=1&transform.routerRoot=app&unstable_transformProfile=hermes-stable:102608:3)
    at EnsureSingleNavigator (http://hsrnekw-sharehost-8081.exp.direct/node_modules/expo-router/entry.bundle//&platform=ios&dev=true&hot=false&lazy=true&transform.engine=hermes&transform.bytecode=1&transform.routerRoot=app&unstable_transformProfile=hermes-stable:102113:3)
    at BaseNavigationContainer (http://hsrnekw-sharehost-8081.exp.direct/node_modules/expo-router/entry.bundle//&platform=ios&dev=true&hot=false&lazy=true&transform.engine=hermes&transform.bytecode=1&transform.routerRoot=app&unstable_transformProfile=hermes-stable:100309:3)
    at NavigationContainerInner (http://hsrnekw-sharehost-8081.exp.direct/node_modules/expo-router/entry.bundle//&platform=ios&dev=true&hot=false&lazy=true&transform.engine=hermes&transform.bytecode=1&transform.routerRoot=app&unstable_transformProfile=hermes-stable:136946:3)
    at ContextNavigator (http://hsrnekw-sharehost-8081.exp.direct/node_modules/expo-router/entry.bundle//&platform=ios&dev=true&hot=false&lazy=true&transform.engine=hermes&transform.bytecode=1&transform.routerRoot=app&unstable_transformProfile=hermes-stable:136692:3)
    at ExpoRoot (http://hsrnekw-sharehost-8081.exp.direct/node_modules/expo-router/entry.bundle//&platform=ios&dev=true&hot=false&lazy=true&transform.engine=hermes&transform.bytecode=1&transform.routerRoot=app&unstable_transformProfile=hermes-stable:136656:3)
    at App (<anonymous>)
    at withDevTools(App) (http://hsrnekw-sharehost-8081.exp.direct/node_modules/expo-router/entry.bundle//&platform=ios&dev=true&hot=false&lazy=true&transform.engine=hermes&transform.bytecode=1&transform.routerRoot=app&unstable_transformProfile=hermes-stable:92579:27)
    at RCTView (<anonymous>)
    at View (http://hsrnekw-sharehost-8081.exp.direct/node_modules/expo-router/entry.bundle//&platform=ios&dev=true&hot=false&lazy=true&transform.engine=hermes&transform.bytecode=1&transform.routerRoot=app&unstable_transformProfile=hermes-stable:58373:3)
    at RCTView (<anonymous>)
    at View (http://hsrnekw-sharehost-8081.exp.direct/node_modules/expo-router/entry.bundle//&platform=ios&dev=true&hot=false&lazy=true&transform.engine=hermes&transform.bytecode=1&transform.routerRoot=app&unstable_transformProfile=hermes-stable:58373:3)
    at AppContainer (http://hsrnekw-sharehost-8081.exp.direct/node_modules/expo-router/entry.bundle//&platform=ios&dev=true&hot=false&lazy=true&transform.engine=hermes&transform.bytecode=1&transform.routerRoot=app&unstable_transformProfile=hermes-stable:58182:22)
    at main(RootComponent) (http://hsrnekw-sharehost-8081.exp.direct/node_modules/expo-router/entry.bundle//&platform=ios&dev=true&hot=false&lazy=true&transform.engine=hermes&transform.bytecode=1&transform.routerRoot=app&unstable_transformProfile=hermes-stable:81696:34)"}}
 ERROR  [Error: Cannot find native module 'ExponentAV'] 

Code: audio-relay.ts
[0m [90m 12 |[39m [90m */[39m
 [90m 13 |[39m
[31m[1m>[22m[39m[90m 14 |[39m [36mimport[39m { [33mAudio[39m } [36mfrom[39m [32m'expo-av'[39m[33m;[39m
 [90m    |[39m [31m[1m^[22m[39m
 [90m 15 |[39m [36mimport[39m { [33mPlatform[39m } [36mfrom[39m [32m'react-native'[39m[33m;[39m
 [90m 16 |[39m
 [90m 17 |[39m [90m// ── Types ──[39m[0m
Call Stack
  <global> (lib/audio-relay.ts:14)
  <global> (hooks/useLiveAudio.ts:10)
  <global> (app/(tabs)/live/room/[roomId].tsx:25) 

Code: _layout.tsx
[0m [90m  5 |[39m [36mexport[39m [36mdefault[39m [36mfunction[39m [33mInboxLayout[39m() {
 [90m  6 |[39m   [36mreturn[39m (
[31m[1m>[22m[39m[90m  7 |[39m     [33m<[39m[33mStack[39m
 [90m    |[39m     [31m[1m^[22m[39m
 [90m  8 |[39m       screenOptions[33m=[39m{{
 [90m  9 |[39m         headerShown[33m:[39m [36mfalse[39m[33m,[39m
 [90m 10 |[39m         contentStyle[33m:[39m { backgroundColor[33m:[39m [33mColors[39m[33m.[39mdark[33m.[39mbackground }[33m,[39m[0m
Call Stack
  InboxLayout (app/inbox/_layout.tsx:7:5)
  RootLayoutNav (app/_layout.tsx:108:5)
  RootLayoutNavWithTheme (app/_layout.tsx:146:11)
  RootLayout (app/_layout.tsx:231:47)
 ERROR  [Error: Cannot find native module 'ExponentAV'] 

Code: audio-relay.ts
[0m [90m 12 |[39m [90m */[39m
 [90m 13 |[39m
[31m[1m>[22m[39m[90m 14 |[39m [36mimport[39m { [33mAudio[39m } [36mfrom[39m [32m'expo-av'[39m[33m;[39m
 [90m    |[39m [31m[1m^[22m[39m
 [90m 15 |[39m [36mimport[39m { [33mPlatform[39m } [36mfrom[39m [32m'react-native'[39m[33m;[39m
 [90m 16 |[39m
 [90m 17 |[39m [90m// ── Types ──[39m[0m
Call Stack
  <global> (lib/audio-relay.ts:14)
  <global> (hooks/useLiveAudio.ts:10)
  <global> (app/(tabs)/live/room/[roomId].tsx:25) 

Code: _layout.tsx
[0m [90m  5 |[39m [36mexport[39m [36mdefault[39m [36mfunction[39m [33mInboxLayout[39m() {
 [90m  6 |[39m   [36mreturn[39m (
[31m[1m>[22m[39m[90m  7 |[39m     [33m<[39m[33mStack[39m
 [90m    |[39m     [31m[1m^[22m[39m
 [90m  8 |[39m       screenOptions[33m=[39m{{
 [90m  9 |[39m         headerShown[33m:[39m [36mfalse[39m[33m,[39m
 [90m 10 |[39m         contentStyle[33m:[39m { backgroundColor[33m:[39m [33mColors[39m[33m.[39mdark[33m.[39mbackground }[33m,[39m[0m
Call Stack
  InboxLayout (app/inbox/_layout.tsx:7:5)
  RootLayoutNav (app/_layout.tsx:108:5)
  RootLayoutNavWithTheme (app/_layout.tsx:146:11)
  RootLayout (app/_layout.tsx:231:47)
 ERROR  [TypeError: Cannot read property 'ErrorBoundary' of undefined] 

Code: _layout.tsx
[0m [90m  5 |[39m [36mexport[39m [36mdefault[39m [36mfunction[39m [33mInboxLayout[39m() {
 [90m  6 |[39m   [36mreturn[39m (
[31m[1m>[22m[39m[90m  7 |[39m     [33m<[39m[33mStack[39m
 [90m    |[39m     [31m[1m^[22m[39m
 [90m  8 |[39m       screenOptions[33m=[39m{{
 [90m  9 |[39m         headerShown[33m:[39m [36mfalse[39m[33m,[39m
 [90m 10 |[39m         contentStyle[33m:[39m { backgroundColor[33m:[39m [33mColors[39m[33m.[39mdark[33m.[39mbackground }[33m,[39m[0m
Call Stack
  InboxLayout (app/inbox/_layout.tsx:7:5)
  RootLayoutNav (app/_layout.tsx:108:5)
  RootLayoutNavWithTheme (app/_layout.tsx:146:11)
  RootLayout (app/_layout.tsx:231:47)
Web Bundled 92ms node_modules/expo-router/entry.js (1 module)
Web  INFO  %cDownload the React DevTools for a better development experience: https://react.dev/link/react-devtools font-weight:bold
Web  LOG  Running application "main" with appParams:
 {"hydrate": undefined, "rootTag": "#root"} 
Development-level warnings: ON.
Performance optimizations: OFF.
Web  INFO  [2026-09-11T03:23:11.795Z] [INFO] [SocialContext] Built default state for {"length": 0}
Web  WARN  "shadow*" style props are deprecated. Use "boxShadow".
Web  WARN  "textShadow*" style props are deprecated. Use "textShadow".
Web  WARN  [expo-av]: Expo AV has been deprecated and will be removed in SDK 54. Use the `expo-audio` and `expo-video` packages to replace the required functionality.
Web  WARN  Route "./(tabs)/live/room/plan-constants.ts" is missing the required default export. Ensure a React component is exported as default.
Web  WARN  Animated: `useNativeDriver` is not supported because the native animated module is missing. Falling back to JS-based animation. To resolve this, add `RCTAnimation` module to this app, or remove `useNativeDriver`. Make sure to run `bundle exec pod install` first. Read more about autolinking: https://github.com/react-native-community/cli/blob/master/docs/autolinking.md
Web  INFO  [2026-09-11T03:23:11.887Z] [INFO] [RootLayout] Still loading... {"authLoading": true, "onboardingLoading": true}
Web  INFO  [2026-09-11T03:23:11.888Z] [INFO] [BookingsContext] Starting to fetch all listings from Supabase...
Web  LOG  [DB] Fetching listings from Supabase... 
Web  LOG  [DB] Fetching products... 
Web  INFO  [2026-09-11T03:23:11.889Z] [INFO] [MarketplaceContext] Saved products are backend-only (no local state)
Web  LOG  [DB] Fetching posts...
Web  LOG  [DB] Fetching stories...
Web  INFO  [2026-09-11T03:23:11.890Z] [INFO] [SocialContext] Social interaction state is in-memory only
Web  INFO  [2026-09-11T03:23:11.890Z] [INFO] [SocialContext] Story interaction state is in-memory only
Web  INFO  [2026-09-11T03:23:11.890Z] [INFO] [SocialContext] User posts are loaded from Supabase posts table
Web  INFO  [2026-09-11T03:23:11.890Z] [INFO] [SocialContext] User stories are loaded from Supabase stories table
Web  INFO  [2026-09-11T03:23:11.891Z] [INFO] [Root] App mounted
Web  INFO  [2026-09-11T03:23:11.893Z] [INFO] [BookingsContext] Hydrated favorites {"length": 0}
Web  INFO  [2026-09-11T03:23:11.893Z] [INFO] [BookingsContext] Hydrated rental submissions {"length": 0}
Web  INFO  [2026-09-11T03:23:11.893Z] [INFO] [MessagingContext] Using default messaging state
Web  INFO  [2026-09-11T03:23:11.894Z] [INFO] [ConnectionsContext] Building connections from Supabase users
Web  INFO  [2026-09-11T03:23:11.977Z] [INFO] [RootLayout] Still loading... {"authLoading": true, "onboardingLoading": false}
Web  INFO  [2026-09-11T03:23:12.600Z] [INFO] [Auth] Auth state changed {"event": "TOKEN_REFRESHED", "hasSession": true}
Web  INFO  [2026-09-11T03:23:19.930Z] [INFO] [RootLayout] Still loading... {"authLoading": true, "onboardingLoading": false}
Web  INFO  [2026-09-11T03:23:20.751Z] [INFO] [RootLayout] Still loading... {"authLoading": true, "onboardingLoading": false}
Web  INFO  [2026-09-11T03:23:21.844Z] [INFO] [RootLayout] Still loading... {"authLoading": true, "onboardingLoading": false}
Web  INFO  [2026-09-11T03:23:23.541Z] [INFO] [RootLayout] Still loading... {"authLoading": true, "onboardingLoading": false}
Web  INFO  [2026-09-11T03:31:56.579Z] [INFO] [SocialContext] Social interaction state is in-memory only
Web  INFO  [2026-09-11T03:31:56.579Z] [INFO] [SocialContext] Story interaction state is in-memory only
Web  INFO  [2026-09-11T03:31:56.579Z] [INFO] [SocialContext] User posts are loaded from Supabase posts table
Web  INFO  [2026-09-11T03:31:56.579Z] [INFO] [SocialContext] User stories are loaded from Supabase stories table
Web  INFO  [2026-09-11T03:31:56.579Z] [INFO] [MarketplaceContext] Saved products are backend-only (no local state)
Web  INFO  [2026-09-11T03:31:56.579Z] [INFO] [MessagingContext] Using default messaging state
Web  INFO  [2026-09-11T03:31:56.579Z] [INFO] [BookingsContext] Hydrated favorites {"length": 0}
Web  INFO  [2026-09-11T03:31:56.580Z] [INFO] [BookingsContext] Hydrated rental submissions {"length": 0}
Web Bundled 85ms node_modules/expo-router/entry.js (1 module)
Web  INFO  %cDownload the React DevTools for a better development experience: https://react.dev/link/react-devtools font-weight:bold
Web  LOG  Running application "main" with appParams:
 {"hydrate": undefined, "rootTag": "#root"} 
Development-level warnings: ON.
Performance optimizations: OFF.
Web  INFO  [2026-09-11T03:32:00.817Z] [INFO] [SocialContext] Built default state for {"length": 0}
Web  WARN  "shadow*" style props are deprecated. Use "boxShadow".
Web  WARN  "textShadow*" style props are deprecated. Use "textShadow".
Web  WARN  [expo-av]: Expo AV has been deprecated and will be removed in SDK 54. Use the `expo-audio` and `expo-video` packages to replace the required functionality.
Web  WARN  Route "./(tabs)/live/room/plan-constants.ts" is missing the required default export. Ensure a React component is exported as default.
Web  WARN  Animated: `useNativeDriver` is not supported because the native animated module is missing. Falling back to JS-based animation. To resolve this, add `RCTAnimation` module to this app, or remove `useNativeDriver`. Make sure to run `bundle exec pod install` first. Read more about autolinking: https://github.com/react-native-community/cli/blob/master/docs/autolinking.md
Web  INFO  [2026-09-11T03:32:00.902Z] [INFO] [RootLayout] Still loading... {"authLoading": true, "onboardingLoading": true}
Web  INFO  [2026-09-11T03:32:00.903Z] [INFO] [BookingsContext] Starting to fetch all listings from Supabase...
Web  LOG  [DB] Fetching listings from Supabase... 
Web  LOG  [DB] Fetching products... 
Web  INFO  [2026-09-11T03:32:00.904Z] [INFO] [MarketplaceContext] Saved products are backend-only (no local state)
Web  LOG  [DB] Fetching posts...
Web  LOG  [DB] Fetching stories...
Web  INFO  [2026-09-11T03:32:00.905Z] [INFO] [SocialContext] Social interaction state is in-memory only
Web  INFO  [2026-09-11T03:32:00.905Z] [INFO] [SocialContext] Story interaction state is in-memory only
Web  INFO  [2026-09-11T03:32:00.905Z] [INFO] [SocialContext] User posts are loaded from Supabase posts table
Web  INFO  [2026-09-11T03:32:00.905Z] [INFO] [SocialContext] User stories are loaded from Supabase stories table
Web  INFO  [2026-09-11T03:32:00.906Z] [INFO] [Root] App mounted
Web  INFO  [2026-09-11T03:32:00.924Z] [INFO] [BookingsContext] Hydrated favorites {"length": 0}
Web  INFO  [2026-09-11T03:32:00.924Z] [INFO] [BookingsContext] Hydrated rental submissions {"length": 0}
Web  INFO  [2026-09-11T03:32:00.924Z] [INFO] [MessagingContext] Using default messaging state
Web  INFO  [2026-09-11T03:32:00.924Z] [INFO] [ConnectionsContext] Building connections from Supabase users
Web  INFO  [2026-09-11T03:32:00.947Z] [INFO] [RootLayout] Still loading... {"authLoading": true, "onboardingLoading": false}
Web  LOG  [DB] Using authenticated user: d8694830-980e-43e7-9763-979eae54e1da
Web  INFO  [2026-09-11T03:32:00.949Z] [INFO] [BookingsContext] Fetching my listings for host {"hostId": "d8694830-980e-43e7-9763-979eae54e1da"}
Web  LOG  [DB] Fetching user listings for host: d8694830-980e-43e7-9763-979eae54e1da
Web  LOG  [DB] Fetching bookings for user: d8694830-980e-43e7-9763-979eae54e1da
Web  INFO  [2026-09-11T03:32:01.367Z] [INFO] [SocialContext] Got auth user ID {"userId": "d8694830-980e-43e7-9763-979eae54e1da"}
Web  INFO  [2026-09-11T03:32:01.372Z] [INFO] [Auth] Auth state changed {"event": "INITIAL_SESSION", "hasSession": true}
Web  LOG  [DB] Fetching users...
Web  LOG  [DB] Fetched users: 10
Web  INFO  [2026-09-11T03:32:01.915Z] [INFO] [Auth] Built profile {"hasName": true, "phone": null, "userId": "d8694830-980e-43e7-9763-979eae54e1da"}
Web  INFO  [2026-09-11T03:32:01.921Z] [INFO] [RootLayout] Navigation check {"currentSegment": "(tabs)", "hasInitialized": false, "isAuthenticated": true, "onboardingCompleted": true}
Web  INFO  [2026-09-11T03:32:01.922Z] [INFO] [Planner] Fetching plans...
Web  INFO  [2026-09-11T03:32:01.923Z] [INFO] [MessagingContext] Hydrated messaging state from storage
Web  LOG  [DB] Fetched user listings from Supabase: 0
Web  INFO  [2026-09-11T03:32:01.930Z] [INFO] [BookingsContext] My listings query result {"value": 0}
Web  INFO  [2026-09-11T03:32:01.930Z] [INFO] [BookingsContext] No my listings found in Supabase
Web  LOG  [DB] Fetched products: 0
Web  INFO  [2026-09-11T03:32:01.932Z] [INFO] [BookingsContext] Hydrated bookings from local {"length": 0}
Web  LOG  [DB] Fetched stories: 0
Web  INFO  [2026-09-11T03:32:01.932Z] [INFO] [SocialContext] No Supabase stories
Web  LOG  [DB] Fetched posts: 14
Web  INFO  [2026-09-11T03:32:01.959Z] [INFO] [SocialContext] Fetched posts from Supabase {"length": 14}
Web  LOG  [DB] Fetching users...
Web  LOG  [DB] Fetched listings from Supabase: 0
Web  INFO  [2026-09-11T03:32:02.027Z] [INFO] [BookingsContext] Listings query result {"value": 0}
Web  INFO  [2026-09-11T03:32:02.027Z] [INFO] [BookingsContext] No listings found in Supabase
Web  INFO  [2026-09-11T03:32:02.035Z] [INFO] [Auth] Built profile {"hasName": true, "phone": null, "userId": "d8694830-980e-43e7-9763-979eae54e1da"}
Web  LOG  [DB] Fetched users: 10
Web  INFO  [2026-09-11T03:32:02.371Z] [INFO] [SocialContext] Built default state for {"length": 14}
Web  INFO  [2026-09-11T03:32:02.442Z] [INFO] [SocialContext] Loaded {"length": 14}
Web  INFO  [2026-09-11T03:32:02.442Z] [INFO] [SocialContext] Built default state for {"length": 14}
Web  LOG  [Profile] Error fetching grabbed bundles: column job_requests.proposed_budget does not exist
Web  INFO  [2026-09-11T03:32:02.558Z] [INFO] [Planner] Fetched plans from Supabase {"length": 9}
Web  INFO  [2026-09-11T03:32:02.613Z] [INFO] [MessagingContext] Synced Supabase conversations {"added": 1}
Web  LOG  Grid load: ["grabbedBundles"]
Web  LOG  Grid load: {"bundles": "recommend", "grabbedCount": 0}
Web  INFO  [2026-09-11T03:32:06.590Z] [INFO] [RootLayout] Navigation check {"currentSegment": "(tabs)", "hasInitialized": true, "isAuthenticated": true, "onboardingCompleted": true}
Web  LOG  Grid load: {"bundles": "recommend", "grabbedCount": 0}
Web  ERROR  Grabbed bundles error: {"code": "42703", "details": null, "hint": null, "message": "column job_requests.proposed_budget does not exist"} 

Code: index.tsx
[0m [90m 1342 |[39m             [36mreturn[39m [][33m;[39m
 [90m 1343 |[39m           }
[31m[1m>[22m[39m[90m 1344 |[39m           console[33m.[39merror([32m'Grabbed bundles error:'[39m[33m,[39m error)[33m;[39m
 [90m      |[39m                   [31m[1m^[22m[39m
 [90m 1345 |[39m           [36mreturn[39m [][33m;[39m
 [90m 1346 |[39m         }
 [90m 1347 |[39m[0m
Call Stack
  useQuery$argument_0.queryFn (app/(tabs)/(home)/index.tsx:1344:19)
Web  INFO  [2026-09-11T03:32:10.524Z] [INFO] [RootLayout] Navigation check {"currentSegment": "(tabs)", "hasInitialized": true, "isAuthenticated": true, "onboardingCompleted": true}
Web  INFO  [2026-09-11T03:32:14.169Z] [INFO] [RootLayout] Navigation check {"currentSegment": "(tabs)", "hasInitialized": true, "isAuthenticated": true, "onboardingCompleted": true}
Web  WARN  props.pointerEvents is deprecated. Use style.pointerEvents
Web  INFO  [2026-09-11T03:51:18.176Z] [INFO] [RootLayout] Navigation check {"currentSegment": "(tabs)", "hasInitialized": true, "isAuthenticated": true, "onboardingCompleted": true}
Web  INFO  [2026-09-11T03:51:19.038Z] [INFO] [RootLayout] Navigation check {"currentSegment": "(tabs)", "hasInitialized": true, "isAuthenticated": true, "onboardingCompleted": true}
Web  INFO  [2026-09-11T03:51:20.168Z] [INFO] [RootLayout] Navigation check {"currentSegment": "(tabs)", "hasInitialized": true, "isAuthenticated": true, "onboardingCompleted": true}
Web  INFO  [2026-09-11T04:21:31.736Z] [INFO] [Auth] Auth state changed {"event": "TOKEN_REFRESHED", "hasSession": true}
Web Bundled 94ms node_modules/expo-router/entry.js (1 module)
Web  INFO  %cDownload the React DevTools for a better development experience: https://react.dev/link/react-devtools font-weight:bold
Web  LOG  Running application "main" with appParams:
 {"hydrate": undefined, "rootTag": "#root"} 
Development-level warnings: ON.
Performance optimizations: OFF.
Web  INFO  [2026-09-12T00:11:17.148Z] [INFO] [SocialContext] Built default state for {"length": 0}
Web  WARN  "shadow*" style props are deprecated. Use "boxShadow".
Web  WARN  "textShadow*" style props are deprecated. Use "textShadow".
Web  WARN  [expo-av]: Expo AV has been deprecated and will be removed in SDK 54. Use the `expo-audio` and `expo-video` packages to replace the required functionality.
Web  WARN  Route "./(tabs)/live/room/plan-constants.ts" is missing the required default export. Ensure a React component is exported as default.
Web  WARN  Animated: `useNativeDriver` is not supported because the native animated module is missing. Falling back to JS-based animation. To resolve this, add `RCTAnimation` module to this app, or remove `useNativeDriver`. Make sure to run `bundle exec pod install` first. Read more about autolinking: https://github.com/react-native-community/cli/blob/master/docs/autolinking.md
Web  INFO  [2026-09-12T00:11:17.357Z] [INFO] [RootLayout] Still loading... {"authLoading": true, "onboardingLoading": true}
Web  INFO  [2026-09-12T00:11:17.358Z] [INFO] [BookingsContext] Starting to fetch all listings from Supabase...
Web  LOG  [DB] Fetching listings from Supabase... 
Web  LOG  [DB] Fetching products... 
Web  INFO  [2026-09-12T00:11:17.359Z] [INFO] [MarketplaceContext] Saved products are backend-only (no local state)
Web  LOG  [DB] Fetching posts...
Web  LOG  [DB] Fetching stories...
Web  INFO  [2026-09-12T00:11:17.361Z] [INFO] [SocialContext] Social interaction state is in-memory only
Web  INFO  [2026-09-12T00:11:17.361Z] [INFO] [SocialContext] Story interaction state is in-memory only
Web  INFO  [2026-09-12T00:11:17.362Z] [INFO] [SocialContext] User posts are loaded from Supabase posts table
Web  INFO  [2026-09-12T00:11:17.362Z] [INFO] [SocialContext] User stories are loaded from Supabase stories table
Web  INFO  [2026-09-12T00:11:17.363Z] [INFO] [Root] App mounted
Web  INFO  [2026-09-12T00:11:17.391Z] [INFO] [BookingsContext] Hydrated favorites {"length": 0}
Web  INFO  [2026-09-12T00:11:17.391Z] [INFO] [BookingsContext] Hydrated rental submissions {"length": 0}
Web  INFO  [2026-09-12T00:11:17.392Z] [INFO] [MessagingContext] Using default messaging state
Web  INFO  [2026-09-12T00:11:17.392Z] [INFO] [ConnectionsContext] Building connections from Supabase users
Web  INFO  [2026-09-12T00:11:17.433Z] [INFO] [RootLayout] Still loading... {"authLoading": true, "onboardingLoading": false}
Web  INFO  [2026-09-12T00:11:17.859Z] [INFO] [Auth] Auth state changed {"event": "TOKEN_REFRESHED", "hasSession": true}
Web Bundled 95ms node_modules/expo-router/entry.js (1 module)
Web  INFO  %cDownload the React DevTools for a better development experience: https://react.dev/link/react-devtools font-weight:bold
Web  LOG  Running application "main" with appParams:
 {"hydrate": undefined, "rootTag": "#root"} 
Development-level warnings: ON.
Performance optimizations: OFF.
Web  INFO  [2026-09-12T04:00:58.762Z] [INFO] [SocialContext] Built default state for {"length": 0}
Web  WARN  "shadow*" style props are deprecated. Use "boxShadow".
Web  WARN  "textShadow*" style props are deprecated. Use "textShadow".
Web  WARN  [expo-av]: Expo AV has been deprecated and will be removed in SDK 54. Use the `expo-audio` and `expo-video` packages to replace the required functionality.
Web  WARN  Route "./(tabs)/live/room/plan-constants.ts" is missing the required default export. Ensure a React component is exported as default.
Web  WARN  Animated: `useNativeDriver` is not supported because the native animated module is missing. Falling back to JS-based animation. To resolve this, add `RCTAnimation` module to this app, or remove `useNativeDriver`. Make sure to run `bundle exec pod install` first. Read more about autolinking: https://github.com/react-native-community/cli/blob/master/docs/autolinking.md
Web  INFO  [2026-09-12T04:00:58.876Z] [INFO] [RootLayout] Still loading... {"authLoading": true, "onboardingLoading": true}
Web  INFO  [2026-09-12T04:00:58.877Z] [INFO] [BookingsContext] Starting to fetch all listings from Supabase...
Web  LOG  [DB] Fetching listings from Supabase... 
Web  LOG  [DB] Fetching products... 
Web  INFO  [2026-09-12T04:00:58.877Z] [INFO] [MarketplaceContext] Saved products are backend-only (no local state)
Web  LOG  [DB] Fetching posts...
Web  LOG  [DB] Fetching stories...
Web  INFO  [2026-09-12T04:00:58.879Z] [INFO] [SocialContext] Social interaction state is in-memory only
Web  INFO  [2026-09-12T04:00:58.879Z] [INFO] [SocialContext] Story interaction state is in-memory only
Web  INFO  [2026-09-12T04:00:58.879Z] [INFO] [SocialContext] User posts are loaded from Supabase posts table
Web  INFO  [2026-09-12T04:00:58.879Z] [INFO] [SocialContext] User stories are loaded from Supabase stories table
Web  INFO  [2026-09-12T04:00:58.880Z] [INFO] [Root] App mounted
Web  INFO  [2026-09-12T04:00:58.902Z] [INFO] [BookingsContext] Hydrated favorites {"length": 0}
Web  INFO  [2026-09-12T04:00:58.902Z] [INFO] [BookingsContext] Hydrated rental submissions {"length": 0}
Web  INFO  [2026-09-12T04:00:58.903Z] [INFO] [MessagingContext] Using default messaging state
Web  INFO  [2026-09-12T04:00:58.903Z] [INFO] [ConnectionsContext] Building connections from Supabase users
Web  INFO  [2026-09-12T04:00:58.933Z] [INFO] [RootLayout] Still loading... {"authLoading": true, "onboardingLoading": false}
Web  INFO  [2026-09-12T04:00:59.760Z] [INFO] [Auth] Auth state changed {"event": "TOKEN_REFRESHED", "hasSession": true}
Web  INFO  [2026-09-12T04:06:28.090Z] [INFO] [SocialContext] Social interaction state is in-memory only
Web  INFO  [2026-09-12T04:06:28.091Z] [INFO] [SocialContext] Story interaction state is in-memory only
Web  INFO  [2026-09-12T04:06:28.091Z] [INFO] [SocialContext] User posts are loaded from Supabase posts table
Web  INFO  [2026-09-12T04:06:28.091Z] [INFO] [SocialContext] User stories are loaded from Supabase stories table
Web  INFO  [2026-09-12T04:06:28.091Z] [INFO] [MarketplaceContext] Saved products are backend-only (no local state)
Web  INFO  [2026-09-12T04:06:28.092Z] [INFO] [MessagingContext] Using default messaging state
Web  INFO  [2026-09-12T04:06:28.092Z] [INFO] [BookingsContext] Hydrated favorites {"length": 0}
Web  INFO  [2026-09-12T04:06:28.092Z] [INFO] [BookingsContext] Hydrated rental submissions {"length": 0}
Tunnel connection has been closed. This is often related to intermittent connection issues between the dev server and ngrok. Restart the dev server to try connecting to ngrok again.
Check the Ngrok status page for outages: https://status.ngrok.com/
Tunnel connected.
Web Bundled 243ms node_modules/expo-router/entry.js (1 module)
Web  LOG  Running application "main" with appParams:
 {"hydrate": undefined, "rootTag": "#root"} 
Development-level warnings: ON.
Performance optimizations: OFF.
Web  INFO  [2026-09-16T07:11:47.655Z] [INFO] [SocialContext] Built default state for {"length": 0}
Web  WARN  "shadow*" style props are deprecated. Use "boxShadow".
Web  WARN  "textShadow*" style props are deprecated. Use "textShadow".
Web  WARN  [expo-av]: Expo AV has been deprecated and will be removed in SDK 54. Use the `expo-audio` and `expo-video` packages to replace the required functionality.
Web  WARN  Route "./(tabs)/live/room/plan-constants.ts" is missing the required default export. Ensure a React component is exported as default.
Web  INFO  [2026-09-16T07:11:47.722Z] [INFO] [RootLayout] Still loading... {"authLoading": true, "onboardingLoading": true}
Web  INFO  [2026-09-16T07:11:47.723Z] [INFO] [BookingsContext] Starting to fetch all listings from Supabase...
Web  LOG  [DB] Fetching listings from Supabase... 
Web  LOG  [DB] Fetching products... 
Web  INFO  [2026-09-16T07:11:47.724Z] [INFO] [MarketplaceContext] Saved products are backend-only (no local state)
Web  LOG  [DB] Fetching posts...
Web  LOG  [DB] Fetching stories...
Web  INFO  [2026-09-16T07:11:47.726Z] [INFO] [SocialContext] Social interaction state is in-memory only
Web  INFO  [2026-09-16T07:11:47.726Z] [INFO] [SocialContext] Story interaction state is in-memory only
Web  INFO  [2026-09-16T07:11:47.726Z] [INFO] [SocialContext] User posts are loaded from Supabase posts table
Web  INFO  [2026-09-16T07:11:47.726Z] [INFO] [SocialContext] User stories are loaded from Supabase stories table
Web  INFO  [2026-09-16T07:11:47.727Z] [INFO] [Root] App mounted
Web  INFO  [2026-09-16T07:11:47.729Z] [INFO] [BookingsContext] Hydrated favorites {"length": 0}
Web  INFO  [2026-09-16T07:11:47.729Z] [INFO] [BookingsContext] Hydrated rental submissions {"length": 0}
Web  INFO  [2026-09-16T07:11:47.729Z] [INFO] [MessagingContext] Using default messaging state
Web  INFO  [2026-09-16T07:11:47.729Z] [INFO] [ConnectionsContext] Building connections from Supabase users
Web  INFO  [2026-09-16T07:11:47.736Z] [INFO] [RootLayout] Still loading... {"authLoading": true, "onboardingLoading": false}
Web  INFO  [2026-09-16T07:11:48.516Z] [INFO] [Auth] Auth state changed {"event": "TOKEN_REFRESHED", "hasSession": true}
Tunnel connection has been closed. This is often related to intermittent connection issues between the dev server and ngrok. Restart the dev server to try connecting to ngrok again.
Check the Ngrok status page for outages: https://status.ngrok.com/
Tunnel connected.
Tunnel connection has been closed. This is often related to intermittent connection issues between the dev server and ngrok. Restart the dev server to try connecting to ngrok again.
Check the Ngrok status page for outages: https://status.ngrok.com/
